"","date_yearmon","Site","ActivityStartDate","Ammonia","Chlorophyll a, corrected for pheophytin","Kjeldahl nitrogen","Nitrate + Nitrite","Orthophosphate","pH","Specific conductance","Temperature, water","Total dissolved solids","Total Nitrogen, mixed forms","Total Phosphorus, mixed forms","Turbidity","Weight"
"1",Jun 2008,"Clark Fork River above Flathead",2008-06-19,15,NA,250,41.5,NA,8.165,124.1,14.45,65800,NA,46,22.25,NA
"2",Jul 2008,"Clark Fork River above Flathead",2008-07-17,10,NA,150,15,NA,8.48666666666667,173.433333333333,20.7666666666667,91966.6666666667,NA,14,3.85333333333333,NA
"3",Aug 2008,"Clark Fork River above Flathead",2008-08-22,10,NA,133.333333333333,16,NA,NA,NA,NA,NA,NA,8.5,NA,NA
"4",Sep 2008,"Clark Fork River above Flathead",2008-09-18,NA,NA,200,14,NA,8.865,237,16.45,126000,NA,9.5,1.77,NA
"5",Jun 2009,"Clark Fork River above Flathead",2009-06-25,18.55,NA,NA,31.78,9.39,8.07,146.4,19.2,77900,NA,24.04,11.4,NA
"6",Jul 2009,"Clark Fork River above Flathead",2009-07-16,9.25,NA,NA,5.83,3.88,8.29,195.6,22.1,103933.333333333,136,10.6866666666667,2.61666666666667,NA
"7",Aug 2009,"Clark Fork River above Flathead",2009-08-20,5.888,NA,NA,7.4625,3.4775,NA,NA,NA,NA,NA,NA,NA,NA
"8",Sep 2009,"Clark Fork River above Flathead",2009-09-11,11.9625,NA,NA,6.725,3.15,NA,NA,NA,NA,NA,NA,NA,NA
"9",Jun 2010,"Clark Fork River above Flathead",2010-06-24,58.4,NA,NA,42.5,12.7,7.83,143.3,18.9,76100,241,37.1,12.9,NA
"10",Jul 2010,"Clark Fork River above Flathead",2010-07-15,9.03333333333333,NA,NA,7.76666666666667,4.76666666666667,8.22,193.233333333333,21.0333333333333,102566.666666667,206,10.9333333333333,1.92,NA
"11",Aug 2010,"Clark Fork River above Flathead",2010-08-14,6.15,NA,NA,8,3.55,NA,NA,NA,NA,166.5,10.675,NA,NA
"12",Sep 2010,"Clark Fork River above Flathead",2010-09-09,9.4,NA,NA,9.16666666666667,3.2,8.54,243.333333333333,16.3,129333.333333333,157.666666666667,9.8,1.73666666666667,NA
"13",Jun 2011,"Clark Fork River above Flathead",2011-06-26,14.6,NA,NA,30.15,12.6,7.97,159.45,13.35,103400,NA,74,45,NA
"14",Jul 2011,"Clark Fork River above Flathead",2011-07-21,9.83333333333333,NA,NA,21.5666666666667,7.6,8.20666666666667,144.8,16.6,94066.6666666667,144,22.8,9.15333333333333,NA
"15",Aug 2011,"Clark Fork River above Flathead",2011-08-18,9.9,NA,NA,5.25,4.525,8.46333333333333,196.366666666667,18.5666666666667,127633.333333333,118.615,15.3,1.12666666666667,NA
"16",Sep 2011,"Clark Fork River above Flathead",2011-09-18,6.35,NA,NA,24.35,4.5,8.505,223.5,14.95,145250,149,8.05,1.29,NA
"17",Jun 2012,"Clark Fork River above Flathead",2012-06-24,7.025,NA,NA,13.875,7.045,8.28,110.95,14.35,72150,178.625,16.25,5.595,NA
"18",Jul 2012,"Clark Fork River above Flathead",2012-07-19,11.9466666666667,NA,NA,9.34333333333333,3.24,8.32666666666667,174.533333333333,19.8333333333333,113533.333333333,169.793333333333,9.47,1.65666666666667,NA
"19",Aug 2012,"Clark Fork River above Flathead",2012-08-16,7.66333333333333,NA,NA,10.085,4.16666666666667,NA,NA,NA,NA,165.765,8.2,NA,NA
"20",Sep 2012,"Clark Fork River above Flathead",2012-09-09,6.07,NA,NA,10.585,1.75,8.55,211,15.25,137500,196.455,7.78,1.235,NA
"21",Jul 2013,"Clark Fork River above Flathead",2013-07-22,NA,NA,NA,11.6066666666667,3.88333333333333,8.45333333333333,211.666666666667,20.8,137566.666666667,154.586666666667,8.86666666666667,1.08333333333333,NA
"22",Aug 2013,"Clark Fork River above Flathead",2013-08-26,8.73,NA,NA,10.405,3.53,8.445,227,19.5,147550,151.32,9.04,1.015,NA
"23",Sep 2013,"Clark Fork River above Flathead",2013-09-19,11.23,NA,NA,8.93,2.73,8.43,248.7,16.3,161800,152.4,12.48,1.48,NA
"24",Jul 2014,"Clark Fork River above Flathead",2014-07-10,9.4,NA,NA,11.2,5.3,7.93,153.35,18.5,99450,159,13.95,3.7,NA
"25",Aug 2014,"Clark Fork River above Flathead",2014-08-20,13.4,NA,NA,8.73333333333333,3.36666666666667,NA,NA,NA,NA,178.666666666667,9.73333333333333,NA,NA
"26",Sep 2014,"Clark Fork River above Flathead",2014-09-18,10.8,NA,NA,7.7,4.1,8.06,280.7,15.5,182600,144.5,8.05,1.54,NA
"27",Jul 2015,"Clark Fork River above Flathead",2015-07-09,5.3,NA,NA,7.65,2.2,8.58,182.2,20.55,118600,168.5,10.55,0.9,NA
"28",Aug 2015,"Clark Fork River above Flathead",2015-08-11,9.2,NA,NA,5.45,NA,8.525,211.55,18.5,137500,187,10.05,1.04,NA
"29",Sep 2015,"Clark Fork River above Flathead",2015-09-16,6.1,NA,NA,6.05,NA,NA,NA,NA,NA,186.666666666667,12.0333333333333,NA,NA
"30",Jul 2016,"Clark Fork River above Flathead",2016-07-18,21.1,NA,NA,9.6,1.2,8.345,192.05,18.8,124800,133.5,8.7,0.86,NA
"31",Aug 2016,"Clark Fork River above Flathead",2016-08-18,13.75,NA,NA,6.55,0.85,8.365,217,17,141050,152.5,9.6,1.08,NA
"32",Sep 2016,"Clark Fork River above Flathead",2016-09-17,27.6,NA,NA,8,1.025,NA,NA,NA,NA,190.333333333333,11.2333333333333,NA,NA
"33",Jul 2017,"Clark Fork River above Flathead",2017-07-19,19.1,NA,NA,19.45,1.55,8.14,209.3,20.1,135800,136.5,9,1.08,NA
"34",Aug 2017,"Clark Fork River above Flathead",2017-08-12,22.05,NA,NA,27.75,1.6,8.305,222.75,19,144600,182.5,7.9,0.9165,NA
"35",Sep 2017,"Clark Fork River above Flathead",2017-09-14,18.5,NA,NA,21.8,NA,NA,NA,NA,NA,182.5,9.65,NA,NA
"36",Jul 2018,"Clark Fork River above Flathead",2018-07-20,9.63333333333333,NA,NA,11.4,3.1,NA,NA,NA,NA,133.5,12.55,NA,NA
"37",Aug 2018,"Clark Fork River above Flathead",2018-08-17,11.75,NA,NA,24.3333333333333,NA,NA,NA,NA,NA,164.333333333333,10.3666666666667,NA,NA
"38",Sep 2018,"Clark Fork River above Flathead",2018-09-12,25.6,NA,NA,19.05,1,8.215,257.4,13.75,167400,153.5,8.95,1.205,NA
"39",Jul 2019,"Clark Fork River above Flathead",2019-07-10,20,NA,NA,13.5,23.5,8.45,208.55,17.4,135525,115,9,2.13,NA
"40",Aug 2019,"Clark Fork River above Flathead",2019-08-11,25,NA,NA,11.6666666666667,16.6666666666667,NA,NA,NA,NA,136.666666666667,8,NA,NA
"41",Sep 2019,"Clark Fork River above Flathead",2019-09-17,14.85,NA,NA,8,10.5,8.46,265.6,15.2,172950,120,10,5.19,NA
"42",Jul 2020,"Clark Fork River above Flathead",2020-07-22,NA,NA,NA,5,1,8.075,200.05,19.2,NA,90,9,3.375,NA
"43",Aug 2020,"Clark Fork River above Flathead",2020-08-11,NA,NA,NA,8,3,NA,NA,NA,NA,120,6,NA,NA
"44",Sep 2020,"Clark Fork River above Flathead",2020-09-13,20,NA,NA,10.75,4,NA,NA,NA,NA,100,6.25,NA,NA
"45",Jul 2021,"Clark Fork River above Flathead",2021-07-21,20,NA,NA,23.6666666666667,25,NA,NA,NA,NA,193.333333333333,33.6666666666667,NA,NA
"46",Aug 2021,"Clark Fork River above Flathead",2021-08-24,20,NA,NA,6,NA,NA,NA,NA,NA,130,8,NA,NA
"47",Sep 2021,"Clark Fork River above Flathead",2021-09-13,20,NA,NA,10,NA,NA,NA,NA,NA,115,10.5,NA,NA
"48",Oct 2021,"Clark Fork River above Flathead",2021-10-08,10,NA,NA,8,NA,NA,NA,NA,NA,110,11,NA,NA
"49",Jul 2022,"Clark Fork River above Flathead",2022-07-14,NA,NA,NA,7,2,7.95,169.7,18.4,NA,150,6,3.98,NA
"50",Aug 2022,"Clark Fork River above Flathead",2022-08-15,20,NA,NA,NA,18.5,8.19666666666667,227.133333333333,19.7333333333333,NA,NA,29.3333333333333,0.96,NA
"51",Sep 2022,"Clark Fork River above Flathead",2022-09-21,NA,NA,NA,11,1,8.24,255,15.05,NA,250,26,1.835,NA
"52",Jun 2008,"Clark Fork River above Little Blackfoot",2008-06-18,30,NA,500,110.5,NA,8.305,260.05,13.15,138250,NA,126,18.4,NA
"53",Jul 2008,"Clark Fork River above Little Blackfoot",2008-07-14,16.6666666666667,NA,325,3,NA,NA,NA,NA,NA,NA,60.25,NA,NA
"54",Aug 2008,"Clark Fork River above Little Blackfoot",2008-08-20,10,NA,200,6,NA,8.38666666666667,471.333333333333,16.3,250666.666666667,NA,21,1.64333333333333,NA
"55",Sep 2008,"Clark Fork River above Little Blackfoot",2008-09-17,10,NA,250,41,NA,8.965,471,12.35,250500,NA,33.5,3.18,NA
"56",Jun 2009,"Clark Fork River above Little Blackfoot",2009-06-24,16.54,NA,NA,53.83,39.01,8.36,282,15.9,149900,NA,86.33,11.5,NA
"57",Jul 2009,"Clark Fork River above Little Blackfoot",2009-07-09,5.3,NA,NA,11.1025,21.296,NA,NA,NA,NA,NA,NA,NA,NA
"58",Aug 2009,"Clark Fork River above Little Blackfoot",2009-08-14,7.57333333333333,NA,NA,14.3066666666667,15.94,8.60333333333333,429.333333333333,19.3666666666667,228000,262,35.7366666666667,2.81,NA
"59",Sep 2009,"Clark Fork River above Little Blackfoot",2009-09-09,8.43,NA,NA,6.05,8.94666666666667,8.35,446.666666666667,17.7333333333333,237333.333333333,233.666666666667,20.8066666666667,2.32666666666667,NA
"60",Jun 2010,"Clark Fork River above Little Blackfoot",2010-06-23,25.4,NA,NA,119.1,47.9,7.93,298,15.9,154800,497,116.5,19.8,NA
"61",Jul 2010,"Clark Fork River above Little Blackfoot",2010-07-14,12.75,NA,NA,17.975,25.9,8.08,326.333333333333,19.2666666666667,175266.666666667,306,53.775,4.55666666666667,NA
"62",Aug 2010,"Clark Fork River above Little Blackfoot",2010-08-11,8.8,NA,NA,14.6,37.6333333333333,8.26666666666667,401,20.1333333333333,213000,363.333333333333,88.5333333333333,22.74,NA
"63",Sep 2010,"Clark Fork River above Little Blackfoot",2010-09-08,10.3,NA,NA,33.5666666666667,18.1333333333333,8.44333333333333,426.333333333333,14.5333333333333,226333.333333333,281,37.6333333333333,3.78666666666667,NA
"64",Jun 2011,"Clark Fork River above Little Blackfoot",2011-06-27,15.2,NA,NA,32.9,34.4333333333333,NA,NA,NA,NA,NA,86.5,NA,NA
"65",Jul 2011,"Clark Fork River above Little Blackfoot",2011-07-20,12.6333333333333,NA,NA,38.4666666666667,27.5,8.25,263.533333333333,15.5,171366.666666667,296,75.8333333333333,12.1433333333333,NA
"66",Aug 2011,"Clark Fork River above Little Blackfoot",2011-08-17,14.3,NA,NA,65.8,31.5,8.44666666666667,332.566666666667,16.9,216233.333333333,305,51.5666666666667,3.38666666666667,NA
"67",Sep 2011,"Clark Fork River above Little Blackfoot",2011-09-17,12.7,NA,NA,56.4,15.65,8.565,383.05,11.8,248950,304.5,32.3,2.82,NA
"68",Jun 2012,"Clark Fork River above Little Blackfoot",2012-06-23,10.24,NA,NA,25.27,24.455,8.435,281.7,14.25,182950,330.82,46.315,5.73,NA
"69",Jul 2012,"Clark Fork River above Little Blackfoot",2012-07-15,8.8675,NA,NA,1.78,19.3825,NA,NA,NA,NA,290.65,48.0775,NA,NA
"70",Aug 2012,"Clark Fork River above Little Blackfoot",2012-08-17,9.4,NA,NA,NA,10.0666666666667,NA,NA,NA,NA,290.226666666667,28.73,NA,NA
"71",Sep 2012,"Clark Fork River above Little Blackfoot",2012-09-08,NA,NA,NA,NA,3.5,8.465,438.15,11.75,284700,270.37,22.42,2.275,NA
"72",Jul 2013,"Clark Fork River above Little Blackfoot",2013-07-17,18.94,NA,NA,1.505,18.715,8.47,453.95,18.65,295100,281.795,31.4,1.31,NA
"73",Aug 2013,"Clark Fork River above Little Blackfoot",2013-08-10,7.52666666666667,NA,NA,1.37333333333333,16.3366666666667,NA,NA,NA,NA,269.29,27.5233333333333,NA,NA
"74",Sep 2013,"Clark Fork River above Little Blackfoot",2013-09-11,9.04,NA,NA,9.025,16.175,8.265,499.15,14.9,324350,271.77,29.835,2.085,NA
"75",Jul 2014,"Clark Fork River above Little Blackfoot",2014-07-09,9.2,NA,NA,25.2,27.4,8.325,344.7,18,224250,356,57.6,6.215,NA
"76",Aug 2014,"Clark Fork River above Little Blackfoot",2014-08-09,12.25,NA,NA,1.65,17.6333333333333,NA,NA,NA,NA,263.333333333333,31.4,NA,NA
"77",Sep 2014,"Clark Fork River above Little Blackfoot",2014-09-10,7.8,NA,NA,NA,9.45,8.465,464.65,13,301900,301.5,29.65,3.205,NA
"78",Jul 2015,"Clark Fork River above Little Blackfoot",2015-07-08,8.7,NA,NA,1.65,10.85,8.225,377.7,17.35,245700,317.5,31.35,1.885,NA
"79",Aug 2015,"Clark Fork River above Little Blackfoot",2015-08-08,14.675,NA,NA,5.925,6.93333333333333,NA,NA,NA,NA,212.5,24.0333333333333,NA,NA
"80",Sep 2015,"Clark Fork River above Little Blackfoot",2015-09-16,13.9,NA,NA,26.65,5.5,8.2,482.45,11.5,313650,366,31.6,3.71,NA
"81",Jul 2016,"Clark Fork River above Little Blackfoot",2016-07-13,21.9,NA,NA,1.25,23.1,8.15,438.3,15.55,284700,285,43.25,1.37,NA
"82",Aug 2016,"Clark Fork River above Little Blackfoot",2016-08-13,10.075,NA,NA,1.76666666666667,10.4333333333333,NA,NA,NA,NA,279.666666666667,30.1666666666667,NA,NA
"83",Sep 2016,"Clark Fork River above Little Blackfoot",2016-09-14,24.15,NA,NA,34.9,7.45,8.24,489.15,11.2,317800,293.5,22.7,1.21,NA
"84",Jul 2017,"Clark Fork River above Little Blackfoot",2017-07-17,13.5,NA,NA,2.5,15.1,8.235,398.05,19,258700,284.5,35.85,2.15,NA
"85",Aug 2017,"Clark Fork River above Little Blackfoot",2017-08-12,12.5333333333333,NA,NA,74.35,4.55,NA,NA,NA,NA,321,17.4,NA,NA
"86",Sep 2017,"Clark Fork River above Little Blackfoot",2017-09-12,13.7,NA,NA,180.8,10.9,8.23,487.1,10.9,316600,523,35,2.665,NA
"87",Jul 2018,"Clark Fork River above Little Blackfoot",2018-07-17,11.5,NA,NA,25.55,20.35,8.28,347.4,18.65,225900,324,53.25,4.94,NA
"88",Aug 2018,"Clark Fork River above Little Blackfoot",2018-08-16,19.4,NA,NA,65.8666666666667,7.63333333333333,NA,NA,NA,NA,337.333333333333,28.0666666666667,NA,NA
"89",Sep 2018,"Clark Fork River above Little Blackfoot",2018-09-11,24.9,NA,NA,89.3,7.9,8.285,450.85,12.9,293150,368,31.9,3.48,NA
"90",Jul 2019,"Clark Fork River above Little Blackfoot",2019-07-09,13.7,NA,NA,NA,46,8.735,378.15,19.4,245705,230,53,4.03,NA
"91",Aug 2019,"Clark Fork River above Little Blackfoot",2019-08-13,30,NA,NA,74,30,8.65,443.9,19.7,288280,310,37.5,2.6,NA
"92",Sep 2019,"Clark Fork River above Little Blackfoot",2019-09-19,16.6666666666667,NA,NA,102,23.3333333333333,NA,NA,NA,NA,340,94.6666666666667,NA,NA
"93",Jul 2020,"Clark Fork River above Little Blackfoot",2020-07-22,NA,NA,NA,NA,9,NA,NA,NA,NA,180,26,NA,NA
"94",Aug 2020,"Clark Fork River above Little Blackfoot",2020-08-12,NA,NA,NA,17,11.5,NA,NA,NA,NA,240,20,NA,NA
"95",Sep 2020,"Clark Fork River above Little Blackfoot",2020-09-16,20,NA,NA,36,13.6666666666667,NA,NA,NA,NA,250,22.3333333333333,NA,NA
"96",Jul 2021,"Clark Fork River above Little Blackfoot",2021-07-23,25,NA,NA,2,4.66666666666667,NA,NA,NA,NA,260,34.3333333333333,NA,NA
"97",Aug 2021,"Clark Fork River above Little Blackfoot",2021-08-25,30,NA,NA,4,3,NA,NA,NA,NA,260,30,NA,NA
"98",Sep 2021,"Clark Fork River above Little Blackfoot",2021-09-11,20,NA,NA,34,2,NA,NA,NA,NA,225,15.5,NA,NA
"99",Oct 2021,"Clark Fork River above Little Blackfoot",2021-10-08,10,NA,NA,16,1,NA,NA,NA,NA,200,7.5,NA,NA
"100",Jul 2022,"Clark Fork River above Little Blackfoot",2022-07-22,30,NA,NA,NA,21,8.43,436.1,21.2,NA,NA,50,3.125,NA
"101",Aug 2022,"Clark Fork River above Little Blackfoot",2022-08-19,15,NA,NA,6,7,8.585,466.15,21,NA,205,34,1.695,NA
"102",Sep 2022,"Clark Fork River above Little Blackfoot",2022-09-18,NA,NA,NA,NA,1.3,NA,NA,NA,NA,233.333333333333,12.6666666666667,NA,NA
"103",Jun 2008,"Clark Fork River above Missoula",2008-06-15,23.3333333333333,NA,333.333333333333,35.6666666666667,NA,NA,NA,NA,NA,NA,67,NA,NA
"104",Jul 2008,"Clark Fork River above Missoula",2008-07-16,20,NA,200,5.66666666666667,NA,8.47666666666667,230.666666666667,17.3333333333333,122633.333333333,NA,24.3333333333333,4.60333333333333,NA
"105",Aug 2008,"Clark Fork River above Missoula",2008-08-20,15,NA,133.333333333333,8.33333333333333,NA,8.27333333333333,276,16.2,146300,NA,9.66666666666667,1.63666666666667,NA
"106",Sep 2008,"Clark Fork River above Missoula",2008-09-17,10,NA,NA,8.5,NA,8.35,305,12.15,161750,NA,11,2.745,NA
"107",Jun 2009,"Clark Fork River above Missoula",2009-06-24,10.6133333333333,NA,NA,7.90666666666667,15.355,7.93,205,14.1,109000,NA,37.065,10.9,NA
"108",Jul 2009,"Clark Fork River above Missoula",2009-07-15,10.79,NA,NA,3.94333333333333,10.0466666666667,7.8,244.666666666667,16.2333333333333,130033.333333333,199.333333333333,23.0233333333333,5.02333333333333,NA
"109",Aug 2009,"Clark Fork River above Missoula",2009-08-17,7.4225,NA,NA,6.52,5.38,NA,NA,NA,NA,NA,NA,NA,NA
"110",Sep 2009,"Clark Fork River above Missoula",2009-09-09,10.395,NA,NA,3.896,3.465,7.85333333333333,301.666666666667,15.6666666666667,160066.666666667,161.666666666667,10.6633333333333,1.79333333333333,NA
"111",Jun 2010,"Clark Fork River above Missoula",2010-06-23,23.85,NA,NA,31.5,18.2,7.14,199.2,14.9,105700,299,61.85,17.9,NA
"112",Jul 2010,"Clark Fork River above Missoula",2010-07-14,9.35,NA,NA,4.9,10,7.52,247,17.4,131400,164,19.4666666666667,2.81666666666667,NA
"113",Aug 2010,"Clark Fork River above Missoula",2010-08-12,9.93333333333333,NA,NA,3.53333333333333,6.56666666666667,NA,NA,NA,NA,189,17.6,NA,NA
"114",Sep 2010,"Clark Fork River above Missoula",2010-09-08,6.05,NA,NA,2.46666666666667,3.83333333333333,7.72333333333333,304,13.2666666666667,162333.333333333,161.666666666667,12.1,2.28,NA
"115",Jun 2011,"Clark Fork River above Missoula",2011-06-23,32.4,NA,NA,26.9,17.3,NA,NA,NA,NA,NA,85.2333333333333,NA,NA
"116",Jul 2011,"Clark Fork River above Missoula",2011-07-19,11.75,NA,NA,11.3333333333333,11.7,8.25666666666667,205.866666666667,15.5,134300,185,33.5,7.88666666666667,NA
"117",Aug 2011,"Clark Fork River above Missoula",2011-08-18,9.53333333333333,NA,NA,4.64,10.9666666666667,NA,NA,NA,NA,130.333333333333,18.1,NA,NA
"118",Sep 2011,"Clark Fork River above Missoula",2011-09-17,8.8,NA,NA,2.9,6.8,8.36,277,12.1,180000,146,13.5,2.06,NA
"119",Jun 2012,"Clark Fork River above Missoula",2012-06-22,12.9066666666667,NA,NA,5.85333333333333,9.53666666666667,NA,NA,NA,NA,204.683333333333,23.9833333333333,NA,NA
"120",Jul 2012,"Clark Fork River above Missoula",2012-07-18,12.16,NA,NA,2.71,3.47,8.17666666666667,231.4,17.2333333333333,150566.666666667,149.486666666667,11.0366666666667,1.49,NA
"121",Aug 2012,"Clark Fork River above Missoula",2012-08-18,9.13333333333333,NA,NA,3.61,3.75666666666667,NA,NA,NA,NA,165.076666666667,12.74,NA,NA
"122",Sep 2012,"Clark Fork River above Missoula",2012-09-08,7.03,NA,NA,2.2,1.72,8.345,280.9,11.75,182650,159.635,8.9,1.415,NA
"123",Jul 2013,"Clark Fork River above Missoula",2013-07-17,15.095,NA,NA,2.21,3.57,8.22,252,17.8,163750,163.265,9.13,3.1,NA
"124",Aug 2013,"Clark Fork River above Missoula",2013-08-14,12.99,NA,NA,2.025,3.33,8.205,275.75,16.4,179450,155.005,11.65,2.225,NA
"125",Sep 2013,"Clark Fork River above Missoula",2013-09-09,10.8233333333333,NA,NA,0.968,3.71,NA,NA,NA,NA,NA,10.41,NA,NA
"126",Jul 2014,"Clark Fork River above Missoula",2014-07-05,8,NA,NA,3.76666666666667,9.06666666666667,NA,NA,NA,NA,142,22.4333333333333,NA,NA
"127",Aug 2014,"Clark Fork River above Missoula",2014-08-13,12.65,NA,NA,1.9,4.3,7.91,301.15,17.4,195950,151.5,11.55,1.55,NA
"128",Sep 2014,"Clark Fork River above Missoula",2014-09-10,10.8,NA,NA,1.85,5.3,7.74,338.45,13.4,220050,189.5,15.7,2.595,NA
"129",Jul 2015,"Clark Fork River above Missoula",2015-07-04,10.475,NA,NA,1.7,1.6,NA,NA,NA,NA,171.666666666667,10.9,NA,NA
"130",Aug 2015,"Clark Fork River above Missoula",2015-08-12,17.25,NA,NA,2.6,1.8,7.985,286,16.5,185900,265,15.7,3.005,NA
"131",Sep 2015,"Clark Fork River above Missoula",2015-09-16,7.15,NA,NA,NA,1.7,8.13,303.3,12.65,196900,232,20.3,4.785,NA
"132",Jul 2016,"Clark Fork River above Missoula",2016-07-09,NA,NA,NA,1.1,0.8,NA,NA,NA,NA,140.5,9.53333333333333,NA,NA
"133",Aug 2016,"Clark Fork River above Missoula",2016-08-17,19.8,NA,NA,10.95,1.25,8.245,264.65,16.05,171900,321,50.7,45.635,NA
"134",Sep 2016,"Clark Fork River above Missoula",2016-09-14,18.9,NA,NA,1.75,1.1,8.5,291.65,12.15,189800,139,13.2,3.295,NA
"135",Jul 2017,"Clark Fork River above Missoula",2017-07-15,14.9,NA,NA,2,4.2,NA,NA,NA,NA,169,15.15,NA,NA
"136",Aug 2017,"Clark Fork River above Missoula",2017-08-15,11.6,NA,NA,2.05,2,8.455,267.3,16.75,173850,180,10.85,1.62,NA
"137",Sep 2017,"Clark Fork River above Missoula",2017-09-12,9.6,NA,NA,3.95,1.9,8.32,306.15,12.4,198900,210.5,14,2.64,NA
"138",Jul 2018,"Clark Fork River above Missoula",2018-07-13,22,NA,NA,3.175,7.675,NA,NA,NA,NA,173,29.0666666666667,NA,NA
"139",Aug 2018,"Clark Fork River above Missoula",2018-08-12,11.8,NA,NA,3.9,3.3,8.375,283.15,17.05,183950,138.5,15.45,1.505,NA
"140",Sep 2018,"Clark Fork River above Missoula",2018-09-11,22.55,NA,NA,41.8,1.4,8.465,309.7,14.4,201200,153.5,12.35,2.65,NA
"141",Jul 2019,"Clark Fork River above Missoula",2019-07-09,15,NA,NA,5,24.5,8.58,277.3,17.4,180375,125,29.5,5.13,NA
"142",Aug 2019,"Clark Fork River above Missoula",2019-08-14,20,NA,NA,NA,14,8.52,303.85,18.05,197655,130,14,2.195,NA
"143",Sep 2019,"Clark Fork River above Missoula",2019-09-16,15,NA,NA,16,17,8.285,329.35,13.45,214175,175,46.5,12.11,NA
"144",Jul 2020,"Clark Fork River above Missoula",2020-07-22,NA,39.0981481481481,NA,NA,6,NA,NA,NA,NA,110,17,NA,68.2325925925926
"145",Aug 2020,"Clark Fork River above Missoula",2020-08-12,7,NA,NA,3,4.5,NA,NA,NA,NA,200,16,NA,NA
"146",Sep 2020,"Clark Fork River above Missoula",2020-09-16,20,NA,NA,3,5.66666666666667,NA,NA,NA,NA,125,12,NA,NA
"147",Jul 2021,"Clark Fork River above Missoula",2021-07-23,20,NA,NA,NA,1,NA,NA,NA,NA,105,14.5,NA,NA
"148",Aug 2021,"Clark Fork River above Missoula",2021-08-25,20,NA,NA,NA,NA,NA,NA,NA,NA,120,15,NA,NA
"149",Sep 2021,"Clark Fork River above Missoula",2021-09-15,10,NA,NA,NA,NA,NA,NA,NA,NA,115,10.5,NA,NA
"150",Oct 2021,"Clark Fork River above Missoula",2021-10-08,10,NA,NA,NA,1,NA,NA,NA,NA,130,15,NA,NA
"151",Jul 2022,"Clark Fork River above Missoula",2022-07-23,30,NA,NA,21,19.5,8.315,251.45,20.5,NA,125,42,5.92,NA
"152",Aug 2022,"Clark Fork River above Missoula",2022-08-18,16.6666666666667,NA,NA,3,2,NA,NA,NA,NA,126.666666666667,12.3333333333333,NA,NA
"153",Sep 2022,"Clark Fork River above Missoula",2022-09-20,NA,NA,NA,NA,NA,8.365,319.15,14.9,NA,115,8,3.73,NA
"154",Jun 2008,"Clark Fork River at Bonita",2008-06-20,20,NA,433.333333333333,47.3333333333333,NA,NA,NA,NA,NA,NA,95.3333333333333,NA,NA
"155",Jul 2008,"Clark Fork River at Bonita",2008-07-16,20,NA,233.333333333333,4.33333333333333,NA,8.55333333333333,387.666666666667,18.7,206033.333333333,NA,48,4.40666666666667,NA
"156",Aug 2008,"Clark Fork River at Bonita",2008-08-20,NA,NA,200,7.33333333333333,NA,8.62666666666667,491,16.7666666666667,260666.666666667,NA,15,3.26333333333333,NA
"157",Sep 2008,"Clark Fork River at Bonita",2008-09-17,10,NA,200,5,NA,8.66,470,13.05,249500,NA,38,5.465,NA
"158",Jun 2009,"Clark Fork River at Bonita",2009-06-24,7.85,NA,NA,28.01,31.9,8.35,305,15.9,162200,NA,86.96,14.9,NA
"159",Jul 2009,"Clark Fork River at Bonita",2009-07-09,9.45666666666667,NA,NA,3.2925,20.13,NA,NA,NA,NA,NA,NA,NA,NA
"160",Aug 2009,"Clark Fork River at Bonita",2009-08-14,7.59,NA,NA,9.03,11.2133333333333,8.46,430.333333333333,18.9,228666.666666667,261,36.3966666666667,5.64333333333333,NA
"161",Sep 2009,"Clark Fork River at Bonita",2009-09-09,11.0633333333333,NA,NA,7.98333333333333,10.1066666666667,8.37333333333333,472.666666666667,16.7666666666667,251000,246,24.04,3.64,NA
"162",Jun 2010,"Clark Fork River at Bonita",2010-06-23,20.2,NA,NA,62.3,34.8,7.76,278,15.9,148000,424,112.1,29.9,NA
"163",Jul 2010,"Clark Fork River at Bonita",2010-07-11,9.6,NA,NA,7.575,22.2,NA,NA,NA,NA,NA,NA,NA,NA
"164",Aug 2010,"Clark Fork River at Bonita",2010-08-11,7.65,NA,NA,3.96666666666667,20.6,8.07333333333333,436,19.7333333333333,231333.333333333,217.666666666667,36.3,2.79,NA
"165",Sep 2010,"Clark Fork River at Bonita",2010-09-08,6,NA,NA,2.9,11.8,8.20666666666667,455.666666666667,14.3,245000,234,29.2,3.66666666666667,NA
"166",Jun 2011,"Clark Fork River at Bonita",2011-06-27,20.6333333333333,NA,NA,19.3,34.2,NA,NA,NA,NA,NA,97.4333333333333,NA,NA
"167",Jul 2011,"Clark Fork River at Bonita",2011-07-20,10.3333333333333,NA,NA,17.8666666666667,25.0666666666667,8.26,299.7,16.7,194766.666666667,279.333333333333,68.5333333333333,12.3466666666667,NA
"168",Aug 2011,"Clark Fork River at Bonita",2011-08-17,8.1,NA,NA,5.23333333333333,23.3,8.35666666666667,373.133333333333,17.1,242666.666666667,182.333333333333,39.6,2.81666666666667,NA
"169",Sep 2011,"Clark Fork River at Bonita",2011-09-17,6.2,NA,NA,3.55,19.4,8.43,426.6,13.05,277250,235.5,41.35,3.77,NA
"170",Jun 2012,"Clark Fork River at Bonita",2012-06-24,10.02,NA,NA,3.02666666666667,23.54,NA,NA,NA,NA,277.76,41.6233333333333,NA,NA
"171",Jul 2012,"Clark Fork River at Bonita",2012-07-18,7.77666666666667,NA,NA,2.77,3.77333333333333,8.42,408.6,19.2666666666667,265666.666666667,253.406666666667,13.0366666666667,1.72,NA
"172",Aug 2012,"Clark Fork River at Bonita",2012-08-17,9.76,NA,NA,9.53,5.86666666666667,NA,NA,NA,NA,312.55,22.8266666666667,NA,NA
"173",Sep 2012,"Clark Fork River at Bonita",2012-09-08,NA,NA,NA,1.99,2.47,8.335,473.75,12.95,308100,188.365,11.925,1.49,NA
"174",Jul 2013,"Clark Fork River at Bonita",2013-07-20,18.0766666666667,NA,NA,11.175,5.56,NA,NA,NA,NA,310.273333333333,15.42,NA,NA
"175",Aug 2013,"Clark Fork River at Bonita",2013-08-14,10.305,NA,NA,2.36,6.63,8.315,507.5,17.55,329900,213.695,14.075,2.455,NA
"176",Sep 2013,"Clark Fork River at Bonita",2013-09-11,11.295,NA,NA,1.225,7.01,8.28,520,15.75,338000,236.165,28.765,7.23,NA
"177",Jul 2014,"Clark Fork River at Bonita",2014-07-12,NA,NA,NA,4.56666666666667,23.3666666666667,NA,NA,NA,NA,246.333333333333,46.2333333333333,NA,NA
"178",Aug 2014,"Clark Fork River at Bonita",2014-08-13,17.65,NA,NA,4.55,17.25,8.25,533,18.65,346450,230.5,33.5,3.135,NA
"179",Sep 2014,"Clark Fork River at Bonita",2014-09-10,8.9,NA,NA,2.7,11.85,8.255,504.05,14.15,327600,243,29.75,4.295,NA
"180",Jul 2015,"Clark Fork River at Bonita",2015-07-11,7.55,NA,NA,2.33333333333333,2.45,NA,NA,NA,NA,245.333333333333,10,NA,NA
"181",Aug 2015,"Clark Fork River at Bonita",2015-08-12,13.15,NA,NA,2.85,1.9,8.215,504.25,16.25,327600,261,21.15,4.165,NA
"182",Sep 2015,"Clark Fork River at Bonita",2015-09-16,14.4,NA,NA,1.7,5.05,8.355,479.75,13,311700,353.5,37,7.275,NA
"183",Jul 2016,"Clark Fork River at Bonita",2016-07-16,8.03333333333333,NA,NA,1.63333333333333,1.23333333333333,NA,NA,NA,NA,211.666666666667,8.8,NA,NA
"184",Aug 2016,"Clark Fork River at Bonita",2016-08-17,40.65,NA,NA,31.75,5.7,8.3,490.3,16,318800,541.5,76.45,34.135,NA
"185",Sep 2016,"Clark Fork River at Bonita",2016-09-14,19.1,NA,NA,2.3,7.75,8.52,496.95,13,323050,288,47.75,9.525,NA
"186",Jul 2017,"Clark Fork River at Bonita",2017-07-19,17.45,NA,NA,4.7,12.65,NA,NA,NA,NA,225,33.05,NA,NA
"187",Aug 2017,"Clark Fork River at Bonita",2017-08-15,15.2,NA,NA,6.95,1.95,8.305,507.45,17.85,329850,272.5,14.7,1.64,NA
"188",Sep 2017,"Clark Fork River at Bonita",2017-09-12,11.4,NA,NA,10.95,6.75,8.225,506.3,12.9,329200,334.5,32.8,5.275,NA
"189",Jul 2018,"Clark Fork River at Bonita",2018-07-20,15.4,NA,NA,5.525,17.5333333333333,NA,NA,NA,NA,241.333333333333,46.1333333333333,NA,NA
"190",Aug 2018,"Clark Fork River at Bonita",2018-08-12,8.9,NA,NA,4.7,11.8,8.385,447.65,17.95,291200,216,33.65,2,NA
"191",Sep 2018,"Clark Fork River at Bonita",2018-09-11,32.85,NA,NA,4.3,2.45,8.455,459.65,15.15,299000,240,21.85,2.8,NA
"192",Jul 2019,"Clark Fork River at Bonita",2019-07-09,13.65,NA,NA,5,39,8.58,423.5,18.65,275275,185,44.5,4.51,NA
"193",Aug 2019,"Clark Fork River at Bonita",2019-08-16,30,NA,NA,3,26.6666666666667,NA,NA,NA,NA,190,27.6666666666667,NA,NA
"194",Sep 2019,"Clark Fork River at Bonita",2019-09-13,16.6666666666667,NA,NA,23.5,33,NA,NA,NA,NA,310,126.5,NA,NA
"195",Jul 2020,"Clark Fork River at Bonita",2020-07-22,NA,NA,NA,NA,9,8.195,378.8,19.5,NA,150,27,5.015,NA
"196",Aug 2020,"Clark Fork River at Bonita",2020-08-12,NA,NA,NA,NA,8.5,NA,NA,NA,NA,205,17.5,NA,NA
"197",Sep 2020,"Clark Fork River at Bonita",2020-09-16,20,NA,NA,NA,11,NA,NA,NA,NA,175,25,NA,NA
"198",Jul 2021,"Clark Fork River at Bonita",2021-07-20,30,NA,NA,5,5,NA,NA,NA,NA,230,17.5,NA,NA
"199",Aug 2021,"Clark Fork River at Bonita",2021-08-25,20,NA,NA,NA,NA,NA,NA,NA,NA,200,19,NA,NA
"200",Sep 2021,"Clark Fork River at Bonita",2021-09-13,20,NA,NA,NA,0.8,NA,NA,NA,NA,180,19.5,NA,NA
"201",Oct 2021,"Clark Fork River at Bonita",2021-10-08,10,NA,NA,NA,0.9,NA,NA,NA,NA,180,22,NA,NA
"202",Jul 2022,"Clark Fork River at Bonita",2022-07-13,NA,NA,NA,NA,NA,NA,NA,NA,NA,NA,NA,NA,NA
"203",Aug 2022,"Clark Fork River at Bonita",2022-08-21,13.3333333333333,NA,NA,5,3.66666666666667,NA,NA,NA,NA,176.666666666667,19.3333333333333,NA,NA
"204",Sep 2022,"Clark Fork River at Bonita",2022-09-20,NA,NA,NA,NA,1.45,8.395,531.9,16.55,NA,220,16.5,4.03,NA
"205",Jun 2008,"Clark Fork River at Deer Lodge",2008-06-18,35,NA,500,131.5,NA,8.435,291.5,13.85,154950,NA,120,14.65,NA
"206",Jul 2008,"Clark Fork River at Deer Lodge",2008-07-16,20,NA,275,31.25,NA,8.63333333333333,324.333333333333,19.4333333333333,172033.333333333,NA,48.75,4.32,NA
"207",Aug 2008,"Clark Fork River at Deer Lodge",2008-08-20,10,NA,233.333333333333,56,NA,8.85333333333333,457.333333333333,16.0333333333333,242666.666666667,NA,18,2.09,NA
"208",Sep 2008,"Clark Fork River at Deer Lodge",2008-09-17,10,NA,250,61,NA,8.985,464,11.9,251000,NA,25.5,3.64,NA
"209",Jun 2009,"Clark Fork River at Deer Lodge",2009-06-24,12.75,NA,NA,50.18,29.83,8.27,253,16.5,134600,NA,77.6,9.23,NA
"210",Jul 2009,"Clark Fork River at Deer Lodge",2009-07-20,8.546,NA,NA,51.734,16.148,NA,NA,NA,NA,NA,NA,NA,NA
"211",Aug 2009,"Clark Fork River at Deer Lodge",2009-08-14,9.59,NA,NA,68.8733333333333,11.37,8.76666666666667,409,19.5,217000,NA,29.2233333333333,3.54666666666667,NA
"212",Sep 2009,"Clark Fork River at Deer Lodge",2009-09-09,11.8866666666667,NA,NA,57.9166666666667,6.63,8.50333333333333,434.666666666667,17.6666666666667,231000,289.666666666667,18.27,2.24,NA
"213",Jun 2010,"Clark Fork River at Deer Lodge",2010-06-23,25.1,NA,NA,129.4,39.2,8.09,285,16.4,151600,479,112.8,13.9,NA
"214",Jul 2010,"Clark Fork River at Deer Lodge",2010-07-16,11.5,NA,NA,34.175,21.925,NA,NA,NA,NA,280.5,44.9,NA,NA
"215",Aug 2010,"Clark Fork River at Deer Lodge",2010-08-11,7.1,NA,NA,47.3,33.3666666666667,8.40333333333333,385.666666666667,19.9,204700,319.333333333333,78.7333333333333,7.04666666666667,NA
"216",Sep 2010,"Clark Fork River at Deer Lodge",2010-09-08,8.46666666666667,NA,NA,70.0333333333333,20.4666666666667,8.51333333333333,415,14.9,220666.666666667,323,37.9,4.18,NA
"217",Jun 2011,"Clark Fork River at Deer Lodge",2011-06-25,19.1,NA,NA,24.25,34.05,8.365,248.3,15.05,161150,NA,88.15,10.31,NA
"218",Jul 2011,"Clark Fork River at Deer Lodge",2011-07-20,11.45,NA,NA,46.025,23.7,8.20333333333333,244.833333333333,15.2333333333333,159266.666666667,283.75,63,10.93,NA
"219",Aug 2011,"Clark Fork River at Deer Lodge",2011-08-17,18.4333333333333,NA,NA,89.4666666666667,29.2333333333333,8.34666666666667,317.4,16.2666666666667,206466.666666667,304,50.3,4.45666666666667,NA
"220",Sep 2011,"Clark Fork River at Deer Lodge",2011-09-17,7.5,NA,NA,114.25,13.6,8.445,375.15,11.65,244050,331.5,29.05,2.475,NA
"221",Jun 2012,"Clark Fork River at Deer Lodge",2012-06-23,22.19,NA,NA,28.775,15.12,8.48,243.45,14.1,158250,277.36,35.19,4.54,NA
"222",Jul 2012,"Clark Fork River at Deer Lodge",2012-07-18,10.6875,NA,NA,64.445,12.605,8.38666666666667,350.733333333333,18.9666666666667,227900,336.625,41.8775,3.04333333333333,NA
"223",Aug 2012,"Clark Fork River at Deer Lodge",2012-08-17,7.71333333333333,NA,NA,91.9333333333333,8.67666666666667,NA,NA,NA,NA,408.813333333333,22.5066666666667,NA,NA
"224",Sep 2012,"Clark Fork River at Deer Lodge",2012-09-08,8.47,NA,NA,103.8,3.035,8.51,412.25,12.35,268100,355.545,17.345,2.33,NA
"225",Jul 2013,"Clark Fork River at Deer Lodge",2013-07-17,15.905,NA,NA,67.495,12.18,8.425,449.8,19.1,292500,341.42,28.665,2.43,NA
"226",Aug 2013,"Clark Fork River at Deer Lodge",2013-08-17,18.3166666666667,NA,NA,178.586666666667,8.59333333333333,NA,NA,NA,NA,502.916666666667,19.1366666666667,NA,NA
"227",Sep 2013,"Clark Fork River at Deer Lodge",2013-09-11,15.045,NA,NA,198.83,8.675,8.23,496.95,14.9,323050,451.905,20.785,4.055,NA
"228",Jul 2014,"Clark Fork River at Deer Lodge",2014-07-09,9.1,NA,NA,50.25,16.4,8.27,308.1,17.75,200550,338,39.85,6.025,NA
"229",Aug 2014,"Clark Fork River at Deer Lodge",2014-08-15,16.15,NA,NA,62.1,10.75,NA,NA,NA,NA,320,24.95,NA,NA
"230",Sep 2014,"Clark Fork River at Deer Lodge",2014-09-10,12.1,NA,NA,43.7,8.75,8.59,461.75,13.1,300300,320,59.95,2.41,NA
"231",Jul 2015,"Clark Fork River at Deer Lodge",2015-07-08,10.85,NA,NA,50.3,4.2,8.305,354.05,17.8,230100,328.5,19.7,2.565,NA
"232",Aug 2015,"Clark Fork River at Deer Lodge",2015-08-14,9.66666666666667,NA,NA,159.633333333333,2.35,NA,NA,NA,NA,406,12.55,NA,NA
"233",Sep 2015,"Clark Fork River at Deer Lodge",2015-09-16,14.55,NA,NA,89.1,2.5,8.385,471.1,11.7,306150,389,19,3.365,NA
"234",Jul 2016,"Clark Fork River at Deer Lodge",2016-07-13,12,NA,NA,38.7,3.6,8.285,400.2,16.05,260300,294.5,19.4,1.9,NA
"235",Aug 2016,"Clark Fork River at Deer Lodge",2016-08-19,18.0333333333333,NA,NA,254.8,NA,NA,NA,NA,NA,421.5,NA,NA,NA
"236",Sep 2016,"Clark Fork River at Deer Lodge",2016-09-14,20.8,NA,NA,183.6,2.55,8.205,476.95,11,309750,425.5,16.2,2.24,NA
"237",Jul 2017,"Clark Fork River at Deer Lodge",2017-07-17,12.75,NA,NA,27.25,8.1,8.22,363.45,18.6,236250,259.5,24,2.29,NA
"238",Aug 2017,"Clark Fork River at Deer Lodge",2017-08-18,13.9333333333333,NA,NA,240.733333333333,3.8,NA,NA,NA,NA,530.666666666667,16.8666666666667,NA,NA
"239",Sep 2017,"Clark Fork River at Deer Lodge",2017-09-12,10.1,NA,NA,212.65,3.4,8.185,471.1,10.65,306150,513,17.85,2.2,NA
"240",Jul 2018,"Clark Fork River at Deer Lodge",2018-07-17,11.05,NA,NA,47.05,15.45,8.17,300.5,17.5,195300,305,44.6,4.625,NA
"241",Aug 2018,"Clark Fork River at Deer Lodge",2018-08-12,19.85,NA,NA,100.2,8.75,8.175,411.55,14,267500,348,30.4,2.895,NA
"242",Sep 2018,"Clark Fork River at Deer Lodge",2018-09-07,14.6333333333333,NA,NA,130,4.65,NA,NA,NA,NA,394,27.6333333333333,NA,NA
"243",Jul 2019,"Clark Fork River at Deer Lodge",2019-07-09,25,NA,NA,29.5,25.5,8.85,345.4,18.05,224575,235,34,3.23,NA
"244",Aug 2019,"Clark Fork River at Deer Lodge",2019-08-13,30,NA,NA,142.5,28.5,8.495,437.3,19.65,284375,345,25.5,2.92,NA
"245",Sep 2019,"Clark Fork River at Deer Lodge",2019-09-16,20,NA,NA,108,19.5,8.205,462.55,13.75,300625,350,87.5,16.985,NA
"246",Jul 2020,"Clark Fork River at Deer Lodge",2020-07-22,NA,NA,NA,16,6,NA,NA,NA,NA,170,23,NA,NA
"247",Aug 2020,"Clark Fork River at Deer Lodge",2020-08-15,NA,NA,NA,77,7,NA,NA,NA,NA,295,17,NA,NA
"248",Sep 2020,"Clark Fork River at Deer Lodge",2020-09-16,20,NA,NA,89.6666666666667,8.33333333333333,NA,NA,NA,NA,253.333333333333,13,NA,NA
"249",Jul 2021,"Clark Fork River at Deer Lodge",2021-07-22,30,NA,NA,114,2,NA,NA,NA,NA,335,21,NA,NA
"250",Aug 2021,"Clark Fork River at Deer Lodge",2021-08-24,30,NA,NA,93,NA,NA,NA,NA,NA,330,17,NA,NA
"251",Sep 2021,"Clark Fork River at Deer Lodge",2021-09-15,20,NA,NA,119,NA,NA,NA,NA,NA,310,12,NA,NA
"252",Oct 2021,"Clark Fork River at Deer Lodge",2021-10-08,10,NA,NA,232,1,NA,NA,NA,NA,400,13,NA,NA
"253",Jul 2022,"Clark Fork River at Deer Lodge",2022-07-22,30,NA,NA,13.5,NA,8.41,430.6,20.5,NA,NA,NA,2.57,NA
"254",Aug 2022,"Clark Fork River at Deer Lodge",2022-08-19,15,NA,NA,114.5,1.9,8.37,490.05,19.45,NA,300,12,1.345,NA
"255",Sep 2022,"Clark Fork River at Deer Lodge",2022-09-20,NA,NA,NA,149.5,0.9,8.28,537.3,14.1,NA,395,8,1.94,NA
"256",Jun 2008,"Clark Fork River at Huson",2008-06-19,10,NA,250,34.5,NA,8.06,134.05,14.3,71100,NA,48.5,17,NA
"257",Jul 2008,"Clark Fork River at Huson",2008-07-17,15,NA,200,16.3333333333333,NA,8.48333333333333,177.466666666667,19.8666666666667,117833.333333333,NA,19.6666666666667,NA,NA
"258",Aug 2008,"Clark Fork River at Huson",2008-08-21,15,NA,200,78.5,NA,8.49333333333333,243.333333333333,17.7,129000,NA,15.25,2.42333333333333,NA
"259",Sep 2008,"Clark Fork River at Huson",2008-09-18,NA,NA,200,30.5,NA,8.73,259,13.95,137650,NA,15,2.205,NA
"260",Jun 2009,"Clark Fork River at Huson",2009-06-25,NA,NA,NA,26.83,10.49,8.04,154.1,18.1,81700,NA,26.25,6.99,NA
"261",Jul 2009,"Clark Fork River at Huson",2009-07-16,7.39,NA,NA,20.2,6.08333333333333,8.27666666666667,202.566666666667,19.7666666666667,107666.666666667,192,19.65,3.64,NA
"262",Aug 2009,"Clark Fork River at Huson",2009-08-15,10.9266666666667,NA,NA,48.6133333333333,5.17,8.47333333333333,257,19.3666666666667,136633.333333333,263.666666666667,16.7533333333333,3.11666666666667,NA
"263",Sep 2009,"Clark Fork River at Huson",2009-09-07,10.73,NA,NA,15.222,NA,NA,NA,NA,NA,NA,NA,NA,NA
"264",Jun 2010,"Clark Fork River at Huson",2010-06-24,9.2,NA,NA,35.2,14.9,7.47,153.4,18.9,81400,245,38.6,12.2,NA
"265",Jul 2010,"Clark Fork River at Huson",2010-07-15,10.2666666666667,NA,NA,5.26666666666667,5.16666666666667,8.02666666666667,206.966666666667,20.4666666666667,109933.333333333,171,15.7333333333333,2.34,NA
"266",Aug 2010,"Clark Fork River at Huson",2010-08-12,9.93333333333333,NA,NA,43.9666666666667,4.26666666666667,8.18,263,21.7333333333333,139800,245.333333333333,20.4666666666667,3.52666666666667,NA
"267",Sep 2010,"Clark Fork River at Huson",2010-09-06,NA,NA,NA,27.25,3.025,NA,NA,NA,NA,220.25,14.425,NA,NA
"268",Jun 2011,"Clark Fork River at Huson",2011-06-26,17.7,NA,NA,19.1,13.95,7.815,152.3,13.3,98750,NA,73.1,37,NA
"269",Jul 2011,"Clark Fork River at Huson",2011-07-21,8.85,NA,NA,23.2666666666667,9.73333333333333,8.07,148.633333333333,15.9333333333333,96633.3333333333,171.333333333333,29.3,7.53333333333333,NA
"270",Aug 2011,"Clark Fork River at Huson",2011-08-20,12.725,NA,NA,46.575,7.075,NA,NA,NA,NA,203.595,21.825,NA,NA
"271",Sep 2011,"Clark Fork River at Huson",2011-09-18,11.05,NA,NA,36,4.95,8.4,241.1,14.05,156650,215,14.25,1.85,NA
"272",Jun 2012,"Clark Fork River at Huson",2012-06-24,9.215,NA,NA,18.475,7.645,8.04,119.65,14.4,78000,207.845,21.85,4.585,NA
"273",Jul 2012,"Clark Fork River at Huson",2012-07-19,11.7633333333333,NA,NA,23.71,3.52333333333333,8.24333333333333,185.866666666667,19.6666666666667,120900,213.59,19.78,1.90666666666667,NA
"274",Aug 2012,"Clark Fork River at Huson",2012-08-21,9.47,NA,NA,33.655,3.2625,NA,NA,NA,NA,222.9975,15.3475,NA,NA
"275",Sep 2012,"Clark Fork River at Huson",2012-09-09,NA,NA,NA,44.07,1.69,8.42,230.1,14.7,149550,217.97,14.515,2.235,NA
"276",Jul 2013,"Clark Fork River at Huson",2013-07-25,12.9733333333333,NA,NA,45.42,3.8325,NA,NA,NA,NA,192.618,15.36,NA,NA
"277",Aug 2013,"Clark Fork River at Huson",2013-08-26,9.95,NA,NA,39.79,3.495,8.365,247.7,17.4,160900,273.57,17.855,3.835,NA
"278",Sep 2013,"Clark Fork River at Huson",2013-09-19,8.38,NA,NA,23.65,3.71,8.36,279.7,14.1,182000,223.98,15.71,2.83,NA
"279",Jul 2014,"Clark Fork River at Huson",2014-07-10,NA,NA,NA,17.1,7.4,7.805,157.4,17.95,102400,163.5,17.4,3.695,NA
"280",Aug 2014,"Clark Fork River at Huson",2014-08-17,10.9,NA,NA,21.4,4.2,8.08333333333333,255.9,19.2333333333333,166400,170.666666666667,15.2,1.64666666666667,NA
"281",Sep 2014,"Clark Fork River at Huson",2014-09-18,12.3,NA,NA,45,4.1,8.08,306.7,14.3,199600,236,14.8,2,NA
"282",Jul 2015,"Clark Fork River at Huson",2015-07-09,6.55,NA,NA,30.5,1.95,8.29,198.25,19.85,129000,211.5,15.1,1.645,NA
"283",Aug 2015,"Clark Fork River at Huson",2015-08-11,11.55,NA,NA,18.2,1.7,8.51,231.6,19.2,150500,220.5,17.8,2.045,NA
"284",Sep 2015,"Clark Fork River at Huson",2015-09-15,20.8,NA,NA,29.45,1.8,8.52,261.3,13.85,169950,249,17.55,2.905,NA
"285",Jul 2016,"Clark Fork River at Huson",2016-07-21,15.5333333333333,NA,NA,28.3333333333333,2.15,NA,NA,NA,NA,200.5,9.93333333333333,NA,NA
"286",Aug 2016,"Clark Fork River at Huson",2016-08-21,18.825,NA,NA,43.2333333333333,1.35,NA,NA,NA,NA,250,19.6666666666667,NA,NA
"287",Sep 2016,"Clark Fork River at Huson",2016-09-12,17.35,NA,NA,63.55,1.2,8.305,254.15,14.45,165100,207.5,13.2,2.695,NA
"288",Jul 2017,"Clark Fork River at Huson",2017-07-23,11.425,NA,NA,58.9,2.1,NA,NA,NA,NA,243.333333333333,14.4666666666667,NA,NA
"289",Aug 2017,"Clark Fork River at Huson",2017-08-12,14.75,NA,NA,56.3,1.7,8.2,242.9,19.4,157950,256.5,14.35,1.7025,NA
"290",Sep 2017,"Clark Fork River at Huson",2017-09-11,13.75,NA,NA,86.65,1.3,8.145,275.3,15.05,178750,309,10.4,2.1265,NA
"291",Jul 2018,"Clark Fork River at Huson",2018-07-15,9.7,NA,NA,6.25,3.45,NA,NA,NA,NA,164,19.1,NA,NA
"292",Aug 2018,"Clark Fork River at Huson",2018-08-12,15.8,NA,NA,58.45,1.8,8.165,255.6,17.3,166100,234.5,17.1,2.145,NA
"293",Sep 2018,"Clark Fork River at Huson",2018-09-14,16.6333333333333,NA,NA,33.2,1.7,NA,NA,NA,NA,218,12.45,NA,NA
"294",Jul 2019,"Clark Fork River at Huson",2019-07-12,23.3333333333333,NA,NA,29,14.3333333333333,NA,NA,NA,NA,170,27,NA,NA
"295",Aug 2019,"Clark Fork River at Huson",2019-08-14,30,NA,NA,42.5,15.5,8.485,274.9,20.4,178750,190,14,1.71,NA
"296",Sep 2019,"Clark Fork River at Huson",2019-09-13,17.5,NA,NA,33,13.3333333333333,NA,NA,NA,NA,170,21.6666666666667,NA,NA
"297",Jul 2020,"Clark Fork River at Huson",2020-07-22,NA,NA,NA,5,4,8.25,209.45,19.25,NA,120,15,5.325,NA
"298",Aug 2020,"Clark Fork River at Huson",2020-08-11,9,NA,NA,23,4,NA,NA,NA,NA,155,12.5,NA,NA
"299",Sep 2020,"Clark Fork River at Huson",2020-09-16,20,NA,NA,47.3333333333333,5.33333333333333,NA,NA,NA,NA,176.666666666667,10.6666666666667,NA,NA
"300",Jul 2021,"Clark Fork River at Huson",2021-07-21,30,NA,NA,22,1.45,NA,NA,NA,NA,155,16.5,NA,NA
"301",Aug 2021,"Clark Fork River at Huson",2021-08-24,20,NA,NA,10,NA,NA,NA,NA,NA,150,15,NA,NA
"302",Sep 2021,"Clark Fork River at Huson",2021-09-15,20,NA,NA,14.5,NA,NA,NA,NA,NA,155,12,NA,NA
"303",Oct 2021,"Clark Fork River at Huson",2021-10-08,10,NA,NA,38,2,NA,NA,NA,NA,160,13,NA,NA
"304",Jul 2022,"Clark Fork River at Huson",2022-07-15,NA,NA,NA,8,2,7.91,178.1,19.2,NA,120,17,4.75,NA
"305",Aug 2022,"Clark Fork River at Huson",2022-08-15,20,NA,NA,37.3333333333333,NA,7.93666666666667,251.166666666667,18.7,NA,NA,32.3333333333333,3.80333333333333,NA
"306",Sep 2022,"Clark Fork River at Huson",2022-09-23,NA,NA,NA,7.5,1.4,8.24,279.9,15.65,NA,200,11.5,2.265,NA
"307",Jun 2008,"Clark Fork River below Missoula",2008-06-19,25,NA,300,37.5,NA,8.435,174.65,12,92350,NA,57,19.35,NA
"308",Jul 2008,"Clark Fork River below Missoula",2008-07-17,26.6666666666667,NA,200,22.3333333333333,NA,8.52,233,16.8,123833.333333333,NA,24,5.2,NA
"309",Aug 2008,"Clark Fork River below Missoula",2008-08-21,40,NA,NA,42.3333333333333,NA,8.44333333333333,265.666666666667,15.8666666666667,145466.666666667,NA,13.3333333333333,2.59333333333333,NA
"310",Sep 2008,"Clark Fork River below Missoula",2008-09-20,16.6666666666667,NA,200,46,NA,NA,NA,NA,NA,NA,19,NA,NA
"311",Jun 2009,"Clark Fork River below Missoula",2009-06-25,3.89,NA,NA,17.97,12.73,8.2,201,16,107000,NA,31.81,7.51,NA
"312",Jul 2009,"Clark Fork River below Missoula",2009-07-16,5.86666666666667,NA,NA,20.8166666666667,9.56,8.22333333333333,242.333333333333,16.1666666666667,128666.666666667,192.666666666667,19.0466666666667,4.24666666666667,NA
"313",Aug 2009,"Clark Fork River below Missoula",2009-08-15,8.28,NA,NA,44.78,5.31,8.38666666666667,277.333333333333,17.2,146966.666666667,228.333333333333,19.8333333333333,3.52,NA
"314",Sep 2009,"Clark Fork River below Missoula",2009-09-10,14.858,NA,NA,41.462,12.128,8.30666666666667,307,15.6,162766.666666667,247.75,27.225,2.13333333333333,NA
"315",Jun 2010,"Clark Fork River below Missoula",2010-06-24,15.9,NA,NA,41.6,17,7.59,193,16.5,102500,288,55.2,17.4,NA
"316",Jul 2010,"Clark Fork River below Missoula",2010-07-15,8.56666666666667,NA,NA,23.1,8.93333333333333,7.79333333333333,235.333333333333,17.8333333333333,125200,187,19.5666666666667,3.44333333333333,NA
"317",Aug 2010,"Clark Fork River below Missoula",2010-08-12,9.93333333333333,NA,NA,46.4666666666667,6.23333333333333,7.99333333333333,277,18.4333333333333,147266.666666667,233,19.6666666666667,2.81,NA
"318",Sep 2010,"Clark Fork River below Missoula",2010-09-09,31.925,NA,NA,59.25,6.85,8.23666666666667,303.666666666667,13.0666666666667,161333.333333333,264.75,19.65,3.98666666666667,NA
"319",Jun 2011,"Clark Fork River below Missoula",2011-06-26,15.8,NA,NA,26.2,16.25,8.04,136.6,12.6,88750,NA,102.25,44.2,NA
"320",Jul 2011,"Clark Fork River below Missoula",2011-07-21,11.6666666666667,NA,NA,22.4666666666667,12.2666666666667,8.3,203.3,14.5,132200,185.666666666667,33.5666666666667,7.76666666666667,NA
"321",Aug 2011,"Clark Fork River below Missoula",2011-08-18,24.5666666666667,NA,NA,30.7666666666667,10.4666666666667,8.39666666666667,239.266666666667,16.1,155533.333333333,171.666666666667,20.9333333333333,2.1,NA
"322",Sep 2011,"Clark Fork River below Missoula",2011-09-16,7.2,NA,NA,49.6,6.6,NA,NA,NA,NA,201.666666666667,13.0333333333333,NA,NA
"323",Jun 2012,"Clark Fork River below Missoula",2012-06-24,6.495,NA,NA,17.485,8.66,8.225,163,12.7,106000,186.28,21.235,4.82,NA
"324",Jul 2012,"Clark Fork River below Missoula",2012-07-19,21.08,NA,NA,20.9433333333333,6.78,8.26333333333333,231.133333333333,17.9666666666667,150133.333333333,246.236666666667,17.64,1.84,NA
"325",Aug 2012,"Clark Fork River below Missoula",2012-08-18,10.26,NA,NA,35.9166666666667,5,NA,NA,NA,NA,215.63,15.75,NA,NA
"326",Sep 2012,"Clark Fork River below Missoula",2012-09-08,6.965,NA,NA,41.5566666666667,2.03333333333333,NA,NA,NA,NA,198.46,12.2366666666667,NA,NA
"327",Jul 2013,"Clark Fork River below Missoula",2013-07-18,13.79,NA,NA,22.955,3.34,8.345,246.9,18.95,160550,216.07,12.82,2.07,NA
"328",Aug 2013,"Clark Fork River below Missoula",2013-08-15,13.555,NA,NA,31.145,3.685,8.36,271,17.4,176100,271.875,13.125,2.91,NA
"329",Sep 2013,"Clark Fork River below Missoula",2013-09-15,13.6333333333333,NA,NA,42.33,7.41666666666667,NA,NA,NA,NA,226.896666666667,17.63,NA,NA
"330",Jul 2014,"Clark Fork River below Missoula",2014-07-10,NA,NA,NA,9.3,8.25,8.13,228.75,16.95,148850,145,20.25,3.79,NA
"331",Aug 2014,"Clark Fork River below Missoula",2014-08-14,10.65,NA,NA,21.65,5.25,8.17,281.85,17.45,182950,159,14.35,1.995,NA
"332",Sep 2014,"Clark Fork River below Missoula",2014-09-11,12.95,NA,NA,27.15,8.5,8.085,336,13.3,218400,221,19.25,2.675,NA
"333",Jul 2015,"Clark Fork River below Missoula",2015-07-09,7.5,NA,NA,11.45,2.3,8.395,222.05,18.9,144300,206.5,13.2,1.465,NA
"334",Aug 2015,"Clark Fork River below Missoula",2015-08-13,12.1,NA,NA,21.55,2.1,8.345,281.5,16.3,182950,227.5,19.25,2.9,NA
"335",Sep 2015,"Clark Fork River below Missoula",2015-09-17,11,NA,NA,20.65,2.8,8.435,300.85,13.5,195600,251,20.65,4.76,NA
"336",Jul 2016,"Clark Fork River below Missoula",2016-07-16,7.9,NA,NA,11.3,1.66666666666667,NA,NA,NA,NA,163.5,13.85,NA,NA
"337",Aug 2016,"Clark Fork River below Missoula",2016-08-18,9,NA,NA,31.75,2.4,8.315,261.45,14.75,169950,268.5,23.2,6.54,NA
"338",Sep 2016,"Clark Fork River below Missoula",2016-09-15,16.85,NA,NA,31.25,1.7,8.27,290.4,12.1,188800,210,21.85,5.39,NA
"339",Jul 2017,"Clark Fork River below Missoula",2017-07-15,10.675,NA,NA,10.7666666666667,4.26666666666667,NA,NA,NA,NA,153.666666666667,15.9333333333333,NA,NA
"340",Aug 2017,"Clark Fork River below Missoula",2017-08-16,12.55,NA,NA,31.8,3.9,8.185,273,16.5,177450,196,15.6,1.785,NA
"341",Sep 2017,"Clark Fork River below Missoula",2017-09-13,9.1,NA,NA,28.1,4.1,8.09,303.2,12.15,197000,228.5,16.95,3.085,NA
"342",Jul 2018,"Clark Fork River below Missoula",2018-07-16,41.4,NA,NA,14.3,8.7,8.17,252.9,17.7,164400,180,24.4,3.2,NA
"343",Aug 2018,"Clark Fork River below Missoula",2018-08-15,20.5,NA,NA,28.65,4.85,8.335,285.65,15.8,185600,180.5,17.45,2.31,NA
"344",Sep 2018,"Clark Fork River below Missoula",2018-09-15,20.4666666666667,NA,NA,38.2333333333333,2.26666666666667,NA,NA,NA,NA,221.333333333333,14.4666666666667,NA,NA
"345",Jul 2019,"Clark Fork River below Missoula",2019-07-12,20,NA,NA,19.6666666666667,29.6666666666667,NA,NA,NA,NA,136.666666666667,33.3333333333333,NA,NA
"346",Aug 2019,"Clark Fork River below Missoula",2019-08-14,30,NA,NA,44.5,13.5,8.685,299.05,18.55,194350,170,14,2.9,NA
"347",Sep 2019,"Clark Fork River below Missoula",2019-09-16,15,NA,NA,33.5,16.5,8.275,323.65,13.6,211100,190,46,9.695,NA
"348",Jul 2020,"Clark Fork River below Missoula",2020-07-22,NA,NA,NA,9,5,NA,NA,NA,NA,130,16,NA,NA
"349",Aug 2020,"Clark Fork River below Missoula",2020-08-12,NA,NA,NA,25,4,NA,NA,NA,NA,155,20.5,NA,NA
"350",Sep 2020,"Clark Fork River below Missoula",2020-09-16,20,NA,NA,25,6,NA,NA,NA,NA,156.666666666667,11.3333333333333,NA,NA
"351",Jul 2021,"Clark Fork River below Missoula",2021-07-22,20,NA,NA,20,1,NA,NA,NA,NA,130,15,NA,NA
"352",Aug 2021,"Clark Fork River below Missoula",2021-08-24,20,NA,NA,15,NA,NA,NA,NA,NA,160,7,NA,NA
"353",Sep 2021,"Clark Fork River below Missoula",2021-09-18,20,NA,NA,35.3333333333333,2,NA,NA,NA,NA,163.333333333333,13.6666666666667,NA,NA
"354",Oct 2021,"Clark Fork River below Missoula",2021-10-08,10,NA,NA,22,1,NA,NA,NA,NA,150,15,NA,NA
"355",Jul 2022,"Clark Fork River below Missoula",2022-07-15,NA,NA,NA,10,4,7.99,237.6,17.4,NA,140,19,6.14,NA
"356",Aug 2022,"Clark Fork River below Missoula",2022-08-13,20,NA,NA,33,18.5,8.35333333333333,266.7,20.4,NA,220,31.6666666666667,3.40666666666667,NA
"357",Sep 2022,"Clark Fork River below Missoula",2022-09-21,NA,NA,NA,33,1.5,8.295,313.25,15.05,NA,185,14.5,3.055,NA
"358",Aug 2008,"Clark Fork River above Flathead",2008-08-01,NA,4.33333333333333,NA,NA,NA,NA,NA,NA,NA,NA,NA,NA,3.87647058823529
"359",Sep 2008,"Clark Fork River above Flathead",2008-09-01,NA,13.3,NA,NA,NA,NA,NA,NA,NA,NA,NA,NA,4.15
"360",Aug 2009,"Clark Fork River above Flathead",2009-08-02,NA,23.047619047619,NA,NA,NA,NA,NA,NA,NA,NA,NA,NA,8
"361",Sep 2009,"Clark Fork River above Flathead",2009-09-05,NA,51.6190476190476,NA,NA,NA,NA,NA,NA,NA,NA,NA,NA,19.1
"362",Aug 2010,"Clark Fork River above Flathead",2010-08-01,NA,38.3636363636364,NA,NA,NA,NA,NA,NA,NA,NA,NA,NA,15.6666666666667
"363",Sep 2010,"Clark Fork River above Flathead",2010-09-10,NA,36.9095238095238,NA,NA,NA,NA,NA,NA,NA,NA,NA,NA,24
"364",Aug 2011,"Clark Fork River above Flathead",2011-08-02,NA,10,NA,NA,NA,NA,NA,NA,NA,NA,NA,NA,6.94444444444444
"365",Sep 2011,"Clark Fork River above Flathead",2011-09-04,NA,14.952380952381,NA,NA,NA,NA,NA,NA,NA,NA,NA,NA,6.66666666666667
"366",Aug 2012,"Clark Fork River above Flathead",2012-08-01,NA,16.1111111111111,NA,NA,NA,NA,NA,NA,NA,NA,NA,NA,16.14
"367",Sep 2012,"Clark Fork River above Flathead",2012-09-02,NA,19.4615384615385,NA,NA,NA,NA,NA,NA,NA,NA,NA,NA,10.6
"368",Jul 2013,"Clark Fork River above Flathead",2013-07-31,NA,21.3571428571429,NA,NA,NA,NA,NA,NA,NA,NA,NA,NA,8.82352941176471
"369",Aug 2013,"Clark Fork River above Flathead",2013-08-31,NA,15.5714285714286,NA,NA,NA,NA,NA,NA,NA,NA,NA,NA,7.25
"370",Aug 2014,"Clark Fork River above Flathead",2014-08-15,NA,22.6666666666667,NA,NA,NA,NA,NA,NA,NA,NA,NA,NA,12.6529411764706
"371",Aug 2015,"Clark Fork River above Flathead",2015-08-02,NA,36.25,NA,NA,NA,NA,NA,NA,NA,NA,NA,NA,20.2
"372",Sep 2015,"Clark Fork River above Flathead",2015-09-06,NA,57.8571428571429,NA,NA,NA,NA,NA,NA,NA,NA,NA,NA,26.1428571428571
"373",Jul 2016,"Clark Fork River above Flathead",2016-07-29,NA,11.2,NA,NA,NA,NA,NA,NA,NA,NA,NA,NA,5.525
"374",Sep 2016,"Clark Fork River above Flathead",2016-09-03,NA,13.75,NA,NA,NA,NA,NA,NA,NA,NA,NA,NA,15.0333333333333
"375",Aug 2017,"Clark Fork River above Flathead",2017-08-01,NA,10.9,NA,NA,NA,NA,NA,NA,NA,NA,NA,NA,5.76875
"376",Sep 2017,"Clark Fork River above Flathead",2017-09-02,NA,20.4333333333333,NA,NA,NA,NA,NA,NA,NA,NA,NA,NA,11.7285714285714
"377",Aug 2018,"Clark Fork River above Flathead",2018-08-03,NA,15.9210526315789,NA,NA,NA,NA,NA,NA,NA,NA,NA,NA,7.945
"378",Sep 2018,"Clark Fork River above Flathead",2018-09-05,NA,29.8047619047619,NA,NA,NA,NA,NA,NA,NA,NA,NA,NA,13.1047619047619
"379",Aug 2019,"Clark Fork River above Flathead",2019-08-02,NA,16.581,NA,NA,NA,NA,NA,NA,NA,NA,NA,NA,9.007
"380",Sep 2019,"Clark Fork River above Flathead",2019-09-01,NA,24.56,NA,NA,NA,NA,NA,NA,NA,NA,NA,NA,10.465
"381",Aug 2020,"Clark Fork River above Flathead",2020-08-03,NA,16.7533333333333,NA,NA,NA,NA,NA,NA,NA,NA,NA,NA,8.27571428571429
"382",Sep 2020,"Clark Fork River above Flathead",2020-09-02,NA,16.4980952380952,NA,NA,NA,NA,NA,NA,NA,NA,NA,NA,8.19761904761905
"383",Aug 2021,"Clark Fork River above Flathead",2021-08-04,NA,19.4047619047619,NA,NA,NA,NA,NA,NA,NA,NA,NA,NA,9.53809523809524
"384",Sep 2021,"Clark Fork River above Flathead",2021-09-03,NA,50.7619047619048,NA,NA,NA,NA,NA,NA,NA,NA,NA,NA,19.2380952380952
"385",Aug 2022,"Clark Fork River above Flathead",2022-08-01,NA,7.71340588235294,NA,NA,NA,NA,NA,NA,NA,NA,NA,NA,4.04117647058824
"386",Sep 2022,"Clark Fork River above Flathead",2022-09-02,NA,20.4809238095238,NA,NA,NA,NA,NA,NA,NA,NA,NA,NA,9.6747619047619
"387",Aug 2008,"Clark Fork River above Little Blackfoot",2008-08-01,NA,129.1,NA,NA,NA,NA,NA,NA,NA,NA,NA,NA,102.315
"388",Sep 2008,"Clark Fork River above Little Blackfoot",2008-09-01,NA,134.8,NA,NA,NA,NA,NA,NA,NA,NA,NA,NA,36.17
"389",Aug 2009,"Clark Fork River above Little Blackfoot",2009-08-01,NA,102.204761904762,NA,NA,NA,NA,NA,NA,NA,NA,NA,NA,95.22
"390",Sep 2009,"Clark Fork River above Little Blackfoot",2009-09-06,NA,126.285714285714,NA,NA,NA,NA,NA,NA,NA,NA,NA,NA,60.65
"391",Aug 2010,"Clark Fork River above Little Blackfoot",2010-08-01,NA,64.1478260869565,NA,NA,NA,NA,NA,NA,NA,NA,NA,NA,67.8095238095238
"392",Sep 2010,"Clark Fork River above Little Blackfoot",2010-09-10,NA,119.466666666667,NA,NA,NA,NA,NA,NA,NA,NA,NA,NA,59.95
"393",Aug 2011,"Clark Fork River above Little Blackfoot",2011-08-01,NA,50.6666666666667,NA,NA,NA,NA,NA,NA,NA,NA,NA,NA,13
"394",Sep 2011,"Clark Fork River above Little Blackfoot",2011-09-03,NA,65.2666666666667,NA,NA,NA,NA,NA,NA,NA,NA,NA,NA,16.6666666666667
"395",Jul 2012,"Clark Fork River above Little Blackfoot",2012-07-31,NA,85.1904761904762,NA,NA,NA,NA,NA,NA,NA,NA,NA,NA,72.6190476190476
"396",Sep 2012,"Clark Fork River above Little Blackfoot",2012-09-01,NA,147.761904761905,NA,NA,NA,NA,NA,NA,NA,NA,NA,NA,57.0952380952381
"397",Jun 2013,"Clark Fork River above Little Blackfoot",2013-06-28,NA,63.1363636363636,NA,NA,NA,NA,NA,NA,NA,NA,NA,NA,61.9565217391304
"398",Aug 2013,"Clark Fork River above Little Blackfoot",2013-08-04,NA,196.888888888889,NA,NA,NA,NA,NA,NA,NA,NA,NA,NA,107.074074074074
"399",Sep 2013,"Clark Fork River above Little Blackfoot",2013-09-01,NA,150.068965517241,NA,NA,NA,NA,NA,NA,NA,NA,NA,NA,71.7142857142857
"400",Aug 2014,"Clark Fork River above Little Blackfoot",2014-08-14,NA,95.6136363636364,NA,NA,NA,NA,NA,NA,NA,NA,NA,NA,105.952272727273
"401",Jul 2015,"Clark Fork River above Little Blackfoot",2015-07-01,NA,75.12,NA,NA,NA,NA,NA,NA,NA,NA,NA,NA,135.88
"402",Aug 2015,"Clark Fork River above Little Blackfoot",2015-08-01,NA,312.190476190476,NA,NA,NA,NA,NA,NA,NA,NA,NA,NA,183.571428571429
"403",Sep 2015,"Clark Fork River above Little Blackfoot",2015-09-05,NA,129.190476190476,NA,NA,NA,NA,NA,NA,NA,NA,NA,NA,45.8571428571429
"404",Jul 2016,"Clark Fork River above Little Blackfoot",2016-07-17,NA,195.475555555556,NA,NA,NA,NA,NA,NA,NA,NA,NA,NA,170.208444444444
"405",Sep 2016,"Clark Fork River above Little Blackfoot",2016-09-04,NA,125.17619047619,NA,NA,NA,NA,NA,NA,NA,NA,NA,NA,52.9228571428571
"406",Jul 2017,"Clark Fork River above Little Blackfoot",2017-07-05,NA,34,NA,NA,NA,NA,NA,NA,NA,NA,NA,NA,27.7285714285714
"407",Aug 2017,"Clark Fork River above Little Blackfoot",2017-08-02,NA,116.242857142857,NA,NA,NA,NA,NA,NA,NA,NA,NA,NA,167.638095238095
"408",Sep 2017,"Clark Fork River above Little Blackfoot",2017-09-03,NA,77.3409090909091,NA,NA,NA,NA,NA,NA,NA,NA,NA,NA,139.922727272727
"409",Aug 2018,"Clark Fork River above Little Blackfoot",2018-08-04,NA,94.70625,NA,NA,NA,NA,NA,NA,NA,NA,NA,NA,58.51875
"410",Sep 2018,"Clark Fork River above Little Blackfoot",2018-09-04,NA,229.275,NA,NA,NA,NA,NA,NA,NA,NA,NA,NA,69.89
"411",Jul 2019,"Clark Fork River above Little Blackfoot",2019-07-24,NA,34.0678052189189,NA,NA,NA,NA,NA,NA,NA,NA,NA,NA,47.522972972973
"412",Aug 2019,"Clark Fork River above Little Blackfoot",2019-08-30,NA,141.594736842105,NA,NA,NA,NA,NA,NA,NA,NA,NA,NA,54.6105263157895
"413",Aug 2020,"Clark Fork River above Little Blackfoot",2020-08-05,NA,105.9665,NA,NA,NA,NA,NA,NA,NA,NA,NA,NA,139.6645
"414",Sep 2020,"Clark Fork River above Little Blackfoot",2020-09-01,NA,147.974166666667,NA,NA,NA,NA,NA,NA,NA,NA,NA,NA,66.2779166666667
"415",Jul 2021,"Clark Fork River above Little Blackfoot",2021-07-13,NA,99.6666666666667,NA,NA,NA,NA,NA,NA,NA,NA,NA,NA,59.9523809523809
"416",Aug 2021,"Clark Fork River above Little Blackfoot",2021-08-03,NA,238.857142857143,NA,NA,NA,NA,NA,NA,NA,NA,NA,NA,61.8095238095238
"417",Sep 2021,"Clark Fork River above Little Blackfoot",2021-09-01,NA,144.857142857143,NA,NA,NA,NA,NA,NA,NA,NA,NA,NA,46.8095238095238
"418",Jul 2022,"Clark Fork River above Little Blackfoot",2022-07-15,NA,51.6179157894737,NA,NA,NA,NA,NA,NA,NA,NA,NA,NA,74.1052631578947
"419",Aug 2022,"Clark Fork River above Little Blackfoot",2022-08-03,NA,75.0967476190476,NA,NA,NA,NA,NA,NA,NA,NA,NA,NA,115.095238095238
"420",Sep 2022,"Clark Fork River above Little Blackfoot",2022-09-03,NA,99.2602409090909,NA,NA,NA,NA,NA,NA,NA,NA,NA,NA,102.863636363636
"421",Aug 2008,"Clark Fork River above Missoula",2008-08-01,NA,76.2352941176471,NA,NA,NA,NA,NA,NA,NA,NA,NA,NA,34.3764705882353
"422",Sep 2008,"Clark Fork River above Missoula",2008-09-01,NA,80.1904761904762,NA,NA,NA,NA,NA,NA,NA,NA,NA,NA,19.7428571428571
"423",Aug 2009,"Clark Fork River above Missoula",2009-08-03,NA,116.952380952381,NA,NA,NA,NA,NA,NA,NA,NA,NA,NA,33.7
"424",Sep 2009,"Clark Fork River above Missoula",2009-09-04,NA,148.045454545455,NA,NA,NA,NA,NA,NA,NA,NA,NA,NA,41.7142857142857
"425",Aug 2010,"Clark Fork River above Missoula",2010-08-01,NA,120.95,NA,NA,NA,NA,NA,NA,NA,NA,NA,NA,50.2857142857143
"426",Sep 2010,"Clark Fork River above Missoula",2010-09-10,NA,71.9826086956522,NA,NA,NA,NA,NA,NA,NA,NA,NA,NA,30.7272727272727
"427",Aug 2011,"Clark Fork River above Missoula",2011-08-03,NA,24.0769230769231,NA,NA,NA,NA,NA,NA,NA,NA,NA,NA,9.78571428571429
"428",Sep 2011,"Clark Fork River above Missoula",2011-09-05,NA,51.4761904761905,NA,NA,NA,NA,NA,NA,NA,NA,NA,NA,25.3333333333333
"429",Aug 2012,"Clark Fork River above Missoula",2012-08-03,NA,83.65,NA,NA,NA,NA,NA,NA,NA,NA,NA,NA,38.75
"430",Sep 2012,"Clark Fork River above Missoula",2012-09-03,NA,63.2857142857143,NA,NA,NA,NA,NA,NA,NA,NA,NA,NA,27.4285714285714
"431",Aug 2013,"Clark Fork River above Missoula",2013-08-03,NA,74.3809523809524,NA,NA,NA,NA,NA,NA,NA,NA,NA,NA,34.4761904761905
"432",Sep 2013,"Clark Fork River above Missoula",2013-09-02,NA,93.3809523809524,NA,NA,NA,NA,NA,NA,NA,NA,NA,NA,37.9523809523809
"433",Aug 2014,"Clark Fork River above Missoula",2014-08-16,NA,92.1666666666667,NA,NA,NA,NA,NA,NA,NA,NA,NA,NA,36.3166666666667
"434",Jul 2015,"Clark Fork River above Missoula",2015-07-03,NA,116.814814814815,NA,NA,NA,NA,NA,NA,NA,NA,NA,NA,91.5925925925926
"435",Aug 2015,"Clark Fork River above Missoula",2015-08-03,NA,61.7619047619048,NA,NA,NA,NA,NA,NA,NA,NA,NA,NA,22.047619047619
"436",Sep 2015,"Clark Fork River above Missoula",2015-09-04,NA,76.0952380952381,NA,NA,NA,NA,NA,NA,NA,NA,NA,NA,27.952380952381
"437",Jul 2016,"Clark Fork River above Missoula",2016-07-12,NA,114.755813953488,NA,NA,NA,NA,NA,NA,NA,NA,NA,NA,76.1009302325581
"438",Aug 2016,"Clark Fork River above Missoula",2016-08-31,NA,67.7619047619048,NA,NA,NA,NA,NA,NA,NA,NA,NA,NA,28.4857142857143
"439",Jul 2017,"Clark Fork River above Missoula",2017-07-06,NA,28.3611111111111,NA,NA,NA,NA,NA,NA,NA,NA,NA,NA,18.2444444444444
"440",Aug 2017,"Clark Fork River above Missoula",2017-08-04,NA,106.614285714286,NA,NA,NA,NA,NA,NA,NA,NA,NA,NA,56.6
"441",Sep 2017,"Clark Fork River above Missoula",2017-09-01,NA,68.8285714285714,NA,NA,NA,NA,NA,NA,NA,NA,NA,NA,47.5333333333333
"442",Aug 2018,"Clark Fork River above Missoula",2018-08-06,NA,97.5476190476191,NA,NA,NA,NA,NA,NA,NA,NA,NA,NA,22.1238095238095
"443",Sep 2018,"Clark Fork River above Missoula",2018-09-10,NA,66.7571428571429,NA,NA,NA,NA,NA,NA,NA,NA,NA,NA,17.1428571428571
"444",Jul 2019,"Clark Fork River above Missoula",2019-07-20,NA,122.800609756098,NA,NA,NA,NA,NA,NA,NA,NA,NA,NA,79.8401951219512
"445",Aug 2019,"Clark Fork River above Missoula",2019-08-04,NA,108.2,NA,NA,NA,NA,NA,NA,NA,NA,NA,NA,53.4361904761905
"446",Sep 2019,"Clark Fork River above Missoula",2019-09-02,NA,101.85,NA,NA,NA,NA,NA,NA,NA,NA,NA,NA,29.7142857142857
"447",Aug 2020,"Clark Fork River above Missoula",2020-08-06,NA,119.346666666667,NA,NA,NA,NA,NA,NA,NA,NA,NA,NA,117.93375
"448",Sep 2020,"Clark Fork River above Missoula",2020-09-03,NA,92.82,NA,NA,NA,NA,NA,NA,NA,NA,NA,NA,36.9171428571429
"449",Aug 2021,"Clark Fork River above Missoula",2021-08-05,NA,196.857142857143,NA,NA,NA,NA,NA,NA,NA,NA,NA,NA,45.1904761904762
"450",Sep 2021,"Clark Fork River above Missoula",2021-09-04,NA,103.761904761905,NA,NA,NA,NA,NA,NA,NA,NA,NA,NA,46.3333333333333
"451",Jul 2022,"Clark Fork River above Missoula",2022-07-24,NA,88.9281756097561,NA,NA,NA,NA,NA,NA,NA,NA,NA,NA,29.7073170731707
"452",Sep 2022,"Clark Fork River above Missoula",2022-09-01,NA,95.7108761904762,NA,NA,NA,NA,NA,NA,NA,NA,NA,NA,40.7142857142857
"453",Aug 2008,"Clark Fork River at Bonita",2008-08-01,NA,112.75,NA,NA,NA,NA,NA,NA,NA,NA,NA,NA,103.72
"454",Sep 2008,"Clark Fork River at Bonita",2008-09-01,NA,259.473684210526,NA,NA,NA,NA,NA,NA,NA,NA,NA,NA,64.3
"455",Aug 2009,"Clark Fork River at Bonita",2009-08-01,NA,144.857142857143,NA,NA,NA,NA,NA,NA,NA,NA,NA,NA,111.7
"456",Sep 2009,"Clark Fork River at Bonita",2009-09-06,NA,225.619047619048,NA,NA,NA,NA,NA,NA,NA,NA,NA,NA,56.35
"457",Aug 2010,"Clark Fork River at Bonita",2010-08-01,NA,61.9894736842105,NA,NA,NA,NA,NA,NA,NA,NA,NA,NA,68.6842105263158
"458",Sep 2010,"Clark Fork River at Bonita",2010-09-10,NA,138.357142857143,NA,NA,NA,NA,NA,NA,NA,NA,NA,NA,82.45
"459",Aug 2011,"Clark Fork River at Bonita",2011-08-01,NA,34.875,NA,NA,NA,NA,NA,NA,NA,NA,NA,NA,16.4444444444444
"460",Sep 2011,"Clark Fork River at Bonita",2011-09-03,NA,69.5555555555556,NA,NA,NA,NA,NA,NA,NA,NA,NA,NA,17.2
"461",Jul 2012,"Clark Fork River at Bonita",2012-07-31,NA,216.142857142857,NA,NA,NA,NA,NA,NA,NA,NA,NA,NA,122.761904761905
"462",Sep 2012,"Clark Fork River at Bonita",2012-09-01,NA,167.85,NA,NA,NA,NA,NA,NA,NA,NA,NA,NA,71.2857142857143
"463",Jun 2013,"Clark Fork River at Bonita",2013-06-28,NA,99,NA,NA,NA,NA,NA,NA,NA,NA,NA,NA,78.0952380952381
"464",Aug 2013,"Clark Fork River at Bonita",2013-08-04,NA,111.952380952381,NA,NA,NA,NA,NA,NA,NA,NA,NA,NA,60.6190476190476
"465",Sep 2013,"Clark Fork River at Bonita",2013-09-01,NA,119.619047619048,NA,NA,NA,NA,NA,NA,NA,NA,NA,NA,63.4761904761905
"466",Aug 2014,"Clark Fork River at Bonita",2014-08-16,NA,129.372093023256,NA,NA,NA,NA,NA,NA,NA,NA,NA,NA,79.1976744186046
"467",Jul 2015,"Clark Fork River at Bonita",2015-07-01,NA,68.9047619047619,NA,NA,NA,NA,NA,NA,NA,NA,NA,NA,97.7619047619048
"468",Aug 2015,"Clark Fork River at Bonita",2015-08-01,NA,179.15,NA,NA,NA,NA,NA,NA,NA,NA,NA,NA,151.9
"469",Sep 2015,"Clark Fork River at Bonita",2015-09-07,NA,57.0476190476191,NA,NA,NA,NA,NA,NA,NA,NA,NA,NA,26.5238095238095
"470",Jul 2016,"Clark Fork River at Bonita",2016-07-17,NA,185.351351351351,NA,NA,NA,NA,NA,NA,NA,NA,NA,NA,178.800810810811
"471",Sep 2016,"Clark Fork River at Bonita",2016-09-04,NA,96.2727272727273,NA,NA,NA,NA,NA,NA,NA,NA,NA,NA,60.1045454545455
"472",Jul 2017,"Clark Fork River at Bonita",2017-07-05,NA,21.7352941176471,NA,NA,NA,NA,NA,NA,NA,NA,NA,NA,24.0823529411765
"473",Aug 2017,"Clark Fork River at Bonita",2017-08-02,NA,25.8619047619048,NA,NA,NA,NA,NA,NA,NA,NA,NA,NA,16.0428571428571
"474",Sep 2017,"Clark Fork River at Bonita",2017-09-03,NA,58.452380952381,NA,NA,NA,NA,NA,NA,NA,NA,NA,NA,31.1619047619048
"475",Aug 2018,"Clark Fork River at Bonita",2018-08-04,NA,24.3714285714286,NA,NA,NA,NA,NA,NA,NA,NA,NA,NA,27.9714285714286
"476",Sep 2018,"Clark Fork River at Bonita",2018-09-04,NA,65.2285714285714,NA,NA,NA,NA,NA,NA,NA,NA,NA,NA,14.6761904761905
"477",Jul 2019,"Clark Fork River at Bonita",2019-07-23,NA,69.4168888888889,NA,NA,NA,NA,NA,NA,NA,NA,NA,NA,72.5528
"478",Aug 2019,"Clark Fork River at Bonita",2019-08-30,NA,117.65,NA,NA,NA,NA,NA,NA,NA,NA,NA,NA,55.8133333333333
"479",Jul 2020,"Clark Fork River at Bonita",2020-07-24,NA,55.5865,NA,NA,NA,NA,NA,NA,NA,NA,NA,NA,77.2117647058824
"480",Aug 2020,"Clark Fork River at Bonita",2020-08-05,NA,69.3933333333333,NA,NA,NA,NA,NA,NA,NA,NA,NA,NA,27.5190476190476
"481",Sep 2020,"Clark Fork River at Bonita",2020-09-01,NA,144.493333333333,NA,NA,NA,NA,NA,NA,NA,NA,NA,NA,29.922380952381
"482",Jul 2021,"Clark Fork River at Bonita",2021-07-13,NA,186.272727272727,NA,NA,NA,NA,NA,NA,NA,NA,NA,NA,137.136363636364
"483",Aug 2021,"Clark Fork River at Bonita",2021-08-03,NA,185,NA,NA,NA,NA,NA,NA,NA,NA,NA,NA,96.4285714285714
"484",Sep 2021,"Clark Fork River at Bonita",2021-09-01,NA,185.761904761905,NA,NA,NA,NA,NA,NA,NA,NA,NA,NA,66.6190476190476
"485",Jul 2022,"Clark Fork River at Bonita",2022-07-15,NA,66.8821666666667,NA,NA,NA,NA,NA,NA,NA,NA,NA,NA,62.6190476190476
"486",Aug 2022,"Clark Fork River at Bonita",2022-08-03,NA,145.048280952381,NA,NA,NA,NA,NA,NA,NA,NA,NA,NA,39.7142857142857
"487",Sep 2022,"Clark Fork River at Bonita",2022-09-01,NA,87.8959476190476,NA,NA,NA,NA,NA,NA,NA,NA,NA,NA,43.2380952380952
"488",Aug 2008,"Clark Fork River at Deer Lodge",2008-08-01,NA,172.071428571429,NA,NA,NA,NA,NA,NA,NA,NA,NA,NA,79.7714285714286
"489",Sep 2008,"Clark Fork River at Deer Lodge",2008-09-01,NA,200.85,NA,NA,NA,NA,NA,NA,NA,NA,NA,NA,45.145
"490",Aug 2009,"Clark Fork River at Deer Lodge",2009-08-01,NA,181.047619047619,NA,NA,NA,NA,NA,NA,NA,NA,NA,NA,51.1
"491",Sep 2009,"Clark Fork River at Deer Lodge",2009-09-06,NA,502.904761904762,NA,NA,NA,NA,NA,NA,NA,NA,NA,NA,91.8
"492",Aug 2010,"Clark Fork River at Deer Lodge",2010-08-01,NA,54.8684210526316,NA,NA,NA,NA,NA,NA,NA,NA,NA,NA,39.375
"493",Sep 2010,"Clark Fork River at Deer Lodge",2010-09-10,NA,155.67,NA,NA,NA,NA,NA,NA,NA,NA,NA,NA,46
"494",Aug 2011,"Clark Fork River at Deer Lodge",2011-08-01,NA,66.1904761904762,NA,NA,NA,NA,NA,NA,NA,NA,NA,NA,16.2380952380952
"495",Sep 2011,"Clark Fork River at Deer Lodge",2011-09-03,NA,44.7647058823529,NA,NA,NA,NA,NA,NA,NA,NA,NA,NA,11.1111111111111
"496",Jul 2012,"Clark Fork River at Deer Lodge",2012-07-31,NA,110.095238095238,NA,NA,NA,NA,NA,NA,NA,NA,NA,NA,50.0476190476191
"497",Sep 2012,"Clark Fork River at Deer Lodge",2012-09-01,NA,180.714285714286,NA,NA,NA,NA,NA,NA,NA,NA,NA,NA,58.3333333333333
"498",Jun 2013,"Clark Fork River at Deer Lodge",2013-06-28,NA,244.9,NA,NA,NA,NA,NA,NA,NA,NA,NA,NA,71.35
"499",Aug 2013,"Clark Fork River at Deer Lodge",2013-08-04,NA,331.448275862069,NA,NA,NA,NA,NA,NA,NA,NA,NA,NA,110.571428571429
"500",Sep 2013,"Clark Fork River at Deer Lodge",2013-09-01,NA,168.115384615385,NA,NA,NA,NA,NA,NA,NA,NA,NA,NA,80.9615384615385
"501",Aug 2014,"Clark Fork River at Deer Lodge",2014-08-16,NA,225.066666666667,NA,NA,NA,NA,NA,NA,NA,NA,NA,NA,65.1333333333333
"502",Jul 2015,"Clark Fork River at Deer Lodge",2015-07-01,NA,188.904761904762,NA,NA,NA,NA,NA,NA,NA,NA,NA,NA,74.1904761904762
"503",Aug 2015,"Clark Fork River at Deer Lodge",2015-08-01,NA,235.285714285714,NA,NA,NA,NA,NA,NA,NA,NA,NA,NA,103.142857142857
"504",Sep 2015,"Clark Fork River at Deer Lodge",2015-09-05,NA,158.380952380952,NA,NA,NA,NA,NA,NA,NA,NA,NA,NA,50.8571428571429
"505",Jul 2016,"Clark Fork River at Deer Lodge",2016-07-17,NA,389.102325581395,NA,NA,NA,NA,NA,NA,NA,NA,NA,NA,118.621162790698
"506",Sep 2016,"Clark Fork River at Deer Lodge",2016-09-04,NA,260.690476190476,NA,NA,NA,NA,NA,NA,NA,NA,NA,NA,81.25
"507",Jul 2017,"Clark Fork River at Deer Lodge",2017-07-05,NA,105.97619047619,NA,NA,NA,NA,NA,NA,NA,NA,NA,NA,53.1
"508",Aug 2017,"Clark Fork River at Deer Lodge",2017-08-02,NA,190.585714285714,NA,NA,NA,NA,NA,NA,NA,NA,NA,NA,99.5619047619048
"509",Sep 2017,"Clark Fork River at Deer Lodge",2017-09-03,NA,76.8666666666667,NA,NA,NA,NA,NA,NA,NA,NA,NA,NA,61.252380952381
"510",Aug 2018,"Clark Fork River at Deer Lodge",2018-08-04,NA,75.8,NA,NA,NA,NA,NA,NA,NA,NA,NA,NA,43.4846153846154
"511",Sep 2018,"Clark Fork River at Deer Lodge",2018-09-04,NA,74.2333333333333,NA,NA,NA,NA,NA,NA,NA,NA,NA,NA,28.5952380952381
"512",Jul 2019,"Clark Fork River at Deer Lodge",2019-07-22,NA,201.985260771429,NA,NA,NA,NA,NA,NA,NA,NA,NA,NA,66.8725623583333
"513",Aug 2019,"Clark Fork River at Deer Lodge",2019-08-30,NA,188.972727273913,NA,NA,NA,NA,NA,NA,NA,NA,NA,NA,75.8909090908696
"514",Jul 2020,"Clark Fork River at Deer Lodge",2020-07-24,NA,103.028666666667,NA,NA,NA,NA,NA,NA,NA,NA,NA,NA,33.006
"515",Aug 2020,"Clark Fork River at Deer Lodge",2020-08-05,NA,274.349375,NA,NA,NA,NA,NA,NA,NA,NA,NA,NA,75.960625
"516",Sep 2020,"Clark Fork River at Deer Lodge",2020-09-01,NA,101.877142857143,NA,NA,NA,NA,NA,NA,NA,NA,NA,NA,38.1595238095238
"517",Jul 2021,"Clark Fork River at Deer Lodge",2021-07-13,NA,120.428571428571,NA,NA,NA,NA,NA,NA,NA,NA,NA,NA,41.9047619047619
"518",Aug 2021,"Clark Fork River at Deer Lodge",2021-08-03,NA,139.571428571429,NA,NA,NA,NA,NA,NA,NA,NA,NA,NA,37.1904761904762
"519",Sep 2021,"Clark Fork River at Deer Lodge",2021-09-02,NA,101.487804878049,NA,NA,NA,NA,NA,NA,NA,NA,NA,NA,30.8095238095238
"520",Jul 2022,"Clark Fork River at Deer Lodge",2022-07-15,NA,187.839265,NA,NA,NA,NA,NA,NA,NA,NA,NA,NA,33.55
"521",Aug 2022,"Clark Fork River at Deer Lodge",2022-08-03,NA,175.938995833333,NA,NA,NA,NA,NA,NA,NA,NA,NA,NA,87.0833333333333
"522",Sep 2022,"Clark Fork River at Deer Lodge",2022-09-03,NA,208.5242,NA,NA,NA,NA,NA,NA,NA,NA,NA,NA,201.695652173913
"523",Aug 2008,"Clark Fork River at Huson",2008-08-01,NA,11.05,NA,NA,NA,NA,NA,NA,NA,NA,NA,NA,6.205
"524",Sep 2008,"Clark Fork River at Huson",2008-09-01,NA,43.15,NA,NA,NA,NA,NA,NA,NA,NA,NA,NA,7.725
"525",Aug 2009,"Clark Fork River at Huson",2009-08-02,NA,39.1904761904762,NA,NA,NA,NA,NA,NA,NA,NA,NA,NA,9.6
"526",Sep 2009,"Clark Fork River at Huson",2009-09-05,NA,51.3333333333333,NA,NA,NA,NA,NA,NA,NA,NA,NA,NA,14.5789473684211
"527",Aug 2010,"Clark Fork River at Huson",2010-08-01,NA,63.7454545454545,NA,NA,NA,NA,NA,NA,NA,NA,NA,NA,20.4285714285714
"528",Sep 2010,"Clark Fork River at Huson",2010-09-10,NA,93.3285714285714,NA,NA,NA,NA,NA,NA,NA,NA,NA,NA,24.15
"529",Aug 2011,"Clark Fork River at Huson",2011-08-02,NA,16.8095238095238,NA,NA,NA,NA,NA,NA,NA,NA,NA,NA,6.8
"530",Sep 2011,"Clark Fork River at Huson",2011-09-04,NA,60,NA,NA,NA,NA,NA,NA,NA,NA,NA,NA,10.6666666666667
"531",Aug 2012,"Clark Fork River at Huson",2012-08-01,NA,25.3333333333333,NA,NA,NA,NA,NA,NA,NA,NA,NA,NA,5.33333333333333
"532",Sep 2012,"Clark Fork River at Huson",2012-09-02,NA,47.3333333333333,NA,NA,NA,NA,NA,NA,NA,NA,NA,NA,9.38095238095238
"533",Jul 2013,"Clark Fork River at Huson",2013-07-31,NA,14,NA,NA,NA,NA,NA,NA,NA,NA,NA,NA,5.28571428571429
"534",Aug 2013,"Clark Fork River at Huson",2013-08-31,NA,22.8571428571429,NA,NA,NA,NA,NA,NA,NA,NA,NA,NA,4.23809523809524
"535",Aug 2014,"Clark Fork River at Huson",2014-08-15,NA,25.3243243243243,NA,NA,NA,NA,NA,NA,NA,NA,NA,NA,9.13421052631579
"536",Aug 2015,"Clark Fork River at Huson",2015-08-02,NA,15.8888888888889,NA,NA,NA,NA,NA,NA,NA,NA,NA,NA,6.1
"537",Sep 2015,"Clark Fork River at Huson",2015-09-06,NA,93.7619047619048,NA,NA,NA,NA,NA,NA,NA,NA,NA,NA,14.047619047619
"538",Jul 2016,"Clark Fork River at Huson",2016-07-29,NA,40.0714285714286,NA,NA,NA,NA,NA,NA,NA,NA,NA,NA,15.7
"539",Sep 2016,"Clark Fork River at Huson",2016-09-03,NA,70.3333333333333,NA,NA,NA,NA,NA,NA,NA,NA,NA,NA,15.6047619047619
"540",Aug 2017,"Clark Fork River at Huson",2017-08-01,NA,25.82,NA,NA,NA,NA,NA,NA,NA,NA,NA,NA,8.97
"541",Sep 2017,"Clark Fork River at Huson",2017-09-02,NA,35.1857142857143,NA,NA,NA,NA,NA,NA,NA,NA,NA,NA,12.1714285714286
"542",Aug 2018,"Clark Fork River at Huson",2018-08-03,NA,26.8571428571429,NA,NA,NA,NA,NA,NA,NA,NA,NA,NA,10.1380952380952
"543",Sep 2018,"Clark Fork River at Huson",2018-09-05,NA,28.7571428571429,NA,NA,NA,NA,NA,NA,NA,NA,NA,NA,7.35714285714286
"544",Aug 2019,"Clark Fork River at Huson",2019-08-02,NA,29.04275,NA,NA,NA,NA,NA,NA,NA,NA,NA,NA,9.0455
"545",Sep 2019,"Clark Fork River at Huson",2019-09-01,NA,68.1,NA,NA,NA,NA,NA,NA,NA,NA,NA,NA,17.25
"546",Aug 2020,"Clark Fork River at Huson",2020-08-03,NA,35.8461904761905,NA,NA,NA,NA,NA,NA,NA,NA,NA,NA,11.6871428571429
"547",Sep 2020,"Clark Fork River at Huson",2020-09-02,NA,80.8466666666667,NA,NA,NA,NA,NA,NA,NA,NA,NA,NA,20.1538095238095
"548",Aug 2021,"Clark Fork River at Huson",2021-08-04,NA,62.9523809523809,NA,NA,NA,NA,NA,NA,NA,NA,NA,NA,16.1904761904762
"549",Sep 2021,"Clark Fork River at Huson",2021-09-02,NA,363.714285714286,NA,NA,NA,NA,NA,NA,NA,NA,NA,NA,64.8095238095238
"550",Aug 2022,"Clark Fork River at Huson",2022-08-01,NA,43.62551875,NA,NA,NA,NA,NA,NA,NA,NA,NA,NA,14.6875
"551",Sep 2022,"Clark Fork River at Huson",2022-09-02,NA,68.8747619047619,NA,NA,NA,NA,NA,NA,NA,NA,NA,NA,23.047619047619
"552",Aug 2008,"Clark Fork River below Missoula",2008-08-01,NA,62.85,NA,NA,NA,NA,NA,NA,NA,NA,NA,NA,15.315
"553",Sep 2008,"Clark Fork River below Missoula",2008-09-01,NA,73.2,NA,NA,NA,NA,NA,NA,NA,NA,NA,NA,13.565
"554",Aug 2009,"Clark Fork River below Missoula",2009-08-03,NA,38,NA,NA,NA,NA,NA,NA,NA,NA,NA,NA,10.75
"555",Sep 2009,"Clark Fork River below Missoula",2009-09-07,NA,360.761904761905,NA,NA,NA,NA,NA,NA,NA,NA,NA,NA,40.7
"556",Aug 2010,"Clark Fork River below Missoula",2010-08-01,NA,66.4047619047619,NA,NA,NA,NA,NA,NA,NA,NA,NA,NA,20.5263157894737
"557",Sep 2010,"Clark Fork River below Missoula",2010-09-10,NA,138.828571428571,NA,NA,NA,NA,NA,NA,NA,NA,NA,NA,31.95
"558",Aug 2011,"Clark Fork River below Missoula",2011-08-03,NA,44.2857142857143,NA,NA,NA,NA,NA,NA,NA,NA,NA,NA,13.0952380952381
"559",Sep 2011,"Clark Fork River below Missoula",2011-09-05,NA,39.3333333333333,NA,NA,NA,NA,NA,NA,NA,NA,NA,NA,8.42857142857143
"560",Aug 2012,"Clark Fork River below Missoula",2012-08-02,NA,32.7619047619048,NA,NA,NA,NA,NA,NA,NA,NA,NA,NA,12.047619047619
"561",Sep 2012,"Clark Fork River below Missoula",2012-09-03,NA,161.380952380952,NA,NA,NA,NA,NA,NA,NA,NA,NA,NA,27.8095238095238
"562",Aug 2013,"Clark Fork River below Missoula",2013-08-01,NA,22.8095238095238,NA,NA,NA,NA,NA,NA,NA,NA,NA,NA,8.04761904761905
"563",Sep 2013,"Clark Fork River below Missoula",2013-09-02,NA,81.4285714285714,NA,NA,NA,NA,NA,NA,NA,NA,NA,NA,14.4761904761905
"564",Jul 2014,"Clark Fork River below Missoula",2014-07-31,NA,44.1578947368421,NA,NA,NA,NA,NA,NA,NA,NA,NA,NA,14.6368421052632
"565",Sep 2014,"Clark Fork River below Missoula",2014-09-01,NA,123.666666666667,NA,NA,NA,NA,NA,NA,NA,NA,NA,NA,19.5380952380952
"566",Jul 2015,"Clark Fork River below Missoula",2015-07-04,NA,228.125,NA,NA,NA,NA,NA,NA,NA,NA,NA,NA,64.375
"567",Aug 2015,"Clark Fork River below Missoula",2015-08-03,NA,100.238095238095,NA,NA,NA,NA,NA,NA,NA,NA,NA,NA,24.7619047619048
"568",Sep 2015,"Clark Fork River below Missoula",2015-09-07,NA,76.3333333333333,NA,NA,NA,NA,NA,NA,NA,NA,NA,NA,16.3333333333333
"569",Jul 2016,"Clark Fork River below Missoula",2016-07-13,NA,252.7425,NA,NA,NA,NA,NA,NA,NA,NA,NA,NA,70.22975
"570",Sep 2016,"Clark Fork River below Missoula",2016-09-02,NA,285.761904761905,NA,NA,NA,NA,NA,NA,NA,NA,NA,NA,51.0238095238095
"571",Jul 2017,"Clark Fork River below Missoula",2017-07-04,NA,13.5047619047619,NA,NA,NA,NA,NA,NA,NA,NA,NA,NA,5.07142857142857
"572",Aug 2017,"Clark Fork River below Missoula",2017-08-05,NA,24.9904761904762,NA,NA,NA,NA,NA,NA,NA,NA,NA,NA,6.58571428571429
"573",Sep 2017,"Clark Fork River below Missoula",2017-09-01,NA,175.838095238095,NA,NA,NA,NA,NA,NA,NA,NA,NA,NA,47.0190476190476
"574",Aug 2018,"Clark Fork River below Missoula",2018-08-05,NA,42.5105263157895,NA,NA,NA,NA,NA,NA,NA,NA,NA,NA,11.4631578947368
"575",Sep 2018,"Clark Fork River below Missoula",2018-09-10,NA,148.361904761905,NA,NA,NA,NA,NA,NA,NA,NA,NA,NA,23.2666666666667
"576",Aug 2019,"Clark Fork River below Missoula",2019-08-03,NA,44.315,NA,NA,NA,NA,NA,NA,NA,NA,NA,NA,15.06725
"577",Sep 2019,"Clark Fork River below Missoula",2019-09-03,NA,253.4,NA,NA,NA,NA,NA,NA,NA,NA,NA,NA,58.55
"578",Aug 2020,"Clark Fork River below Missoula",2020-08-04,NA,55.1357142857143,NA,NA,NA,NA,NA,NA,NA,NA,NA,NA,17.4209523809524
"579",Sep 2020,"Clark Fork River below Missoula",2020-09-02,NA,116.385714285714,NA,NA,NA,NA,NA,NA,NA,NA,NA,NA,24.8833333333333
"580",Jul 2021,"Clark Fork River below Missoula",2021-07-14,NA,57.3333333333333,NA,NA,NA,NA,NA,NA,NA,NA,NA,NA,16.3809523809524
"581",Aug 2021,"Clark Fork River below Missoula",2021-08-02,NA,59.1904761904762,NA,NA,NA,NA,NA,NA,NA,NA,NA,NA,14.047619047619
"582",Jul 2022,"Clark Fork River below Missoula",2022-07-25,NA,53.8609571428571,NA,NA,NA,NA,NA,NA,NA,NA,NA,NA,16.7142857142857
"583",Sep 2022,"Clark Fork River below Missoula",2022-09-02,NA,116.164061904762,NA,NA,NA,NA,NA,NA,NA,NA,NA,NA,21.047619047619
"584",Aug 2008,"Clark Fork River below Missoula",2008-08-24,NA,NA,200,NA,NA,NA,NA,NA,NA,NA,NA,NA,NA
"585",Aug 2022,"Clark Fork River above Flathead",2022-08-22,NA,NA,NA,16.5,NA,NA,NA,NA,NA,NA,NA,NA,NA
"586",Jul 2022,"Clark Fork River above Little Blackfoot",2022-07-13,NA,NA,NA,NA,NA,NA,NA,NA,NA,NA,NA,NA,NA
"587",Jul 2022,"Clark Fork River at Bonita",2022-07-22,NA,NA,NA,21,22.5,8.395,441,22.05,NA,NA,60,8.14,NA
"588",Aug 2016,"Clark Fork River at Deer Lodge",2016-08-17,NA,NA,NA,NA,2.3,8.21,436.45,12.85,283700,NA,12.5,1.13,NA
"589",Jul 2022,"Clark Fork River at Deer Lodge",2022-07-13,NA,NA,NA,NA,2,NA,NA,NA,NA,NA,45,NA,NA
"590",Sep 2009,"Clark Fork River at Huson",2009-09-06,NA,NA,NA,NA,2.97,NA,NA,NA,NA,NA,NA,NA,NA
"591",Aug 2022,"Clark Fork River at Huson",2022-08-22,NA,NA,NA,NA,1.5,NA,NA,NA,NA,NA,NA,NA,NA
"592",Aug 2008,"Clark Fork River above Flathead",2008-08-21,NA,NA,NA,NA,NA,8.67666666666667,221,19.4666666666667,117333.333333333,NA,NA,1.36333333333333,NA
"593",Aug 2009,"Clark Fork River above Flathead",2009-08-15,NA,NA,NA,NA,NA,8.67666666666667,236,20.4333333333333,125333.333333333,NA,NA,1.3,NA
"594",Sep 2009,"Clark Fork River above Flathead",2009-09-10,NA,NA,NA,NA,NA,8.5,249.333333333333,20.1666666666667,132600,157,8.32666666666667,1.36,NA
"595",Aug 2010,"Clark Fork River above Flathead",2010-08-12,NA,NA,NA,NA,NA,8.41333333333333,235.666666666667,22.9,125533.333333333,NA,NA,1.39,NA
"596",Aug 2012,"Clark Fork River above Flathead",2012-08-18,NA,NA,NA,NA,NA,8.48666666666667,207.666666666667,19.0666666666667,134966.666666667,NA,NA,0.823333333333333,NA
"597",Aug 2014,"Clark Fork River above Flathead",2014-08-17,NA,NA,NA,NA,NA,8.17666666666667,237.733333333333,19.2,154666.666666667,NA,NA,1.44,NA
"598",Sep 2015,"Clark Fork River above Flathead",2015-09-15,NA,NA,NA,NA,NA,8.48,240.5,14.25,156650,NA,NA,1.955,NA
"599",Sep 2016,"Clark Fork River above Flathead",2016-09-12,NA,NA,NA,NA,NA,8.375,234.4,14,152450,NA,NA,1.52,NA
"600",Sep 2017,"Clark Fork River above Flathead",2017-09-11,NA,NA,NA,NA,NA,8.215,250.4,14.55,162850,NA,NA,1.435,NA
"601",Jul 2018,"Clark Fork River above Flathead",2018-07-18,NA,NA,NA,NA,NA,8.2,208.25,19.05,135500,NA,NA,3.155,NA
"602",Aug 2018,"Clark Fork River above Flathead",2018-08-12,NA,NA,NA,NA,NA,8.33,239.15,17.95,155350,NA,NA,0.98,NA
"603",Aug 2019,"Clark Fork River above Flathead",2019-08-14,NA,NA,NA,NA,NA,8.57,247.15,20.55,160550,NA,NA,2.32,NA
"604",Aug 2020,"Clark Fork River above Flathead",2020-08-18,NA,NA,NA,NA,NA,8.24,241.35,18.7,NA,NA,NA,1.18,NA
"605",Sep 2020,"Clark Fork River above Flathead",2020-09-14,NA,NA,NA,NA,NA,8.13,260.95,13.85,NA,NA,NA,1.705,NA
"606",Jul 2021,"Clark Fork River above Flathead",2021-07-13,NA,NA,NA,NA,NA,8.525,216,19.9,NA,NA,NA,2.955,NA
"607",Aug 2021,"Clark Fork River above Flathead",2021-08-23,NA,NA,NA,NA,NA,8.36,251.3,18.1,NA,NA,NA,2.25,NA
"608",Sep 2021,"Clark Fork River above Flathead",2021-09-22,NA,NA,NA,NA,NA,8.305,269.7,13.45,NA,NA,NA,2.635,NA
"609",Jul 2008,"Clark Fork River above Little Blackfoot",2008-07-16,NA,NA,NA,NA,NA,8.6,366.666666666667,19.2333333333333,194933.333333333,NA,NA,3.79666666666667,NA
"610",Jul 2009,"Clark Fork River above Little Blackfoot",2009-07-15,NA,NA,NA,NA,NA,8.38,340.666666666667,17.6333333333333,181233.333333333,NA,NA,6.36,NA
"611",Jun 2011,"Clark Fork River above Little Blackfoot",2011-06-25,NA,NA,NA,NA,NA,8.15,254.8,14.6,165400,NA,NA,13.75,NA
"612",Jul 2012,"Clark Fork River above Little Blackfoot",2012-07-18,NA,NA,NA,NA,NA,8.38333333333333,408.866666666667,19.0666666666667,265866.666666667,NA,NA,2.1,NA
"613",Aug 2012,"Clark Fork River above Little Blackfoot",2012-08-17,NA,NA,NA,NA,NA,8.42,410.733333333333,16.6,266966.666666667,NA,NA,2.07333333333333,NA
"614",Aug 2013,"Clark Fork River above Little Blackfoot",2013-08-14,NA,NA,NA,NA,NA,8.385,486.6,16.55,316200,NA,NA,1.52,NA
"615",Aug 2014,"Clark Fork River above Little Blackfoot",2014-08-13,NA,NA,NA,NA,NA,8.105,431.2,18.55,280500,NA,NA,2.145,NA
"616",Aug 2015,"Clark Fork River above Little Blackfoot",2015-08-12,NA,NA,NA,NA,NA,8.21,477.4,14.35,310400,NA,NA,1.585,NA
"617",Aug 2016,"Clark Fork River above Little Blackfoot",2016-08-17,NA,NA,NA,NA,NA,8.145,439.75,13.25,286050,NA,NA,1.195,NA
"618",Aug 2017,"Clark Fork River above Little Blackfoot",2017-08-15,NA,NA,NA,NA,NA,8.23,472.95,16.2,307400,NA,NA,0.875,NA
"619",Aug 2018,"Clark Fork River above Little Blackfoot",2018-08-12,NA,NA,NA,NA,NA,8.505,418.55,16.05,272000,NA,NA,1.815,NA
"620",Sep 2019,"Clark Fork River above Little Blackfoot",2019-09-16,NA,NA,NA,NA,NA,8.205,451.35,14,298475,NA,NA,22.69,NA
"621",Jul 2020,"Clark Fork River above Little Blackfoot",2020-07-22,NA,NA,NA,NA,NA,8.51,364.1,19.7,NA,NA,NA,4.095,NA
"622",Aug 2020,"Clark Fork River above Little Blackfoot",2020-08-17,NA,NA,NA,NA,NA,8.375,448.5,17.95,NA,NA,NA,3.92,NA
"623",Sep 2020,"Clark Fork River above Little Blackfoot",2020-09-13,NA,NA,NA,NA,NA,8.265,489.1,12.35,NA,NA,NA,2.4,NA
"624",Jul 2021,"Clark Fork River above Little Blackfoot",2021-07-14,NA,NA,NA,NA,NA,8.67,476.15,20.75,NA,NA,NA,2.635,NA
"625",Aug 2021,"Clark Fork River above Little Blackfoot",2021-08-22,NA,NA,NA,NA,NA,8.615,498.7,18.75,NA,NA,NA,3.215,NA
"626",Sep 2021,"Clark Fork River above Little Blackfoot",2021-09-23,NA,NA,NA,NA,NA,8.52,509.45,10.55,NA,NA,NA,1.985,NA
"627",Sep 2022,"Clark Fork River above Little Blackfoot",2022-09-20,NA,NA,NA,NA,NA,8.48,524.55,15.7,NA,NA,NA,1.195,NA
"628",Jun 2008,"Clark Fork River above Missoula",2008-06-18,NA,NA,NA,NA,NA,8.28,177.75,11.65,94250,NA,NA,22.1,NA
"629",Aug 2009,"Clark Fork River above Missoula",2009-08-14,NA,NA,NA,NA,NA,7.99333333333333,286.333333333333,18.0666666666667,152233.333333333,161,16.46,2.47,NA
"630",Aug 2010,"Clark Fork River above Missoula",2010-08-11,NA,NA,NA,NA,NA,7.66,283,18.8333333333333,150500,NA,NA,2.24666666666667,NA
"631",Jun 2011,"Clark Fork River above Missoula",2011-06-25,NA,NA,NA,NA,NA,7.935,164.5,12.85,106950,NA,NA,36.25,NA
"632",Aug 2011,"Clark Fork River above Missoula",2011-08-17,NA,NA,NA,NA,NA,8.38333333333333,240.733333333333,15.4,156433.333333333,NA,NA,2.15666666666667,NA
"633",Jun 2012,"Clark Fork River above Missoula",2012-06-23,NA,NA,NA,NA,NA,8.16,162.1,12.3,105300,NA,NA,5.48,NA
"634",Aug 2012,"Clark Fork River above Missoula",2012-08-17,NA,NA,NA,NA,NA,8.35,255.166666666667,16.7,165966.666666667,NA,NA,1.69666666666667,NA
"635",Sep 2013,"Clark Fork River above Missoula",2013-09-11,NA,NA,NA,NA,NA,8.225,294.95,15.15,191800,146.845,NA,NA,NA
"636",Jul 2014,"Clark Fork River above Missoula",2014-07-09,NA,NA,NA,NA,NA,7.795,230.95,16.1,150150,NA,NA,4.01,NA
"637",Jul 2015,"Clark Fork River above Missoula",2015-07-08,NA,NA,NA,NA,NA,8.23,224.7,18.75,146200,NA,NA,1.86,NA
"638",Jul 2016,"Clark Fork River above Missoula",2016-07-13,NA,NA,NA,NA,NA,8.28,247.05,17.4,160550,NA,NA,1.195,NA
"639",Jul 2017,"Clark Fork River above Missoula",2017-07-17,NA,NA,NA,NA,NA,8.175,253,18.9,164450,NA,NA,2.34,NA
"640",Jul 2018,"Clark Fork River above Missoula",2018-07-17,NA,NA,NA,NA,NA,8.185,259,19.15,168350,NA,NA,4.735,NA
"641",Jul 2020,"Clark Fork River above Missoula",2020-07-21,NA,NA,NA,NA,NA,8.18,257.5,18.65,NA,NA,NA,8.16,NA
"642",Aug 2020,"Clark Fork River above Missoula",2020-08-17,NA,NA,NA,NA,NA,8.365,297.3,18.3,NA,NA,NA,2.775,NA
"643",Sep 2020,"Clark Fork River above Missoula",2020-09-13,NA,NA,NA,NA,NA,8.12,324.95,13.85,NA,NA,NA,3.915,NA
"644",Jul 2021,"Clark Fork River above Missoula",2021-07-13,NA,NA,NA,NA,NA,8.49,265.8,18.55,NA,NA,NA,2.745,NA
"645",Aug 2021,"Clark Fork River above Missoula",2021-08-22,NA,NA,NA,NA,NA,8.53,307.45,18.6,NA,NA,NA,4.785,NA
"646",Sep 2021,"Clark Fork River above Missoula",2021-09-22,NA,NA,NA,NA,NA,7.935,326.75,11.85,NA,NA,NA,3.57,NA
"647",Aug 2022,"Clark Fork River above Missoula",2022-08-19,NA,NA,NA,NA,NA,8.465,272.6,20.85,NA,NA,NA,3.14,NA
"648",Jun 2008,"Clark Fork River at Bonita",2008-06-18,NA,NA,NA,NA,NA,8.325,272.55,12.95,144850,NA,NA,25.4,NA
"649",Jul 2009,"Clark Fork River at Bonita",2009-07-15,NA,NA,NA,NA,NA,8.17666666666667,367.666666666667,18.1333333333333,195266.666666667,NA,NA,8.69333333333333,NA
"650",Jul 2010,"Clark Fork River at Bonita",2010-07-14,NA,NA,NA,NA,NA,7.88,363,18.4666666666667,192800,NA,NA,4.80666666666667,NA
"651",Jun 2011,"Clark Fork River at Bonita",2011-06-25,NA,NA,NA,NA,NA,8.105,256.65,15.4,166700,NA,NA,27.3,NA
"652",Jun 2012,"Clark Fork River at Bonita",2012-06-23,NA,NA,NA,NA,NA,8.37,314.45,14.5,204450,NA,NA,5.56,NA
"653",Aug 2012,"Clark Fork River at Bonita",2012-08-17,NA,NA,NA,NA,NA,8.20666666666667,455.2,17.5,295966.666666667,NA,NA,3.65,NA
"654",Jul 2013,"Clark Fork River at Bonita",2013-07-17,NA,NA,NA,NA,NA,8.3,446.4,19,289900,NA,NA,2.075,NA
"655",Jul 2014,"Clark Fork River at Bonita",2014-07-09,NA,NA,NA,NA,NA,8.165,393.75,18.4,256100,NA,NA,6.715,NA
"656",Jul 2015,"Clark Fork River at Bonita",2015-07-08,NA,NA,NA,NA,NA,8.24,395,19.15,256750,NA,NA,1.245,NA
"657",Jul 2016,"Clark Fork River at Bonita",2016-07-13,NA,NA,NA,NA,NA,8.135,465.15,17.3,302300,NA,NA,0.94,NA
"658",Jul 2017,"Clark Fork River at Bonita",2017-07-17,NA,NA,NA,NA,NA,8.26,445.25,19.85,289550,NA,NA,2.985,NA
"659",Jul 2018,"Clark Fork River at Bonita",2018-07-17,NA,NA,NA,NA,NA,8.215,370.45,20.5,240800,NA,NA,5.755,NA
"660",Aug 2019,"Clark Fork River at Bonita",2019-08-13,NA,NA,NA,NA,NA,8.63,412,20.75,265850,NA,NA,3.61,NA
"661",Sep 2019,"Clark Fork River at Bonita",2019-09-16,NA,NA,NA,NA,NA,8.345,468.05,15.3,305700,NA,NA,29.325,NA
"662",Aug 2020,"Clark Fork River at Bonita",2020-08-17,NA,NA,NA,NA,NA,8.4,481.15,19.55,NA,NA,NA,3.015,NA
"663",Sep 2020,"Clark Fork River at Bonita",2020-09-13,NA,NA,NA,NA,NA,8.23,479.45,13.45,NA,NA,NA,5.26,NA
"664",Jul 2021,"Clark Fork River at Bonita",2021-07-14,NA,NA,NA,NA,NA,8.67,548.7,21.65,NA,NA,NA,2.61,NA
"665",Aug 2021,"Clark Fork River at Bonita",2021-08-22,NA,NA,NA,NA,NA,8.655,513.45,19.9,NA,NA,NA,4.595,NA
"666",Sep 2021,"Clark Fork River at Bonita",2021-09-23,NA,NA,NA,NA,NA,8.45,528.4,11.95,NA,NA,NA,4.66,NA
"667",Aug 2022,"Clark Fork River at Bonita",2022-08-19,NA,NA,NA,NA,NA,8.475,519.9,22.4,NA,NA,NA,4.39,NA
"668",Jul 2009,"Clark Fork River at Deer Lodge",2009-07-15,NA,NA,NA,NA,NA,8.44666666666667,313,18.0666666666667,148166.666666667,NA,NA,5.7,NA
"669",Jul 2010,"Clark Fork River at Deer Lodge",2010-07-14,NA,NA,NA,NA,NA,8.30333333333333,288.333333333333,18.6666666666667,153400,NA,NA,4.53333333333333,NA
"670",Aug 2012,"Clark Fork River at Deer Lodge",2012-08-17,NA,NA,NA,NA,NA,8.36,405.233333333333,16.5,263466.666666667,NA,NA,1.88666666666667,NA
"671",Aug 2013,"Clark Fork River at Deer Lodge",2013-08-14,NA,NA,NA,NA,NA,8.255,500.25,17,325300,NA,NA,2.805,NA
"672",Aug 2014,"Clark Fork River at Deer Lodge",2014-08-13,NA,NA,NA,NA,NA,8.335,449.55,18.6,292200,NA,NA,2.65,NA
"673",Aug 2015,"Clark Fork River at Deer Lodge",2015-08-12,NA,NA,NA,NA,NA,8.315,464.8,14.45,302250,NA,NA,1.33,NA
"674",Aug 2017,"Clark Fork River at Deer Lodge",2017-08-15,NA,NA,NA,NA,NA,8.135,421.5,16,274000,NA,NA,1.3,NA
"675",Sep 2018,"Clark Fork River at Deer Lodge",2018-09-11,NA,NA,NA,NA,NA,8.16,441.9,11.45,287350,NA,NA,2.74,NA
"676",Jul 2020,"Clark Fork River at Deer Lodge",2020-07-22,NA,NA,NA,NA,NA,8.47,364.05,19.1,NA,NA,NA,3.44,NA
"677",Aug 2020,"Clark Fork River at Deer Lodge",2020-08-17,NA,NA,NA,NA,NA,8.115,444.65,16.6,NA,NA,NA,2.425,NA
"678",Sep 2020,"Clark Fork River at Deer Lodge",2020-09-13,NA,NA,NA,NA,NA,8.14,485.4,12.75,NA,NA,NA,1.305,NA
"679",Jul 2021,"Clark Fork River at Deer Lodge",2021-07-14,NA,NA,NA,NA,NA,8.44,453.15,19.35,NA,NA,NA,2.77,NA
"680",Aug 2021,"Clark Fork River at Deer Lodge",2021-08-22,NA,NA,NA,NA,NA,8.43,514.05,16.8,NA,NA,NA,3.03,NA
"681",Sep 2021,"Clark Fork River at Deer Lodge",2021-09-23,NA,NA,NA,NA,NA,8.19,532.6,9.65,NA,NA,NA,2.98,NA
"682",Sep 2009,"Clark Fork River at Huson",2009-09-10,NA,NA,NA,NA,NA,8.39333333333333,266.333333333333,18.9,141566.666666667,NA,NA,2.29666666666667,NA
"683",Sep 2010,"Clark Fork River at Huson",2010-09-09,NA,NA,NA,NA,NA,8.38,268,14.6333333333333,143033.333333333,NA,NA,3.75333333333333,NA
"684",Aug 2011,"Clark Fork River at Huson",2011-08-18,NA,NA,NA,NA,NA,8.32333333333333,219.266666666667,17.8666666666667,142566.666666667,NA,NA,2.17,NA
"685",Aug 2012,"Clark Fork River at Huson",2012-08-18,NA,NA,NA,NA,NA,8.37666666666667,229.366666666667,18,149066.666666667,NA,NA,2.16333333333333,NA
"686",Jul 2013,"Clark Fork River at Huson",2013-07-22,NA,NA,NA,NA,NA,8.34,242.233333333333,19.8333333333333,157566.666666667,NA,NA,2.76666666666667,NA
"687",Jul 2016,"Clark Fork River at Huson",2016-07-18,NA,NA,NA,NA,NA,8.355,209.4,19.65,136150,NA,NA,1.37,NA
"688",Aug 2016,"Clark Fork River at Huson",2016-08-18,NA,NA,NA,NA,NA,8.225,237.9,15.15,154700,NA,NA,4.615,NA
"689",Jul 2017,"Clark Fork River at Huson",2017-07-19,NA,NA,NA,NA,NA,7.99,220.95,19.45,143300,NA,NA,2.405,NA
"690",Jul 2018,"Clark Fork River at Huson",2018-07-18,NA,NA,NA,NA,NA,7.97,218.4,18.35,142000,NA,NA,4.1,NA
"691",Sep 2018,"Clark Fork River at Huson",2018-09-12,NA,NA,NA,NA,NA,8.24,277,14.35,180100,NA,NA,1.92,NA
"692",Jul 2019,"Clark Fork River at Huson",2019-07-10,NA,NA,NA,NA,NA,8.36,223,17.35,145275,NA,NA,3.095,NA
"693",Sep 2019,"Clark Fork River at Huson",2019-09-17,NA,NA,NA,NA,NA,8.355,287.45,14.35,186875,NA,NA,4.985,NA
"694",Aug 2020,"Clark Fork River at Huson",2020-08-18,NA,NA,NA,NA,NA,8.075,266.35,18.6,NA,NA,NA,1.995,NA
"695",Sep 2020,"Clark Fork River at Huson",2020-09-14,NA,NA,NA,NA,NA,8.135,290.8,14.7,NA,NA,NA,2.825,NA
"696",Jul 2021,"Clark Fork River at Huson",2021-07-13,NA,NA,NA,NA,NA,8.28,243.3,19.7,NA,NA,NA,1.925,NA
"697",Aug 2021,"Clark Fork River at Huson",2021-08-23,NA,NA,NA,NA,NA,8.08,274.95,17.2,NA,NA,NA,3.945,NA
"698",Sep 2021,"Clark Fork River at Huson",2021-09-22,NA,NA,NA,NA,NA,7.895,300.7,12.25,NA,NA,NA,2.11,NA
"699",Sep 2008,"Clark Fork River below Missoula",2008-09-18,NA,NA,NA,NA,NA,8.655,304.5,11.25,161750,NA,NA,3.385,NA
"700",Sep 2011,"Clark Fork River below Missoula",2011-09-18,NA,NA,NA,NA,NA,8.395,276.55,12.35,179700,NA,NA,2.08,NA
"701",Aug 2012,"Clark Fork River below Missoula",2012-08-18,NA,NA,NA,NA,NA,8.25,246.5,16.1333333333333,160100,NA,NA,2.57666666666667,NA
"702",Sep 2012,"Clark Fork River below Missoula",2012-09-09,NA,NA,NA,NA,NA,8.29,255.05,12.45,165750,NA,NA,1.825,NA
"703",Sep 2013,"Clark Fork River below Missoula",2013-09-12,NA,NA,NA,NA,NA,8.415,293.2,15.25,190450,NA,NA,2.515,NA
"704",Jul 2016,"Clark Fork River below Missoula",2016-07-14,NA,NA,NA,NA,NA,8.34,244.85,16.75,159250,NA,NA,1.63,NA
"705",Jul 2017,"Clark Fork River below Missoula",2017-07-19,NA,NA,NA,NA,NA,8.085,249.05,17.5,161800,NA,NA,2.265,NA
"706",Sep 2018,"Clark Fork River below Missoula",2018-09-13,NA,NA,NA,NA,NA,8.24,310.6,14.15,201850,NA,NA,1.89,NA
"707",Jul 2019,"Clark Fork River below Missoula",2019-07-10,NA,NA,NA,NA,NA,8.485,272,16.3,177130,NA,NA,4.385,NA
"708",Jul 2020,"Clark Fork River below Missoula",2020-07-21,NA,NA,NA,NA,NA,8.255,253.3,18.55,NA,NA,NA,4.19,NA
"709",Aug 2020,"Clark Fork River below Missoula",2020-08-18,NA,NA,NA,NA,NA,8.265,285.35,17.25,NA,NA,NA,2.595,NA
"710",Sep 2020,"Clark Fork River below Missoula",2020-09-13,NA,NA,NA,NA,NA,8.04,298.35,14.05,NA,NA,NA,3.38,NA
"711",Jul 2021,"Clark Fork River below Missoula",2021-07-13,NA,NA,NA,NA,NA,8.44,262.35,17.6,NA,NA,NA,2.045,NA
"712",Aug 2021,"Clark Fork River below Missoula",2021-08-23,NA,NA,NA,NA,NA,8.335,298.7,16.4,NA,NA,NA,4.49,NA
"713",Sep 2021,"Clark Fork River below Missoula",2021-09-22,NA,NA,NA,NA,NA,8.315,323.35,11.95,NA,NA,NA,3.475,NA
"714",Aug 2009,"Clark Fork River above Flathead",2009-08-18,NA,NA,NA,NA,NA,NA,NA,NA,NA,138.25,9.6475,NA,NA
"715",Aug 2022,"Clark Fork River above Flathead",2022-08-11,NA,NA,NA,NA,NA,NA,NA,NA,NA,170,NA,NA,NA
"716",Jul 2009,"Clark Fork River above Little Blackfoot",2009-07-11,NA,NA,NA,NA,NA,NA,NA,NA,NA,325.25,47.4125,NA,NA
"717",Jun 2011,"Clark Fork River above Little Blackfoot",2011-06-29,NA,NA,NA,NA,NA,NA,NA,NA,NA,337,NA,NA,NA
"718",Jul 2022,"Clark Fork River above Little Blackfoot",2022-07-25,NA,NA,NA,NA,NA,NA,NA,NA,NA,223.333333333333,NA,NA,NA
"719",Jul 2009,"Clark Fork River at Bonita",2009-07-11,NA,NA,NA,NA,NA,NA,NA,NA,NA,275.25,53.0075,NA,NA
"720",Jul 2010,"Clark Fork River at Bonita",2010-07-12,NA,NA,NA,NA,NA,NA,NA,NA,NA,241.25,46.5,NA,NA
"721",Jul 2022,"Clark Fork River at Bonita",2022-07-25,NA,NA,NA,NA,NA,NA,NA,NA,NA,210,NA,NA,NA
"722",Jul 2009,"Clark Fork River at Deer Lodge",2009-07-18,NA,NA,NA,NA,NA,NA,NA,NA,NA,317.25,44.8375,NA,NA
"723",Aug 2009,"Clark Fork River at Deer Lodge",2009-08-08,NA,NA,NA,NA,NA,NA,NA,NA,NA,335,NA,NA,NA
"724",Jul 2022,"Clark Fork River at Deer Lodge",2022-07-25,NA,NA,NA,NA,NA,NA,NA,NA,NA,213.333333333333,NA,NA,NA
"725",Sep 2009,"Clark Fork River at Huson",2009-09-08,NA,NA,NA,NA,NA,NA,NA,NA,NA,226.5,13.0675,NA,NA
"726",Aug 2022,"Clark Fork River at Huson",2022-08-11,NA,NA,NA,NA,NA,NA,NA,NA,NA,200,NA,NA,NA
"727",Sep 2013,"Clark Fork River above Missoula",2013-09-18,NA,NA,NA,NA,NA,NA,NA,NA,NA,NA,NA,2.32,NA
"728",Jul 2008,"Clark Fork River at Huson",2008-07-13,NA,NA,NA,NA,NA,NA,NA,NA,NA,NA,NA,5.72,NA
