"","Year","Month","Site","X.x","Group.1","Group.2","ActivityStartDate","Day.x","Chlorophyll.a..corrected.for.pheophytin","Weight","Temperature..water","pH","Specific.conductance","Turbidity","Dissolved.oxygen..DO.","Dissolved.oxygen.saturation","Oxidation.reduction.potential..ORP.","Ammonia","Nitrate...Nitrite","Orthophosphate","Total.dissolved.solids","Total.Nitrogen..mixed.forms","Total.Phosphorus..mixed.forms","Q_CFS.x","Q_CFS.y","anomaly","Days_Since_Freshet","...1","datetime.x","Day.x","Month.x","TN_DISS","TP_DISS","X.y","Begin.date","Day.y","X.Arsenic..water..filtered..micrograms.per.liter","X.Arsenic..water..unfiltered..micrograms.per.liter","X.Cadmium..water..filtered..micrograms.per.liter","X.Cadmium..water..unfiltered..micrograms.per.liter","X.Copper..water..filtered..micrograms.per.liter","X.Copper..water..unfiltered..recoverable..micrograms.per.liter","X.Iron..water..unfiltered..recoverable..micrograms.per.liter","X.Iron..water..filtered..micrograms.per.liter","X.Lead..water..filtered..micrograms.per.liter","X.Lead..water..unfiltered..recoverable..micrograms.per.liter","X.Manganese..water..unfiltered..recoverable..micrograms.per.liter","X.Manganese..water..filtered..micrograms.per.liter","X.Zinc..water..filtered..micrograms.per.liter","X.Zinc..water..unfiltered..recoverable..micrograms.per.liter"
"1",1998,7,"BN",NA,NA,NA,NA,NA,NA,NA,NA,NA,NA,NA,NA,NA,NA,NA,NA,NA,NA,NA,NA,NA,NA,NA,NA,NA,NA,NA,NA,NA,NA,1,NA,15.5,13.5,17,0.15,1,7.8,43.75,1090,21.6,0.6,7.6,130,16.05,10,65
"2",1998,7,"DL",NA,NA,NA,NA,NA,NA,NA,NA,NA,NA,NA,NA,NA,NA,NA,NA,NA,NA,NA,NA,NA,NA,NA,NA,NA,NA,NA,NA,NA,NA,73,NA,29,16,20,0.1,1,11.7,55.7,840,16.8,0.6,6.2,130,25.8,10,50
"3",1998,7,"MS",NA,NA,NA,NA,NA,NA,NA,NA,NA,NA,NA,NA,NA,NA,NA,NA,NA,NA,NA,NA,NA,NA,NA,NA,NA,NA,NA,NA,NA,NA,202,NA,22.11111111,5.222222222,9.333333333,0.1,1,5.277777778,44.68888889,1504.444444,24.93333333,0.6,6.288888889,141.1111111,5.403333333,10,62.22222222
"4",1998,9,"BN",NA,NA,NA,NA,NA,NA,NA,NA,NA,NA,NA,NA,NA,NA,NA,NA,NA,NA,NA,NA,NA,NA,NA,NA,NA,NA,NA,NA,NA,NA,48,NA,24,13,13,0.1,1,4.1,8.6,130,5,0.6,1,50,12.2,10,10
"5",1998,9,"DL",NA,NA,NA,NA,NA,NA,NA,NA,NA,NA,NA,NA,NA,NA,NA,NA,NA,NA,NA,NA,NA,NA,NA,NA,NA,NA,NA,NA,NA,NA,120,NA,21,19,20,0.1,1,6.1,10,70,5,0.6,1,40,23.9,10,10
"6",1998,9,"MS",NA,NA,NA,NA,NA,NA,NA,NA,NA,NA,NA,NA,NA,NA,NA,NA,NA,NA,NA,NA,NA,NA,NA,NA,NA,NA,NA,NA,NA,NA,249,NA,25,4,4,0.1,1,1.5,3.1,80,5,0.6,1,30,15.1,10,10
"7",1999,7,"BN",NA,NA,NA,NA,NA,NA,NA,NA,NA,NA,NA,NA,NA,NA,NA,NA,NA,NA,NA,NA,NA,NA,NA,NA,NA,NA,NA,NA,NA,NA,2,NA,15,12.5,18.5,0.1,1,8.1,54.3,1242.5,18.4,0.5,8.6,157.5,11.55,13.95,70
"8",1999,7,"DL",NA,NA,NA,NA,NA,NA,NA,NA,NA,NA,NA,NA,NA,NA,NA,NA,NA,NA,NA,NA,NA,NA,NA,NA,NA,NA,NA,NA,NA,NA,74,NA,16,16,23.5,0.1,1,9.9,64.1,915.5,16.6,0.5,7.4,145.5,19.15,20,44.2
"9",1999,7,"FH",NA,NA,NA,NA,NA,NA,NA,NA,NA,NA,NA,NA,NA,NA,NA,NA,NA,NA,NA,NA,NA,NA,NA,NA,NA,NA,NA,NA,NA,NA,146,NA,14.5,1.5,2,NA,1,2.2,10.5,729.5,17.25,1,1.75,49.2,2.935,1.95,40
"10",1999,7,"MS",NA,NA,NA,NA,NA,NA,NA,NA,NA,NA,NA,NA,NA,NA,NA,NA,NA,NA,NA,NA,NA,NA,NA,NA,NA,NA,NA,NA,NA,NA,203,NA,9,2.833333333,5,0.1,1,4.016666667,27.85,908.3333333,27.96666667,0.5,4.133333333,83.6,5.635,9.316666667,42.98333333
"11",1999,8,"FH",NA,NA,NA,NA,NA,NA,NA,NA,NA,NA,NA,NA,NA,NA,NA,NA,NA,NA,NA,NA,NA,NA,NA,NA,NA,NA,NA,NA,NA,NA,154,NA,20,1,1,NA,1,1.3,12,41.6,8.5,1,1,7.62,2.34,1.3,40
"12",1999,9,"BN",NA,NA,NA,NA,NA,NA,NA,NA,NA,NA,NA,NA,NA,NA,NA,NA,NA,NA,NA,NA,NA,NA,NA,NA,NA,NA,NA,NA,NA,NA,49,NA,13,13,13,0.1,1,4.9,19.1,373,10,0.5,2.8,128,9,3.6,33.9
"13",1999,9,"DL",NA,NA,NA,NA,NA,NA,NA,NA,NA,NA,NA,NA,NA,NA,NA,NA,NA,NA,NA,NA,NA,NA,NA,NA,NA,NA,NA,NA,NA,NA,121,NA,13,18,20,0.1,1,7.2,32.1,377,7,0.5,3.5,147,23.2,4.9,38.2
"14",1999,9,"FH",NA,NA,NA,NA,NA,NA,NA,NA,NA,NA,NA,NA,NA,NA,NA,NA,NA,NA,NA,NA,NA,NA,NA,NA,NA,NA,NA,NA,NA,NA,155,NA,18,2,3,NA,1,1.3,12,77.5,6.6,1,1,16.9,1.78,1.4,40
"15",1999,9,"MS",NA,NA,NA,NA,NA,NA,NA,NA,NA,NA,NA,NA,NA,NA,NA,NA,NA,NA,NA,NA,NA,NA,NA,NA,NA,NA,NA,NA,NA,NA,250,NA,21,4.142857143,5.142857143,0.1,0.271428571,1.814285714,8.542857143,200,8.985714286,0.5,2.042857143,54.41428571,3.55,1.442857143,32.4
"16",2000,7,"BN",NA,NA,NA,NA,NA,NA,NA,NA,NA,NA,NA,NA,NA,NA,NA,NA,NA,NA,NA,NA,NA,NA,NA,NA,NA,NA,NA,NA,NA,NA,3,NA,5,12.4,12,0.1,0.1,4.6,10.4,108,10,1,1,46.4,15.1,6,9
"17",2000,7,"DL",NA,NA,NA,NA,NA,NA,NA,NA,NA,NA,NA,NA,NA,NA,NA,NA,NA,NA,NA,NA,NA,NA,NA,NA,NA,NA,NA,NA,NA,NA,75,NA,5,16.9,19,0.1,0.1,6.8,28.8,335,7.4,1,3.23,157,64.2,12.4,28
"18",2000,7,"FH",NA,NA,NA,NA,NA,NA,NA,NA,NA,NA,NA,NA,NA,NA,NA,NA,NA,NA,NA,NA,NA,NA,NA,NA,NA,NA,NA,NA,NA,NA,147,NA,20,0.9,3,NA,0.1,1,20,104,8,1,1,10.3,2.07,1,31
"19",2000,7,"MS",NA,NA,NA,NA,NA,NA,NA,NA,NA,NA,NA,NA,NA,NA,NA,NA,NA,NA,NA,NA,NA,NA,NA,NA,NA,NA,NA,NA,NA,NA,204,NA,5,1.9,2,0.1,0.1,2,6.2,97.6,10,1,1,17.5,9.84,3.5,2
"20",2000,8,"BN",NA,NA,NA,NA,NA,NA,NA,NA,NA,NA,NA,NA,NA,NA,NA,NA,NA,NA,NA,NA,NA,NA,NA,NA,NA,NA,NA,NA,NA,NA,26,NA,21,10.3,13,0.1,0.1,3.7,8.3,93.3,10,1,1,57.2,12.7,2.7,10
"21",2000,8,"DL",NA,NA,NA,NA,NA,NA,NA,NA,NA,NA,NA,NA,NA,NA,NA,NA,NA,NA,NA,NA,NA,NA,NA,NA,NA,NA,NA,NA,NA,NA,98,NA,21,12,15,0.1,0.1,5.8,12.7,97.8,10,1,1.03,85.5,47.2,3.6,11
"22",2000,8,"MS",NA,NA,NA,NA,NA,NA,NA,NA,NA,NA,NA,NA,NA,NA,NA,NA,NA,NA,NA,NA,NA,NA,NA,NA,NA,NA,NA,NA,NA,NA,227,NA,21,2.3,3,0.1,0.1,0.7,2.3,79.5,6.4,1,1,25.5,14.2,2.6,3
"23",2000,9,"FH",NA,NA,NA,NA,NA,NA,NA,NA,NA,NA,NA,NA,NA,NA,NA,NA,NA,NA,NA,NA,NA,NA,NA,NA,NA,NA,NA,NA,NA,NA,156,NA,15.5,1.65,2.5,NA,0.1,1.1,20,32.05,8.15,1,0.8,17.65,2.95,1.1,31
"24",2000,10,"BN",NA,NA,NA,NA,NA,NA,NA,NA,NA,NA,NA,NA,NA,NA,NA,NA,NA,NA,NA,NA,NA,NA,NA,NA,NA,NA,NA,NA,NA,NA,71,NA,5,10.8,11,0.1,0.1,7.9,7.6,91.3,10,1,1,36.5,6.77,3.8,11
"25",2000,10,"DL",NA,NA,NA,NA,NA,NA,NA,NA,NA,NA,NA,NA,NA,NA,NA,NA,NA,NA,NA,NA,NA,NA,NA,NA,NA,NA,NA,NA,NA,NA,143,NA,5,12.2,15,0.1,0.2,5.2,38.1,494,10,1,4.9,185,28.7,4.7,45
"26",2000,10,"MS",NA,NA,NA,NA,NA,NA,NA,NA,NA,NA,NA,NA,NA,NA,NA,NA,NA,NA,NA,NA,NA,NA,NA,NA,NA,NA,NA,NA,NA,NA,273,NA,6,2.9,3,0.1,0.1,1.6,2.7,56.2,10,1,1,15.4,6.2,1.1,3
"27",2001,7,"BN",NA,NA,NA,NA,NA,NA,NA,NA,NA,NA,NA,NA,NA,NA,NA,NA,NA,NA,NA,NA,NA,NA,NA,NA,NA,NA,NA,NA,NA,NA,4,NA,4,9.9,16,0.1,0.3,7,41,793,20.7,NA,8.34,225,60.7,5.9,63
"28",2001,7,"DL",NA,NA,NA,NA,NA,NA,NA,NA,NA,NA,NA,NA,NA,NA,NA,NA,NA,NA,NA,NA,NA,NA,NA,NA,NA,NA,NA,NA,NA,NA,76,NA,4,16.3,31,0.1,0.5,19.1,119,1310,36.1,NA,15.7,410,82.2,11.9,109
"29",2001,7,"MS",NA,NA,NA,NA,NA,NA,NA,NA,NA,NA,NA,NA,NA,NA,NA,NA,NA,NA,NA,NA,NA,NA,NA,NA,NA,NA,NA,NA,NA,NA,205,NA,5,4.1,6,0.1,0.1,4.3,16.8,330,18.5,1,3.06,73.7,12.9,2.6,26
"30",2001,8,"BN",NA,NA,NA,NA,NA,NA,NA,NA,NA,NA,NA,NA,NA,NA,NA,NA,NA,NA,NA,NA,NA,NA,NA,NA,NA,NA,NA,NA,NA,NA,27,NA,24,11.5,15,0.1,0.1,3.4,16.3,340,5.1,1,2.72,98.1,22.8,3.7,23
"31",2001,8,"DL",NA,NA,NA,NA,NA,NA,NA,NA,NA,NA,NA,NA,NA,NA,NA,NA,NA,NA,NA,NA,NA,NA,NA,NA,NA,NA,NA,NA,NA,NA,99,NA,23,16.8,22,0.1,0.1,8.7,27.9,327,7.8,1,3,132,23.7,4,24
"32",2001,8,"MS",NA,NA,NA,NA,NA,NA,NA,NA,NA,NA,NA,NA,NA,NA,NA,NA,NA,NA,NA,NA,NA,NA,NA,NA,NA,NA,NA,NA,NA,NA,228,NA,24,4.4,6,0.1,0.1,2.6,5.8,108,9.1,1,1,42.6,20.1,1.5,7
"33",2001,9,"MS",NA,NA,NA,NA,NA,NA,NA,NA,NA,NA,NA,NA,NA,NA,NA,NA,NA,NA,NA,NA,NA,NA,NA,NA,NA,NA,NA,NA,NA,NA,251,NA,19,3.6,4,0.1,0.1,1.45,4,99.9,8.3,1,1,32.95,NA,1,4.5
"34",2001,10,"BN",NA,NA,NA,NA,NA,NA,NA,NA,NA,NA,NA,NA,NA,NA,NA,NA,NA,NA,NA,NA,NA,NA,NA,NA,NA,NA,NA,NA,NA,NA,72,NA,4,9.4,10,0.1,0.1,3.4,4.6,19.7,10,1,1,8.04,4.45,1.2,3
"35",2001,10,"DL",NA,NA,NA,NA,NA,NA,NA,NA,NA,NA,NA,NA,NA,NA,NA,NA,NA,NA,NA,NA,NA,NA,NA,NA,NA,NA,NA,NA,NA,NA,144,NA,4,10.9,12,0.1,0.1,6,8.2,27.2,10,1,1,11.9,5.7,1.3,4
"36",2001,10,"MS",NA,NA,NA,NA,NA,NA,NA,NA,NA,NA,NA,NA,NA,NA,NA,NA,NA,NA,NA,NA,NA,NA,NA,NA,NA,NA,NA,NA,NA,NA,274,NA,5,3,3,0.1,0.1,0.9,2.7,66.5,10,1,1,27.1,10.2,1,4
"37",2002,7,"BN",NA,NA,NA,NA,NA,NA,NA,NA,NA,NA,NA,NA,NA,NA,NA,NA,NA,NA,NA,NA,NA,NA,NA,NA,NA,NA,NA,NA,NA,NA,5,NA,14.5,12.1,16,0.036,0.281,6.2,41.15,788.5,10,0.1255,6.705,131.9,10.65,4.85,50.5
"38",2002,7,"DL",NA,NA,NA,NA,NA,NA,NA,NA,NA,NA,NA,NA,NA,NA,NA,NA,NA,NA,NA,NA,NA,NA,NA,NA,NA,NA,NA,NA,NA,NA,77,NA,14,20.45,29,0.0565,0.3685,9.5,63.1,922,15.35,0.1475,8.48,211.45,20.6,5.6,57.5
"39",2002,7,"FH",NA,NA,NA,NA,NA,NA,NA,NA,NA,NA,NA,NA,NA,NA,NA,NA,NA,NA,NA,NA,NA,NA,NA,NA,NA,NA,NA,NA,NA,NA,148,NA,18,NA,1,NA,0.1,NA,10.8,NA,NA,NA,2.43,NA,NA,NA,13
"40",2002,7,"MS",NA,NA,NA,NA,NA,NA,NA,NA,NA,NA,NA,NA,NA,NA,NA,NA,NA,NA,NA,NA,NA,NA,NA,NA,NA,NA,NA,NA,NA,NA,206,NA,15,2.2,3.5,0.031,0.099,1.6,10.35,532.5,16.55,0.059,2.03,50.1,8.24,1.55,17
"41",2002,9,"BN",NA,NA,NA,NA,NA,NA,NA,NA,NA,NA,NA,NA,NA,NA,NA,NA,NA,NA,NA,NA,NA,NA,NA,NA,NA,NA,NA,NA,NA,NA,50,NA,21,11.3,10,0.028,0.039,3,4.9,40.2,10,0.08,1,22.5,10.9,2.7,6
"42",2002,9,"DL",NA,NA,NA,NA,NA,NA,NA,NA,NA,NA,NA,NA,NA,NA,NA,NA,NA,NA,NA,NA,NA,NA,NA,NA,NA,NA,NA,NA,NA,NA,122,NA,22,12.7,13,0.08,0.055,10.7,15.7,99.8,5.4,0.048,1,15.6,8.45,8.3,11
"43",2002,9,"MS",NA,NA,NA,NA,NA,NA,NA,NA,NA,NA,NA,NA,NA,NA,NA,NA,NA,NA,NA,NA,NA,NA,NA,NA,NA,NA,NA,NA,NA,NA,252,NA,16.36842105,4.305263158,7.315789474,0.033157895,0.369105263,1.647368421,41.75263158,1057.563158,10.2,0.128421053,7.268421053,88.02105263,2.863157895,5.221052632,85.68421053
"44",2003,7,"BN",NA,NA,NA,NA,NA,NA,NA,NA,NA,NA,NA,NA,NA,NA,NA,NA,NA,NA,NA,NA,NA,NA,NA,NA,NA,NA,NA,NA,NA,NA,6,NA,10,13.25,20.5,0.077,0.347,9.85,63.25,1241,24.25,0.2395,10.195,167.25,18.05,6.8,73
"45",2003,7,"DL",NA,NA,NA,NA,NA,NA,NA,NA,NA,NA,NA,NA,NA,NA,NA,NA,NA,NA,NA,NA,NA,NA,NA,NA,NA,NA,NA,NA,NA,NA,78,NA,8.5,20.35,37,0.0705,0.5395,14.15,139.65,1701.5,34.2,0.3375,19.39,250.8,33.55,7.45,99.5
"46",2003,7,"FH",NA,NA,NA,NA,NA,NA,NA,NA,NA,NA,NA,NA,NA,NA,NA,NA,NA,NA,NA,NA,NA,NA,NA,NA,NA,NA,NA,NA,NA,NA,149,NA,13,NA,3,NA,0.2,NA,12,NA,NA,NA,1.76,NA,NA,NA,14
"47",2003,7,"MS",NA,NA,NA,NA,NA,NA,NA,NA,NA,NA,NA,NA,NA,NA,NA,NA,NA,NA,NA,NA,NA,NA,NA,NA,NA,NA,NA,NA,NA,NA,207,NA,5.5,4.375,7.75,0.03175,0.2245,4.95,34.375,1192,28.725,0.16825,6.1175,110.675,7.8225,4.125,59
"48",2003,8,"BN",NA,NA,NA,NA,NA,NA,NA,NA,NA,NA,NA,NA,NA,NA,NA,NA,NA,NA,NA,NA,NA,NA,NA,NA,NA,NA,NA,NA,NA,NA,28,NA,29,14,13,0.033,0.045,4.7,7.2,43.9,8,0.08,0.34,25.7,9.87,2.9,6
"49",2003,8,"DL",NA,NA,NA,NA,NA,NA,NA,NA,NA,NA,NA,NA,NA,NA,NA,NA,NA,NA,NA,NA,NA,NA,NA,NA,NA,NA,NA,NA,NA,NA,100,NA,29,17.8,17,0.06,0.072,8,13.5,76,9.2,0.08,0.67,48.3,34.4,8,13
"50",2003,8,"MS",NA,NA,NA,NA,NA,NA,NA,NA,NA,NA,NA,NA,NA,NA,NA,NA,NA,NA,NA,NA,NA,NA,NA,NA,NA,NA,NA,NA,NA,NA,229,NA,29,4,4,0.037,0.022,1.9,3.5,71.5,8,0.08,0.32,28,15.9,1.1,4
"51",2003,9,"BN",NA,NA,NA,NA,NA,NA,NA,NA,NA,NA,NA,NA,NA,NA,NA,NA,NA,NA,NA,NA,NA,NA,NA,NA,NA,NA,NA,NA,NA,NA,51,NA,26,11.4,14,0.025,0.08,3.7,9.4,129,8,0.08,0.98,78.9,10.4,2.8,12
"52",2003,9,"DL",NA,NA,NA,NA,NA,NA,NA,NA,NA,NA,NA,NA,NA,NA,NA,NA,NA,NA,NA,NA,NA,NA,NA,NA,NA,NA,NA,NA,NA,NA,123,NA,25,15.8,20,0.039,0.106,6.6,17.8,149,8,0.057,1.46,73.4,17.1,2.6,13
"53",2003,9,"FH",NA,NA,NA,NA,NA,NA,NA,NA,NA,NA,NA,NA,NA,NA,NA,NA,NA,NA,NA,NA,NA,NA,NA,NA,NA,NA,NA,NA,NA,NA,157,NA,14,NA,2,NA,0.035,NA,2.1,NA,NA,NA,0.1,NA,NA,NA,2
"54",2003,9,"MS",NA,NA,NA,NA,NA,NA,NA,NA,NA,NA,NA,NA,NA,NA,NA,NA,NA,NA,NA,NA,NA,NA,NA,NA,NA,NA,NA,NA,NA,NA,253,NA,26,3.6,4,0.037,0.029,2,4.3,68.6,4.6,0.08,0.39,28,14.5,1.2,5
"55",2004,7,"BN",NA,NA,NA,NA,NA,NA,NA,NA,NA,NA,NA,NA,NA,NA,NA,NA,NA,NA,NA,NA,NA,NA,NA,NA,NA,NA,NA,NA,NA,NA,7,NA,7.5,10.5,13,0.032,0.1145,4.45,14.7,312.5,8.15,0.0835,2.32,72.8,15.7,2.75,19
"56",2004,7,"DL",NA,NA,NA,NA,NA,NA,NA,NA,NA,NA,NA,NA,NA,NA,NA,NA,NA,NA,NA,NA,NA,NA,NA,NA,NA,NA,NA,NA,NA,NA,79,NA,7,17.9,24,0.046,0.151,6.15,23.2,305.5,9.3,0.063,2.47,105.6,30.7,3.65,21
"57",2004,7,"MS",NA,NA,NA,NA,NA,NA,NA,NA,NA,NA,NA,NA,NA,NA,NA,NA,NA,NA,NA,NA,NA,NA,NA,NA,NA,NA,NA,NA,NA,NA,208,NA,8.5,2.45,2.5,0.04,0.057,1.6,6.2,213,13.7,0.046,0.965,31.15,14.6,2,10
"58",2004,8,"BN",NA,NA,NA,NA,NA,NA,NA,NA,NA,NA,NA,NA,NA,NA,NA,NA,NA,NA,NA,NA,NA,NA,NA,NA,NA,NA,NA,NA,NA,NA,29,NA,20,12.8,12,0.02,0.061,3.6,6.7,95.8,3.7,0.053,0.8,41,11,1.7,7
"59",2004,8,"DL",NA,NA,NA,NA,NA,NA,NA,NA,NA,NA,NA,NA,NA,NA,NA,NA,NA,NA,NA,NA,NA,NA,NA,NA,NA,NA,NA,NA,NA,NA,101,NA,19,17.8,17,0.024,0.137,7,10.9,60.8,4.4,0.08,0.52,21.5,8.08,0.9,7
"60",2004,8,"MS",NA,NA,NA,NA,NA,NA,NA,NA,NA,NA,NA,NA,NA,NA,NA,NA,NA,NA,NA,NA,NA,NA,NA,NA,NA,NA,NA,NA,NA,NA,230,NA,20,3.5,5,0.04,0.138,1.5,13.9,400,15.5,0.096,2.33,66.7,37.7,0.8,25
"61",2004,9,"BN",NA,NA,NA,NA,NA,NA,NA,NA,NA,NA,NA,NA,NA,NA,NA,NA,NA,NA,NA,NA,NA,NA,NA,NA,NA,NA,NA,NA,NA,NA,52,NA,23,12.1,12,0.026,0.067,3.8,7.7,132,3.3,0.045,0.98,45.4,6.83,2.9,11
"62",2004,9,"DL",NA,NA,NA,NA,NA,NA,NA,NA,NA,NA,NA,NA,NA,NA,NA,NA,NA,NA,NA,NA,NA,NA,NA,NA,NA,NA,NA,NA,NA,NA,124,NA,20,14.7,16,0.035,0.102,6.6,14.2,159,6.4,0.08,1.35,116,34.1,2.6,13
"63",2004,9,"MS",NA,NA,NA,NA,NA,NA,NA,NA,NA,NA,NA,NA,NA,NA,NA,NA,NA,NA,NA,NA,NA,NA,NA,NA,NA,NA,NA,NA,NA,NA,254,NA,23,3.2,4,0.04,0.058,1.4,4.5,141,3.3,0.08,0.64,24.9,11.9,1,9
"64",2005,7,"BN",NA,NA,NA,NA,NA,NA,NA,NA,NA,NA,NA,NA,NA,NA,NA,NA,NA,NA,NA,NA,NA,NA,NA,NA,NA,NA,NA,NA,NA,NA,8,NA,12.5,12.55,24,0.067,0.55,10.7,97.15,2102,25.5,0.2395,15.24,270,16.05,7.2,123
"65",2005,7,"DL",NA,NA,NA,NA,NA,NA,NA,NA,NA,NA,NA,NA,NA,NA,NA,NA,NA,NA,NA,NA,NA,NA,NA,NA,NA,NA,NA,NA,NA,NA,80,NA,12.5,20.05,35,0.0665,0.4755,12.05,97.2,1715,28.75,0.1955,14.15,297,26.95,7.75,79.5
"66",2005,7,"MS",NA,NA,NA,NA,NA,NA,NA,NA,NA,NA,NA,NA,NA,NA,NA,NA,NA,NA,NA,NA,NA,NA,NA,NA,NA,NA,NA,NA,NA,NA,209,NA,16,4.7,6.5,0.032,0.1515,4.25,23.35,629.5,23.85,0.129,3.775,85.4,10.81,3.85,33.5
"67",2005,8,"BN",NA,NA,NA,NA,NA,NA,NA,NA,NA,NA,NA,NA,NA,NA,NA,NA,NA,NA,NA,NA,NA,NA,NA,NA,NA,NA,NA,NA,NA,NA,30,NA,26,11.5,12.7,0.036,0.043,4.3,6.1,43.5,6,0.04,0.3,20.5,11.7,2.9,5
"68",2005,8,"DL",NA,NA,NA,NA,NA,NA,NA,NA,NA,NA,NA,NA,NA,NA,NA,NA,NA,NA,NA,NA,NA,NA,NA,NA,NA,NA,NA,NA,NA,NA,102,NA,26,16.2,17.1,0.055,0.063,8.6,11.8,40.3,7.5,0.065,0.37,18.4,13,5.1,7
"69",2005,8,"MS",NA,NA,NA,NA,NA,NA,NA,NA,NA,NA,NA,NA,NA,NA,NA,NA,NA,NA,NA,NA,NA,NA,NA,NA,NA,NA,NA,NA,NA,NA,231,NA,27,3.8,4,0.04,0.063,2.4,6.1,84.8,9.3,0.054,0.52,24.7,13.8,1.3,8
"70",2005,9,"BN",NA,NA,NA,NA,NA,NA,NA,NA,NA,NA,NA,NA,NA,NA,NA,NA,NA,NA,NA,NA,NA,NA,NA,NA,NA,NA,NA,NA,NA,NA,53,NA,24,11.6,11.7,0.033,0.038,4.2,6.3,50.5,6.8,0.08,0.45,29.7,7.35,2.6,6
"71",2005,9,"DL",NA,NA,NA,NA,NA,NA,NA,NA,NA,NA,NA,NA,NA,NA,NA,NA,NA,NA,NA,NA,NA,NA,NA,NA,NA,NA,NA,NA,NA,NA,125,NA,24,14.2,15.9,0.061,0.072,8.4,14.2,74.1,6.3,0.041,0.69,46.7,21.6,10.8,13
"72",2005,9,"MS",NA,NA,NA,NA,NA,NA,NA,NA,NA,NA,NA,NA,NA,NA,NA,NA,NA,NA,NA,NA,NA,NA,NA,NA,NA,NA,NA,NA,NA,NA,255,NA,24,3.7,3.9,0.04,0.03,1.8,4.2,80.5,7,0.04,0.46,30.1,14.1,1.2,5
"73",2006,7,"BN",NA,NA,NA,NA,NA,NA,NA,NA,NA,NA,NA,NA,NA,NA,NA,NA,NA,NA,NA,NA,NA,NA,NA,NA,NA,NA,NA,NA,NA,NA,9,NA,14,13.3,20.6,0.04,0.325,8.8,52.5,1120,14.8,0.13,8.8,184,8.56,5,59
"74",2006,7,"DL",NA,NA,NA,NA,NA,NA,NA,NA,NA,NA,NA,NA,NA,NA,NA,NA,NA,NA,NA,NA,NA,NA,NA,NA,NA,NA,NA,NA,NA,NA,81,NA,13,19.8,27.2,0.06,0.277,10.6,59.6,851,16.7,0.13,7.12,135,23.3,5,42
"75",2006,7,"FH",NA,NA,NA,NA,NA,NA,NA,NA,NA,NA,NA,NA,NA,NA,NA,NA,NA,NA,NA,NA,NA,NA,NA,NA,NA,NA,NA,NA,NA,NA,150,NA,13.6,1.66,2.1,0.04,0.0472,1.68,5.86,376.4,16.82,0.0748,1.068,26.7,3.448,1.72,8.8
"76",2006,7,"MS",NA,NA,NA,NA,NA,NA,NA,NA,NA,NA,NA,NA,NA,NA,NA,NA,NA,NA,NA,NA,NA,NA,NA,NA,NA,NA,NA,NA,NA,NA,210,NA,15.75,3.4,5.65,0.04,0.1505,2.15,19.925,591.25,12.85,0.08875,2.86,51,13.6,2.35,35
"77",2006,8,"BN",NA,NA,NA,NA,NA,NA,NA,NA,NA,NA,NA,NA,NA,NA,NA,NA,NA,NA,NA,NA,NA,NA,NA,NA,NA,NA,NA,NA,NA,NA,31,NA,25,12.2,12.1,0.02,0.035,4.1,6.1,27.1,6,0.08,0.21,15.2,6.96,1.5,3
"78",2006,8,"DL",NA,NA,NA,NA,NA,NA,NA,NA,NA,NA,NA,NA,NA,NA,NA,NA,NA,NA,NA,NA,NA,NA,NA,NA,NA,NA,NA,NA,NA,NA,103,NA,25,16.7,24.4,0.06,0.096,8.6,15.3,104,5.7,0.07,0.96,73.1,52.1,8.1,14
"79",2006,8,"MS",NA,NA,NA,NA,NA,NA,NA,NA,NA,NA,NA,NA,NA,NA,NA,NA,NA,NA,NA,NA,NA,NA,NA,NA,NA,NA,NA,NA,NA,NA,232,NA,25,3.6,4.2,0.03,0.109,2,14.6,192,6.1,0.08,1.98,27.3,12.8,1.2,21
"80",2006,9,"BN",NA,NA,NA,NA,NA,NA,NA,NA,NA,NA,NA,NA,NA,NA,NA,NA,NA,NA,NA,NA,NA,NA,NA,NA,NA,NA,NA,NA,NA,NA,54,NA,24,10.2,10.4,0.04,0.051,3.3,5.3,30,6,0.08,0.22,19.3,6.75,2.2,4
"81",2006,9,"DL",NA,NA,NA,NA,NA,NA,NA,NA,NA,NA,NA,NA,NA,NA,NA,NA,NA,NA,NA,NA,NA,NA,NA,NA,NA,NA,NA,NA,NA,NA,126,NA,24,12.4,4.8,0.04,0.062,6.5,NA,67.1,5.9,0.04,0.33,162,30.9,4.9,NA
"82",2006,9,"MS",NA,NA,NA,NA,NA,NA,NA,NA,NA,NA,NA,NA,NA,NA,NA,NA,NA,NA,NA,NA,NA,NA,NA,NA,NA,NA,NA,NA,NA,NA,256,NA,25,3,3.3,0.04,0.075,1.7,8.1,155,7,0.04,0.97,24,9.95,2.8,12
"83",2006,10,"FH",NA,NA,NA,NA,NA,NA,NA,NA,NA,NA,NA,NA,NA,NA,NA,NA,NA,NA,NA,NA,NA,NA,NA,NA,NA,NA,NA,NA,NA,NA,158,NA,27,2.3,2.9,0.04,0.029,1.5,3.5,68.4,8.4,0.08,0.36,15.3,2.93,1.2,4
"84",2006,10,"MS",NA,NA,NA,NA,NA,NA,NA,NA,NA,NA,NA,NA,NA,NA,NA,NA,NA,NA,NA,NA,NA,NA,NA,NA,NA,NA,NA,NA,NA,NA,275,NA,26,4.8,6.2,0.04,0.151,2,17.7,436,10.4,0.13,2.74,49,21.2,1.7,36
"85",2007,7,"BN",NA,NA,NA,NA,NA,NA,NA,NA,NA,NA,NA,NA,NA,NA,NA,NA,NA,NA,NA,NA,NA,NA,NA,NA,NA,NA,NA,NA,NA,NA,10,NA,13,15.3,28.8,0.06,0.61,11.05,98.1,2553.5,46.5,0.355,18.12,309,29.2,6.85,116.4
"86",2007,7,"DL",NA,NA,NA,NA,NA,NA,NA,NA,NA,NA,NA,NA,NA,NA,NA,NA,NA,NA,NA,NA,NA,NA,NA,NA,NA,NA,NA,NA,NA,NA,82,NA,11,16.45,20.8,0.085,0.19,7.9,40.75,590.5,16.1,0.09,4.83,124.5,27.7,4.8,30.15
"87",2007,7,"FH",NA,NA,NA,NA,NA,NA,NA,NA,NA,NA,NA,NA,NA,NA,NA,NA,NA,NA,NA,NA,NA,NA,NA,NA,NA,NA,NA,NA,NA,NA,151,NA,13.6,2.84,3.62,0.04,0.076,2.34,11.26,397.4,15.48,0.11,1.734,35.38,2.752,3.34,17.22
"88",2007,7,"MS",NA,NA,NA,NA,NA,NA,NA,NA,NA,NA,NA,NA,NA,NA,NA,NA,NA,NA,NA,NA,NA,NA,NA,NA,NA,NA,NA,NA,NA,NA,211,NA,15.16666667,5.616666667,9.25,0.035,0.283333333,3.483333333,38.63333333,1151,19.68333333,0.13,6.518333333,111.7666667,15.68333333,3.583333333,68.31666667
"89",2007,8,"BN",NA,NA,NA,NA,NA,NA,NA,NA,NA,NA,NA,NA,NA,NA,NA,NA,NA,NA,NA,NA,NA,NA,NA,NA,NA,NA,NA,NA,NA,NA,32,NA,24,11.5,11.6,0.03,0.05,3.9,5.5,25.7,6,0.12,0.18,13.5,3.3,0.95,2.9
"90",2007,8,"DL",NA,NA,NA,NA,NA,NA,NA,NA,NA,NA,NA,NA,NA,NA,NA,NA,NA,NA,NA,NA,NA,NA,NA,NA,NA,NA,NA,NA,NA,NA,104,NA,23,17.5,17.2,NA,0.06,7.7,11.6,50.1,6,0.12,0.47,31.7,16.9,3.5,6.4
"91",2007,8,"MS",NA,NA,NA,NA,NA,NA,NA,NA,NA,NA,NA,NA,NA,NA,NA,NA,NA,NA,NA,NA,NA,NA,NA,NA,NA,NA,NA,NA,NA,NA,233,NA,25,3.6,4,0.02,0.09,1.9,13.9,182,5.3,0.08,1.73,33,9.52,2,16.9
"92",2007,9,"BN",NA,NA,NA,NA,NA,NA,NA,NA,NA,NA,NA,NA,NA,NA,NA,NA,NA,NA,NA,NA,NA,NA,NA,NA,NA,NA,NA,NA,NA,NA,55,NA,28,11.1,11.3,0.028,0.066,3.1,5.9,80.7,6,0.12,0.67,53.6,11.7,2.1,7.4
"93",2007,9,"DL",NA,NA,NA,NA,NA,NA,NA,NA,NA,NA,NA,NA,NA,NA,NA,NA,NA,NA,NA,NA,NA,NA,NA,NA,NA,NA,NA,NA,NA,NA,127,NA,27,13.5,13.9,0.041,0.045,6.3,10.7,56.7,6.7,0.12,0.53,29.1,11.6,5.9,8.4
"94",2007,9,"MS",NA,NA,NA,NA,NA,NA,NA,NA,NA,NA,NA,NA,NA,NA,NA,NA,NA,NA,NA,NA,NA,NA,NA,NA,NA,NA,NA,NA,NA,NA,257,NA,29,4.1,4.6,0.04,0.105,1.9,11.7,244,7.4,0.099,1.85,52.3,20.7,2.7,19.8
"95",2008,7,"BN",NA,NA,NA,NA,NA,NA,NA,NA,NA,NA,NA,NA,NA,NA,NA,NA,NA,NA,NA,NA,NA,NA,NA,NA,NA,NA,NA,NA,NA,NA,11,NA,10.5,13.5,20.15,0.0505,0.2925,8.7,53.9,1270,28.2,0.2375,9.745,179.5,12.4,7.2,66.25
"96",2008,7,"DL",NA,NA,NA,NA,NA,NA,NA,NA,NA,NA,NA,NA,NA,NA,NA,NA,NA,NA,NA,NA,NA,NA,NA,NA,NA,NA,NA,NA,NA,NA,83,NA,11,24.85,36.7,0.0615,0.396,12.8,100.05,1490,18.6,0.171,25.985,244,25.65,7.3,74.8
"97",2008,7,"FH",NA,NA,NA,NA,NA,NA,NA,NA,NA,NA,NA,NA,NA,NA,NA,NA,NA,NA,NA,NA,NA,NA,NA,NA,NA,NA,NA,NA,NA,NA,152,NA,13,2.233333333,3.666666667,0.032,0.112,2.766666667,15.5,985.3333333,25.7,0.095666667,2.783333333,62.4,4.756666667,3.2,28
"98",2008,7,"MS",NA,NA,NA,NA,NA,NA,NA,NA,NA,NA,NA,NA,NA,NA,NA,NA,NA,NA,NA,NA,NA,NA,NA,NA,NA,NA,NA,NA,NA,NA,212,NA,11.4,4.2,7.78,0.0322,0.2278,3.8,33.74,1110,24.46,0.1394,5.462,96.42,11.638,4.88,59.3
"99",2008,8,"BM",67,"8-Aug","Clark Fork River below Missoula","8/10/2008",10,62.85,15.315,15.86666667,8.443333333,265.6666667,2.593333333,8.353333333,84.16666667,-55.26666667,NA,0.042333333,NA,145.4666667,0.242333333,0.013333333,35500,2150,4.063450247,81,12,"5/21/2008",21,5,0.013333333,0.2,NA,NA,NA,NA,NA,NA,NA,NA,NA,NA,NA,NA,NA,NA,NA,NA,NA
"100",2008,8,"BN",69,"8-Aug","Clark Fork River at Bonita","8/10/2008",10,112.75,103.72,16.76666667,8.626666667,491,3.263333333,8.533333333,87.9,-63.93333333,NA,0.007333333,NA,260.6666667,0.207333333,0.015,3100,2830,1.046616625,65,39,"6/6/2008",6,6,0.015,0.2,33,NA,9,13.5,16.9,0.066,0.138,7.1,23.1,431,7.7,0.227,3.61,83.9,26.9,4,24.4
"101",2008,8,"DL",71,"8-Aug","Clark Fork River at Deer Lodge","8/11/2008",11,172.0714286,79.77142857,16.03333333,8.853333333,457.3333333,2.09,9.266666667,96.86666667,-73.5,0.01,0.056,NA,242.6666667,0.289333333,0.018,957,266,1.89677209,67,66,"6/5/2008",5,6,0.018,0.243333333,105,NA,10,17.4,21.6,0.058,0.144,6.9,29.2,410,15.6,0.077,3.3,93.7,37.2,5.6,24.3
"102",2008,8,"FH",74,"8-Aug","Clark Fork River above Flathead","8/11/2008",11,3.9001,3.295,19.46666667,8.676666667,221,1.363333333,8.593333333,93.7,-77.2,0.01,0.016,NA,117.3333333,0.149333333,0.0085,45700,7590,2.453788982,82,93,"5/21/2008",21,5,0.0085,0.143333333,NA,NA,NA,NA,NA,NA,NA,NA,NA,NA,NA,NA,NA,NA,NA,NA,NA
"103",2008,8,"GR",76,"8-Aug","Clark Fork River above Little Blackfoot","8/10/2008",10,129.1,102.315,16.3,8.386666667,471.3333333,1.643333333,8.8,89.9,-68.43333333,0.01,0.006,NA,250.6666667,0.206,0.021,NA,NA,NA,NA,NA,NA,NA,NA,0.021,0.21,NA,NA,NA,NA,NA,NA,NA,NA,NA,NA,NA,NA,NA,NA,NA,NA,NA
"104",2008,8,"HU",77,"8-Aug","Clark Fork River at Huson","8/11/2008",11,11.05,6.205,17.7,8.493333333,243.3333333,2.423333333,8.733333333,91.46666667,-57.9,0.015,0.0785,NA,129,0.2785,0.01525,35500,2150,4.063450247,82,135,"5/21/2008",21,5,0.01525,0.215,NA,NA,NA,NA,NA,NA,NA,NA,NA,NA,NA,NA,NA,NA,NA,NA,NA
"105",2008,8,"MS",79,"8-Aug","Clark Fork River above Missoula","8/10/2008",10,64.80015,29.22,16.2,8.273333333,276,1.636666667,7.88,79.93333333,-47.7,NA,0.008333333,NA,146.3,0.141666667,0.009666667,16800,2580,2.551789158,81,162,"5/21/2008",21,5,0.009666667,0.133333334,234,NA,9,4.4,5.7,0.027,0.071,2.7,10.3,296,10.3,0.082,1.55,39.8,13.8,2.6,14.8
"106",2008,9,"BM",68,"8-Sep","Clark Fork River below Missoula","9/8/2008",8,73.2,13.565,11.25,8.655,304.5,3.385,9.31,84.85,-62.95,NA,0.046,NA,161.75,0.246,0.019,35500,2150,4.063450247,110,12,"5/21/2008",21,5,0.019,0.2,NA,NA,NA,NA,NA,NA,NA,NA,NA,NA,NA,NA,NA,NA,NA,NA,NA
"107",2008,9,"BN",70,"8-Sep","Clark Fork River at Bonita","9/7/2008",7,246.50005,61.085,13.05,8.66,470,5.465,9.65,90.2,-60.55,NA,0.005,NA,249.5,0.205,0.038,3100,2830,1.046616625,93,39,"6/6/2008",6,6,0.038,0.2,56,NA,19,11.2,12.1,0.026,0.016,4.3,5.7,74.3,8,0.08,0.32,21.6,6.18,2.3,4.3
"108",2008,9,"DL",72,"8-Sep","Clark Fork River at Deer Lodge","9/7/2008",7,200.85,45.145,11.9,8.985,464,3.64,10.375,97.75,-75.9,0.01,0.061,NA,251,0.311,0.0255,957,266,1.89677209,94,66,"6/5/2008",5,6,0.0255,0.26,128,NA,19,17.6,19.2,0.03,0.024,6.9,11,54.3,4,0.052,0.55,21.5,4.05,3.5,6.1
"109",2008,9,"FH",73,"8-Sep","Clark Fork River above Flathead","9/7/2008",7,13.3,4.15,16.45,8.865,237,1.77,9.235,94.45,-74,NA,0.014,NA,126,0.214,0.0095,45700,7590,2.453788982,109,93,"5/21/2008",21,5,0.0095,0.2,NA,NA,NA,NA,NA,NA,NA,NA,NA,NA,NA,NA,NA,NA,NA,NA,NA
"110",2008,9,"GR",75,"8-Sep","Clark Fork River above Little Blackfoot","9/7/2008",7,134.8,36.17,12.35,8.965,471,3.18,10.195,52.35,-75.5,0.01,0.041,NA,250.5,0.291,0.0335,NA,NA,NA,NA,NA,NA,NA,NA,0.0335,0.26,NA,NA,NA,NA,NA,NA,NA,NA,NA,NA,NA,NA,NA,NA,NA,NA,NA
"111",2008,9,"HU",78,"8-Sep","Clark Fork River at Huson","9/7/2008",7,43.15,7.725,13.95,8.73,259,2.205,9.21,90.3,-68.9,NA,0.0305,NA,137.65,0.2305,0.015,35500,2150,4.063450247,109,135,"5/21/2008",21,5,0.015,0.2,NA,NA,NA,NA,NA,NA,NA,NA,NA,NA,NA,NA,NA,NA,NA,NA,NA
"112",2008,9,"MS",80,"8-Sep","Clark Fork River above Missoula","9/6/2008",6,80.19047619,19.74285714,12.15,8.35,305,2.745,9.175,85.3,-47.15,NA,0.0085,NA,161.75,NA,0.011,16800,2580,2.551789158,108,162,"5/21/2008",21,5,0.011,NA,258,NA,19,3.6,4,0.04,0.014,1.5,2.5,51,8,0.08,0.18,20,9.17,1.8,3.3
"113",2009,7,"BN",NA,NA,NA,NA,NA,NA,NA,NA,NA,NA,NA,NA,NA,NA,NA,NA,NA,NA,NA,NA,NA,NA,NA,NA,NA,NA,NA,NA,NA,NA,12,NA,12.5,14.4,23.25,0.086,0.3485,13.3,70.2,1440,29.5,0.271,11.5,177,18.95,7.65,76.6
"114",2009,7,"DL",NA,NA,NA,NA,NA,NA,NA,NA,NA,NA,NA,NA,NA,NA,NA,NA,NA,NA,NA,NA,NA,NA,NA,NA,NA,NA,NA,NA,NA,NA,84,NA,12.5,19.45,31.1,0.0965,0.3925,15.4,97.3,1301,30.05,0.2535,12.765,158.5,25.9,14.3,79.1
"115",2009,7,"FH",NA,NA,NA,NA,NA,NA,NA,NA,NA,NA,NA,NA,NA,NA,NA,NA,NA,NA,NA,NA,NA,NA,NA,NA,NA,NA,NA,NA,NA,NA,153,NA,11,2.3,3.34,0.022,0.0782,2.84,12.14,817,24.36,0.0806,2.372,54.62,4.804,2.58,20.22
"116",2009,7,"GR",NA,NA,NA,NA,NA,NA,NA,NA,NA,NA,NA,NA,NA,NA,NA,NA,NA,NA,NA,NA,NA,NA,NA,NA,NA,NA,NA,NA,NA,NA,159,NA,12.5,20,35.6,0.104,0.4705,17.95,134.8,1660,30.95,0.3075,17.25,188.5,20.85,12.8,106.1
"117",2009,7,"MS",NA,NA,NA,NA,NA,NA,NA,NA,NA,NA,NA,NA,NA,NA,NA,NA,NA,NA,NA,NA,NA,NA,NA,NA,NA,NA,NA,NA,NA,NA,213,NA,12.83333333,4.683333333,6.816666667,0.035166667,0.142666667,4.416666667,23.06666667,655.8333333,19.93333333,0.1045,3.521666667,72.98333333,12.27166667,4.516666667,36.46666667
"118",2009,8,"BM",81,"9-Aug","Clark Fork River below Missoula","8/8/2009",8,38,10.75,17.2,8.386666667,277.3333333,3.52,8.076666667,NA,-57.96666667,0.00828,0.04478,0.00531,146.9666667,0.228333333,0.019833333,35300,2150,4.051987741,68,13,"6/1/2009",1,6,0.014523333,0.191833333,NA,NA,NA,NA,NA,NA,NA,NA,NA,NA,NA,NA,NA,NA,NA,NA,NA
"119",2009,8,"BN",83,"9-Aug","Clark Fork River at Bonita","8/7/2009",7,144.8571429,111.7,18.9,8.46,430.3333333,5.643333333,8.5,NA,-59.86666667,0.00759,0.00903,0.011213333,228.6666667,0.261,0.036396667,3700,2830,1.143424897,73,40,"5/26/2009",26,5,0.025183334,0.25956,34,NA,14,11.6,13.1,0.045,0.126,5.3,15.9,321,8.3,0.079,2.77,74.8,14.4,3.2,18.9
"120",2009,8,"DL",85,"9-Aug","Clark Fork River at Deer Lodge","8/6/2009",6,181.047619,51.1,19.5,8.766666667,409,3.546666667,9.416666667,NA,-76.36666667,0.00959,0.068873333,0.01137,217,0.335,0.029223333,1140,266,2.070196678,66,67,"6/1/2009",1,6,0.017853333,0.275716667,106,NA,14,16.1,21.1,0.059,0.225,9,47.1,663,21.9,0.137,5.51,101,20.1,5.9,33.9
"121",2009,8,"FH",87,"9-Aug","Clark Fork River above Flathead","8/10/2009",10,23.04761905,7.6,20.43333333,8.676666667,236,1.3,8.68,NA,-75.26666667,0.005888,0.0074625,0.0034775,125.3333333,0.13825,0.0096475,42500,7590,2.36632056,70,94,"6/1/2009",1,6,0.00617,0.1366755,NA,NA,NA,NA,NA,NA,NA,NA,NA,NA,NA,NA,NA,NA,NA,NA,NA
"122",2009,8,"GR",89,"9-Aug","Clark Fork River above Little Blackfoot","8/7/2009",7,102.2047619,95.22,19.36666667,8.603333333,429.3333333,2.81,8.983333333,NA,-68.6,0.007573333,0.014306667,0.01594,228,0.262,0.035736667,1420,270,2.293307493,67,109,"6/1/2009",1,6,0.019796667,0.255266666,173,NA,14,16.1,21.9,0.073,0.249,11.1,61.5,632,15.6,0.115,13.5,140,18.5,5.8,38.4
"123",2009,8,"HU",91,"9-Aug","Clark Fork River at Huson","8/8/2009",8,39.19047619,9.6,19.36666667,8.473333333,257,3.116666667,8.176666667,NA,-62.36666667,0.010926667,0.048613333,0.00517,136.6333333,0.263666667,0.016753333,35300,2150,4.051987741,68,136,"6/1/2009",1,6,0.011583333,0.225980001,NA,NA,NA,NA,NA,NA,NA,NA,NA,NA,NA,NA,NA,NA,NA,NA,NA
"124",2009,8,"MS",93,"9-Aug","Clark Fork River above Missoula","8/8/2009",8,116.952381,33.7,18.06666667,7.993333333,286.3333333,2.47,8.41,NA,-36.3,0.0074225,0.00652,0.00538,152.2333333,0.161,0.01646,17300,2580,2.589483801,74,163,"5/26/2009",26,5,0.01108,0.1619025,235,NA,15,4.4,4.9,0.022,0.068,2.7,6.7,138,8.1,0.048,0.78,28.9,8.54,1.7,8.1
"125",2009,9,"BM",82,"9-Sep","Clark Fork River below Missoula","9/8/2009",8,360.7619048,40.7,15.6,8.306666667,307,2.133333333,8.573333333,NA,-62.33333333,0.014858,0.041462,0.012128,162.7666667,0.24775,0.027225,35300,2150,4.051987741,99,13,"6/1/2009",1,6,0.015097,0.221146,NA,NA,NA,NA,NA,NA,NA,NA,NA,NA,NA,NA,NA,NA,NA,NA,NA
"126",2009,9,"BN",84,"9-Sep","Clark Fork River at Bonita","9/7/2009",7,225.6190476,56.35,16.76666667,8.373333333,472.6666667,3.64,9.063333333,NA,-68.46666667,0.011063333,0.007983333,0.010106667,251,0.246,0.02404,3700,2830,1.143424897,104,40,"5/26/2009",26,5,0.013933333,0.24908,57,NA,18,11.6,13.2,0.039,0.103,4.3,11.7,303,9,0.065,2.44,69.4,11.4,2.6,14.8
"127",2009,9,"DL",86,"9-Sep","Clark Fork River at Deer Lodge","9/7/2009",7,502.9047619,91.8,17.66666667,8.503333333,434.6666667,2.24,9.87,NA,-77.56666667,0.011886667,0.057916667,0.00663,231,0.289666667,0.01827,1140,266,2.070196678,98,67,"6/1/2009",1,6,0.01164,0.243636667,129,NA,18,19.4,21.2,0.051,0.129,6.8,24.2,334,9.6,0.089,3.09,75.5,21.8,6.9,18.8
"128",2009,9,"FH",88,"9-Sep","Clark Fork River above Flathead","9/7/2009",7,51.61904762,19.1,20.16666667,8.5,249.3333333,1.36,8.6,NA,-74.26666667,0.0119625,0.006725,0.00315,132.6,0.157,0.008326667,42500,7590,2.36632056,98,94,"6/1/2009",1,6,0.005176667,0.1622375,NA,NA,NA,NA,NA,NA,NA,NA,NA,NA,NA,NA,NA,NA,NA,NA,NA
"129",2009,9,"GR",90,"9-Sep","Clark Fork River above Little Blackfoot","9/7/2009",7,126.2857143,60.65,17.73333333,8.35,446.6666667,2.326666667,8.793333333,NA,-66.86666667,0.00843,0.00605,0.008946667,237.3333333,0.233666667,0.020806667,1420,270,2.293307493,98,109,"6/1/2009",1,6,0.01186,0.236046667,187,NA,18,19.8,21.6,0.062,0.168,14.1,27.4,364,7.2,0.1,3.34,92,19.9,4.3,21.4
"130",2009,9,"HU",92,"9-Sep","Clark Fork River at Huson","9/6/2009",6,51.33333333,14.57894737,18.9,8.393333333,266.3333333,2.296666667,8.563333333,NA,-67.6,0.01073,0.015222,0.00297,141.5666667,0.2265,0.0130675,35300,2150,4.051987741,97,136,"6/1/2009",1,6,0.0100975,0.222008,NA,NA,NA,NA,NA,NA,NA,NA,NA,NA,NA,NA,NA,NA,NA,NA,NA
"131",2009,9,"MS",94,"9-Sep","Clark Fork River above Missoula","9/6/2009",6,148.0454545,41.71428571,15.66666667,7.853333333,301.6666667,1.793333333,8.623333333,NA,-39.56666667,0.010395,0.003896,0.003465,160.0666667,0.161666667,0.010663333,17300,2580,2.589483801,103,163,"5/26/2009",26,5,0.007198333,0.168165667,259,NA,19,5.4,6.1,0.023,0.067,2.3,5.8,140,5.9,0.041,0.88,33.9,9.3,1.6,7.7
"132",2010,7,"BN",NA,NA,NA,NA,NA,NA,NA,NA,NA,NA,NA,NA,NA,NA,NA,NA,NA,NA,NA,NA,NA,NA,NA,NA,NA,NA,NA,NA,NA,NA,13,NA,9.5,11.3,25.65,0.058,0.501,7.8,105.05,2575,26.35,0.247,19.35,298,8.51,5.6,124.5
"133",2010,7,"DL",NA,NA,NA,NA,NA,NA,NA,NA,NA,NA,NA,NA,NA,NA,NA,NA,NA,NA,NA,NA,NA,NA,NA,NA,NA,NA,NA,NA,NA,NA,85,NA,8.5,16.45,32,0.0875,0.448,10.6,145,2015,17.65,0.167,28.85,253.5,22.45,5.15,92.2
"134",2010,7,"GR",NA,NA,NA,NA,NA,NA,NA,NA,NA,NA,NA,NA,NA,NA,NA,NA,NA,NA,NA,NA,NA,NA,NA,NA,NA,NA,NA,NA,NA,NA,160,NA,8.5,17.05,34.1,0.087,0.574,11.7,146,2235,18.35,0.209,19.65,250,20.3,6.55,121.8
"135",2010,7,"MS",NA,NA,NA,NA,NA,NA,NA,NA,NA,NA,NA,NA,NA,NA,NA,NA,NA,NA,NA,NA,NA,NA,NA,NA,NA,NA,NA,NA,NA,NA,214,NA,9.5,4.05,8.55,0.029,0.251,3.5,40.7,1163.5,18,0.1365,6.835,133.6,8.855,3.4,67.55
"136",2010,8,"BM",95,"10-Aug","Clark Fork River below Missoula","8/6/2010",6,66.4047619,20.52631579,18.43333333,7.993333333,277,2.81,8.37,NA,-45.16666667,0.009933333,0.046466667,0.006233333,147.2666667,0.233,0.019666667,23100,2150,3.277832523,61,14,"6/6/2010",6,6,0.013433334,0.196466666,NA,NA,NA,NA,NA,NA,NA,NA,NA,NA,NA,NA,NA,NA,NA,NA,NA
"137",2010,8,"BN",97,"10-Aug","Clark Fork River at Bonita","8/5/2010",5,58.89005,68.68421053,19.73333333,8.073333333,436,2.79,8.536666667,NA,-51.33333333,0.00765,0.003966667,0.0206,231.3333333,0.217666667,0.0363,4130,2830,1.208041372,48,41,"6/18/2010",18,6,0.0157,0.22135,35,NA,21,12.9,13.1,0.057,0.069,4.8,9.9,125,4,0.285,0.9,32,13.8,4.9,9.9
"138",2010,8,"DL",99,"10-Aug","Clark Fork River at Deer Lodge","8/5/2010",5,49.64295238,39.375,19.9,8.403333333,385.6666667,7.046666667,8.93,NA,-70.03333333,0.0071,0.0473,0.033366667,204.7,0.319333333,0.078733333,1470,266,2.35081173,49,68,"6/17/2010",17,6,0.045366666,0.279133333,107,NA,20,17.3,19.8,0.055,0.107,7.7,19.6,207,7.6,0.099,1.95,54.5,29.7,3.8,13.7
"139",2010,8,"FH",102,"10-Aug","Clark Fork River above Flathead","8/7/2010",7,38.36363636,15.66666667,22.9,8.413333333,235.6666667,1.39,8.356666667,NA,-71.76666667,0.00615,0.008,0.00355,125.5333333,0.1665,0.010675,26400,7590,1.865009616,61,95,"6/7/2010",7,6,0.007125,0.16465,NA,NA,NA,NA,NA,NA,NA,NA,NA,NA,NA,NA,NA,NA,NA,NA,NA
"140",2010,8,"GR",103,"10-Aug","Clark Fork River above Little Blackfoot","8/5/2010",5,59.01608,67.80952381,20.13333333,8.266666667,401,NA,8.886666667,NA,-63.66666667,0.0088,0.0146,0.037633333,213,0.363333333,0.088533333,1980,270,2.708012802,48,110,"6/18/2010",18,6,0.0509,0.357533333,174,NA,20,18.1,19.9,0.077,0.234,8.8,20.7,180,5.7,0.085,1.69,54.3,29.7,4.2,16.5
"141",2010,8,"HU",105,"10-Aug","Clark Fork River at Huson","8/6/2010",6,63.74545455,20.42857143,21.73333333,8.18,263,3.526666667,8.323333333,NA,-57.56666667,0.009933333,0.043966667,0.004266667,139.8,0.245333333,0.020466667,23100,2150,3.277832523,61,137,"6/6/2010",6,6,0.0162,0.211299999,NA,NA,NA,NA,NA,NA,NA,NA,NA,NA,NA,NA,NA,NA,NA,NA,NA
"142",2010,8,"MS",107,"10-Aug","Clark Fork River above Missoula","8/6/2010",6,120.95,50.28571429,18.83333333,7.66,283,2.246666667,8.56,NA,-28.5,0.009933333,0.003533333,0.006566667,150.5,0.189,0.0176,10100,2580,1.978567331,49,164,"6/18/2010",18,6,0.011033333,0.1954,236,NA,21,4.5,5.3,0.028,0.047,3.2,5,70.9,3.3,0.053,0.48,15.6,6.29,2.6,6.2
"143",2010,9,"BM",96,"10-Sep","Clark Fork River below Missoula","9/9/2010",9,138.8285714,31.95,13.06666667,8.236666667,303.6666667,3.986666667,8.963333333,NA,-61.33333333,0.031925,0.05925,0.00685,161.3333333,0.26475,0.01965,23100,2150,3.277832523,95,14,"6/6/2010",6,6,0.0128,0.237425,NA,NA,NA,NA,NA,NA,NA,NA,NA,NA,NA,NA,NA,NA,NA,NA,NA
"144",2010,9,"BN",98,"10-Sep","Clark Fork River at Bonita","9/9/2010",9,138.3571429,82.45,14.3,8.206666667,455.6666667,3.666666667,9.546666667,NA,-58.46666667,0.006,0.0029,0.0118,245,0.234,0.0292,4130,2830,1.208041372,83,41,"6/18/2010",18,6,0.0174,0.2371,58,NA,25,10.9,13.3,0.034,0.051,3.8,6.3,84.4,3.5,0.053,0.64,30.6,11.5,2.3,5.9
"145",2010,9,"DL",100,"10-Sep","Clark Fork River at Deer Lodge","9/9/2010",9,155.67,46,14.9,8.513333333,415,4.18,9.973333333,NA,-75.13333333,0.008466667,0.070033333,0.020466667,220.6666667,0.323,0.0379,1470,266,2.35081173,84,68,"6/17/2010",17,6,0.017433333,0.261433334,130,NA,25,15.2,17.2,0.055,0.097,5.9,14.8,183,9.6,0.086,1.47,52.1,29.1,6.6,13.9
"146",2010,9,"FH",101,"10-Sep","Clark Fork River above Flathead","9/9/2010",9,36.90952381,24,16.3,8.54,243.3333333,1.736666667,8.903333333,NA,-78.36666667,0.0094,0.009166667,0.0032,129.3333333,0.157666667,0.0098,26400,7590,1.865009616,94,95,"6/7/2010",7,6,0.0066,0.1579,NA,NA,NA,NA,NA,NA,NA,NA,NA,NA,NA,NA,NA,NA,NA,NA,NA
"147",2010,9,"GR",104,"10-Sep","Clark Fork River above Little Blackfoot","9/9/2010",9,119.4666667,59.95,14.53333333,8.443333333,426.3333333,3.786666667,10.14666667,NA,-72.03333333,0.0103,0.033566667,0.018133333,226.3333333,0.281,0.037633333,1980,270,2.708012802,83,110,"6/18/2010",18,6,0.0195,0.257733333,188,NA,25,15.9,17.9,0.057,0.082,7,12.4,119,7.8,0.076,0.9,40.6,19.4,4.7,10.1
"148",2010,9,"HU",106,"10-Sep","Clark Fork River at Huson","9/8/2010",8,93.32857143,24.15,14.63333333,8.38,268,3.753333333,9.136666667,NA,-68.73333333,NA,0.02725,0.003025,143.0333333,0.22025,0.014425,23100,2150,3.277832523,94,137,"6/6/2010",6,6,0.0114,0.193,NA,NA,NA,NA,NA,NA,NA,NA,NA,NA,NA,NA,NA,NA,NA,NA,NA
"149",2010,9,"MS",108,"10-Sep","Clark Fork River above Missoula","9/8/2010",8,71.9826087,30.72727273,13.26666667,7.723333333,304,2.28,9.063333333,NA,-31.76666667,0.00605,0.002466667,0.003833333,162.3333333,0.161666667,0.0121,10100,2580,1.978567331,82,164,"6/18/2010",18,6,0.008266667,0.16525,260,NA,26,4.7,5.9,0.023,0.052,2.4,6.1,135,6,0.079,0.81,22.3,8.85,1.6,7.8
"150",2011,7,"BN",NA,NA,NA,NA,NA,NA,NA,NA,NA,NA,NA,NA,NA,NA,NA,NA,NA,NA,NA,NA,NA,NA,NA,NA,NA,NA,NA,NA,NA,NA,14,NA,8.5,18.15,26.1,0.0915,0.368,15,74.95,1860,53.85,0.366,10.41,168.5,23.6,10.8,86
"151",2011,7,"DL",NA,NA,NA,NA,NA,NA,NA,NA,NA,NA,NA,NA,NA,NA,NA,NA,NA,NA,NA,NA,NA,NA,NA,NA,NA,NA,NA,NA,NA,NA,86,NA,15.2,29.6,40.88,0.1958,0.4886,33.14,121.62,1579.2,46.76,0.3796,14.378,143.24,46.18,29.84,97.18
"152",2011,7,"GR",NA,NA,NA,NA,NA,NA,NA,NA,NA,NA,NA,NA,NA,NA,NA,NA,NA,NA,NA,NA,NA,NA,NA,NA,NA,NA,NA,NA,NA,NA,161,NA,15.2,29.94,45.2,0.1788,0.5276,31.94,131.24,1487.5,72.76,0.5174,16.8,169.2,38.8,23.56,109.42
"153",2011,7,"MS",NA,NA,NA,NA,NA,NA,NA,NA,NA,NA,NA,NA,NA,NA,NA,NA,NA,NA,NA,NA,NA,NA,NA,NA,NA,NA,NA,NA,NA,NA,215,NA,14,5.725,12.75,0.0435,0.37275,6.325,62.925,2322.5,42.575,0.1655,9.7175,170.075,18.925,6.175,91.3
"154",2011,8,"BM",109,"11-Aug","Clark Fork River below Missoula","8/9/2011",9,44.28571429,13.0952381,16.1,8.396666667,239.2666667,2.1,8.933333333,NA,255.0666667,0.024566667,0.030766667,0.010466667,155.5333333,0.171666667,0.020933333,46600,2150,4.655579299,61,15,"6/9/2011",9,6,0.010466666,0.165466667,NA,NA,NA,NA,NA,NA,NA,NA,NA,NA,NA,NA,NA,NA,NA,NA,NA
"155",2011,8,"BN",111,"11-Aug","Clark Fork River at Bonita","8/8/2011",8,26.57166667,16.44444444,17.1,8.356666667,373.1333333,2.816666667,8.413333333,NA,223.6666667,0.0081,0.005233333,0.0233,242.6666667,0.182333333,0.0396,7740,2830,1.653778199,59,42,"6/10/2011",10,6,0.0163,0.1852,36,NA,14,15.7,24.7,0.083,0.336,9.6,63,1360,22.6,0.198,9.6,186,36.8,6.7,64.9
"156",2011,8,"DL",113,"11-Aug","Clark Fork River at Deer Lodge","8/8/2011",8,66.19047619,16.23809524,16.26666667,8.346666667,317.4,4.456666667,8.956666667,NA,218.6,0.018433333,0.089466667,0.029233333,206.4666667,0.304,0.0503,1960,266,2.71448357,55,69,"6/14/2011",14,6,0.021066667,0.232966666,108,NA,13,19.4,33.3,0.099,0.355,14.4,103,1780,34.4,0.227,13.7,141,46.1,8.7,66.6
"157",2011,8,"FH",115,"11-Aug","Clark Fork River above Flathead","8/10/2011",10,6.190857143,6.944444444,18.56666667,8.463333333,196.3666667,1.126666667,8.676666667,NA,207.3,0.0099,0.00525,0.004525,127.6333333,0.118615,0.0153,54700,7590,2.6845579,61,96,"6/10/2011",10,6,0.010775,0.123265,NA,NA,NA,NA,NA,NA,NA,NA,NA,NA,NA,NA,NA,NA,NA,NA,NA
"158",2011,8,"GR",117,"11-Aug","Clark Fork River above Little Blackfoot","8/8/2011",8,50.66666667,13,16.9,8.446666667,332.5666667,3.386666667,9.713333333,NA,217.8666667,0.0143,0.0658,0.0315,216.2333333,0.305,0.051566667,2560,270,3.079201436,59,111,"6/10/2011",10,6,0.020066667,0.2535,175,NA,13,20.4,30.8,0.118,0.345,14.8,83.5,1310,29.7,0.274,10.7,129,45.4,9.6,63.7
"159",2011,8,"HU",119,"11-Aug","Clark Fork River at Huson","8/11/2011",11,16.80952381,6.8,17.86666667,8.323333333,219.2666667,2.17,8.956666667,NA,218.7,0.012725,0.046575,0.007075,142.5666667,0.203595,0.021825,46600,2150,4.655579299,63,138,"6/9/2011",9,6,0.01475,0.169745,NA,NA,NA,NA,NA,NA,NA,NA,NA,NA,NA,NA,NA,NA,NA,NA,NA
"160",2011,8,"MS",121,"11-Aug","Clark Fork River above Missoula","8/10/2011",10,14.90514286,9.785714286,15.4,8.383333333,240.7333333,2.156666667,8.996666667,NA,205.7,0.009533333,0.00464,0.010966667,156.4333333,0.130333333,0.0181,28100,2580,3.300223154,61,165,"6/10/2011",10,6,0.007133333,0.135226666,237,NA,14,5.6,7.1,0.029,0.082,3.6,14.2,466,17.8,0.084,2.02,52.5,15.8,2.4,16
"161",2011,9,"BM",110,"11-Sep","Clark Fork River below Missoula","9/10/2011",10,39.33333333,8.428571429,12.35,8.395,276.55,2.08,9.615,NA,243.55,0.0072,0.0496,0.0066,179.7,0.201666667,0.013033333,46600,2150,4.655579299,93,15,"6/9/2011",9,6,0.006433333,0.159266667,NA,NA,NA,NA,NA,NA,NA,NA,NA,NA,NA,NA,NA,NA,NA,NA,NA
"162",2011,9,"BN",112,"11-Sep","Clark Fork River at Bonita","9/8/2011",8,59.61919048,17.2,13.05,8.43,426.6,3.77,9.645,NA,251.7,0.0062,0.00355,0.0194,277.25,0.2355,0.04135,7740,2830,1.653778199,90,42,"6/10/2011",10,6,0.02195,0.23815,59,NA,17,14,14.2,0.07,0.079,5.4,10.2,141,6.4,0.051,1.08,49.8,17.8,5.3,11.8
"163",2011,9,"DL",114,"11-Sep","Clark Fork River at Deer Lodge","9/8/2011",8,38.05015,11.11111111,11.65,8.445,375.15,2.475,10.065,NA,250.55,0.0075,0.11425,0.0136,244.05,0.3315,0.02905,1960,266,2.71448357,86,69,"6/14/2011",14,6,0.01545,0.22475,131,NA,16,18.7,20,0.089,0.121,7.4,21,244,9.4,0.081,1.95,59.1,31.1,6.6,17.8
"164",2011,9,"FH",116,"11-Sep","Clark Fork River above Flathead","9/9/2011",9,14.95238095,6.666666667,14.95,8.505,223.5,1.29,9.1,NA,240.95,0.00635,0.02435,0.0045,145.25,0.149,0.00805,54700,7590,2.6845579,91,96,"6/10/2011",10,6,0.00355,0.131,NA,NA,NA,NA,NA,NA,NA,NA,NA,NA,NA,NA,NA,NA,NA,NA,NA
"165",2011,9,"GR",118,"11-Sep","Clark Fork River above Little Blackfoot","9/8/2011",8,46.61933333,16.66666667,11.8,8.565,383.05,2.82,11.215,NA,242.75,0.0127,0.0564,0.01565,248.95,0.3045,0.0323,2560,270,3.079201436,90,111,"6/10/2011",10,6,0.01665,0.2608,189,NA,16,19.4,20.7,0.099,0.138,9.1,21.8,241,8.1,0.07,1.9,66.6,29.6,5.4,18.2
"166",2011,9,"HU",120,"11-Sep","Clark Fork River at Huson","9/9/2011",9,60,10.66666667,14.05,8.4,241.1,1.85,9.485,NA,241.65,0.01105,0.036,0.00495,156.65,0.215,0.01425,46600,2150,4.655579299,92,138,"6/9/2011",9,6,0.0093,0.19005,NA,NA,NA,NA,NA,NA,NA,NA,NA,NA,NA,NA,NA,NA,NA,NA,NA
"167",2011,9,"MS",122,"11-Sep","Clark Fork River above Missoula","9/10/2011",10,51.47619048,25.33333333,12.1,8.36,277,2.06,9.58,NA,243.6,0.0088,0.0029,0.0068,180,0.146,0.0135,28100,2580,3.300223154,92,165,"6/10/2011",10,6,0.0067,0.1519,261,NA,17,4.8,4.9,0.03,0.05,2,3.7,69.6,3.7,0.026,0.3,20.7,9.2,1.5,4.1
"168",2012,7,"BN",125,"12-Jul","Clark Fork River at Bonita","7/25/2012",25,216.1428571,122.7619048,19.26666667,8.42,408.6,1.72,9.056666667,NA,130.1666667,0.007776667,0.00277,0.003773333,265.6666667,0.253406667,0.013036667,2180,2830,0.877677629,88,43,"4/28/2012",28,4,0.009263334,0.258413334,15,NA,13,9.95,17.05,0.0495,0.28,7,58.1,1474.5,22.75,0.233,11.315,164.65,15.95,4.5,63.7
"169",2012,7,"DL",127,"12-Jul","Clark Fork River at Deer Lodge","7/24/2012",24,110.0952381,50.04761905,18.96666667,8.386666667,350.7333333,3.043333333,8.816666667,NA,112.1666667,0.0106875,0.064445,0.012605,227.9,0.336625,0.0418775,781,266,1.713502327,48,70,"6/6/2012",6,6,0.0292725,0.2828675,87,NA,12.5,12.2,27.8,0.068,0.456,9.65,123.55,2365,29.55,0.2275,18.04,209.9,24.65,6.5,92.8
"170",2012,7,"GR",131,"12-Jul","Clark Fork River above Little Blackfoot","7/23/2012",23,85.19047619,72.61904762,19.06666667,8.383333333,408.8666667,2.1,9.24,NA,111.3333333,0.0088675,0.00178,0.0193825,265.8666667,0.29065,0.0480775,999,270,1.923538406,47,112,"6/6/2012",6,6,0.028695,0.2977375,162,NA,12.5,13.85,27.55,0.0705,0.493,12.25,127.45,2164,28.45,0.2865,18.02,202.05,31.35,6.6,103.1
"171",2012,7,"MS",NA,NA,NA,NA,NA,NA,NA,NA,NA,NA,NA,NA,NA,NA,NA,NA,NA,NA,NA,NA,NA,NA,NA,NA,NA,NA,NA,NA,NA,NA,216,NA,13.5,2.6,4,0.0175,0.062,2.35,12.05,584.5,21.5,0.0795,2.27,51.15,5.43,1.9,15.15
"172",2012,8,"BM",123,"12-Aug","Clark Fork River below Missoula","8/9/2012",9,32.76190476,12.04761905,16.13333333,8.25,246.5,2.576666667,8.993333333,NA,168.9333333,0.01026,0.035916667,0.005,160.1,0.21563,0.01575,33700,2150,3.959093154,103,16,"4/28/2012",28,4,0.01075,0.189973333,NA,NA,NA,NA,NA,NA,NA,NA,NA,NA,NA,NA,NA,NA,NA,NA,NA
"173",2012,8,"BN",NA,NA,NA,NA,NA,NA,NA,NA,NA,NA,NA,NA,NA,NA,NA,NA,NA,NA,NA,NA,NA,NA,NA,NA,NA,NA,NA,NA,NA,NA,37,NA,18,12.5,11.4,0.029,0.113,5.7,9.1,55.6,22.1,0.05,0.73,16.2,6.31,2.4,6.3
"174",2012,8,"DL",NA,NA,NA,NA,NA,NA,NA,NA,NA,NA,NA,NA,NA,NA,NA,NA,NA,NA,NA,NA,NA,NA,NA,NA,NA,NA,NA,NA,NA,NA,109,NA,17,19.8,20.4,0.073,0.151,8.1,26.8,374,25.7,0.169,2.91,87.4,31.6,4.1,20.8
"175",2012,8,"FH",129,"12-Aug","Clark Fork River above Flathead","8/9/2012",9,6.905333333,16.14,19.06666667,8.486666667,207.6666667,0.823333333,8.306666667,NA,94.43333333,0.007663333,0.010085,0.004166667,134.9666667,0.165765,0.0082,42200,7590,2.357954049,103,97,"4/28/2012",28,4,0.004033333,0.163343333,NA,NA,NA,NA,NA,NA,NA,NA,NA,NA,NA,NA,NA,NA,NA,NA,NA
"176",2012,8,"GR",NA,NA,NA,NA,NA,NA,NA,NA,NA,NA,NA,NA,NA,NA,NA,NA,NA,NA,NA,NA,NA,NA,NA,NA,NA,NA,NA,NA,NA,NA,176,NA,17,21.9,20.9,0.07,0.087,10.9,17.2,114,17.6,0.126,1.05,39.8,13.5,2.6,9
"177",2012,8,"HU",133,"12-Aug","Clark Fork River at Huson","8/10/2012",10,10.85771429,5.333333333,18,8.376666667,229.3666667,2.163333333,8.77,NA,129.4333333,0.00947,0.033655,0.0032625,149.0666667,0.2229975,0.0153475,33700,2150,3.959093154,104,139,"4/28/2012",28,4,0.012085,0.1988125,NA,NA,NA,NA,NA,NA,NA,NA,NA,NA,NA,NA,NA,NA,NA,NA,NA
"178",2012,8,"MS",135,"12-Aug","Clark Fork River above Missoula","8/10/2012",10,79.66671429,38.75,16.7,8.35,255.1666667,1.696666667,8.303333333,NA,102.6333333,0.009133333,0.00361,0.003756667,165.9666667,0.165076667,0.01274,17600,2580,2.611839472,104,166,"4/28/2012",28,4,0.008983333,0.1706,238,NA,18,3.3,2.9,0.016,0.023,1.7,2.1,47.3,9.2,0.025,0.13,10.9,5.53,1.6,3
"179",2012,9,"BM",124,"12-Sep","Clark Fork River below Missoula","9/5/2012",5,161.3809524,27.80952381,12.45,8.29,255.05,1.825,9.705,NA,195.95,0.006965,0.041556667,0.002033333,165.75,0.19846,0.012236667,33700,2150,3.959093154,130,16,"4/28/2012",28,4,0.010203334,0.163868333,NA,NA,NA,NA,NA,NA,NA,NA,NA,NA,NA,NA,NA,NA,NA,NA,NA
"180",2012,9,"BN",126,"12-Sep","Clark Fork River at Bonita","9/3/2012",3,159.8571905,71.28571429,12.95,8.335,473.75,1.49,9.81,NA,194.35,NA,0.00199,0.00247,308.1,0.188365,0.011925,2180,2830,0.877677629,128,43,"4/28/2012",28,4,0.009455,0.186375,60,NA,15,11.8,11.7,0.027,0.074,2.9,8.3,158,3.6,0.052,1.12,134,22.6,2.9,12.7
"181",2012,9,"DL",128,"12-Sep","Clark Fork River at Deer Lodge","9/3/2012",3,180.7142857,58.33333333,12.35,8.51,412.25,2.33,10.6,NA,181.75,0.00847,0.1038,0.003035,268.1,0.355545,0.017345,781,266,1.713502327,89,70,"6/6/2012",6,6,0.01431,0.260215,132,NA,14,16,15.4,0.047,0.058,7.2,12.2,70,13,0.099,0.65,35.3,20,3.6,6.9
"182",2012,9,"FH",130,"12-Sep","Clark Fork River above Flathead","9/4/2012",4,12.048,10.6,15.25,8.55,211,1.235,8.815,NA,123.6,0.00607,0.010585,0.00175,137.5,0.196455,0.00778,42200,7590,2.357954049,129,97,"4/28/2012",28,4,0.00603,0.19194,NA,NA,NA,NA,NA,NA,NA,NA,NA,NA,NA,NA,NA,NA,NA,NA,NA
"183",2012,9,"GR",132,"12-Sep","Clark Fork River above Little Blackfoot","9/3/2012",3,147.7619048,57.0952381,11.75,8.465,438.15,2.275,10.95,NA,182.45,NA,NA,0.0035,284.7,0.27037,0.02242,999,270,1.923538406,89,112,"6/6/2012",6,6,0.01892,0.27037,190,NA,14,17.9,17.4,0.039,0.061,7.7,14.4,111,9.8,0.096,1.02,59.8,21.6,1.9,8
"184",2012,9,"HU",134,"12-Sep","Clark Fork River at Huson","9/4/2012",4,47.33333333,9.380952381,14.7,8.42,230.1,2.235,9.695,NA,138.05,NA,0.04407,0.00169,149.55,0.21797,0.014515,33700,2150,3.959093154,129,139,"4/28/2012",28,4,0.012825,0.1739,NA,NA,NA,NA,NA,NA,NA,NA,NA,NA,NA,NA,NA,NA,NA,NA,NA
"185",2012,9,"MS",136,"12-Sep","Clark Fork River above Missoula","9/5/2012",5,63.28571429,27.42857143,11.75,8.345,280.9,1.415,9.66,NA,222.4,0.00703,0.0022,0.00172,182.65,0.159635,0.0089,17600,2580,2.611839472,130,166,"4/28/2012",28,4,0.00718,0.164465,262,NA,15,3.4,3.5,0.016,0.016,1.2,1.9,42.1,6.9,0.03,0.16,17.5,6.81,1.4,3
"186",2013,6,"BN",139,"13-Jun","Clark Fork River at Bonita","6/28/2013",28,99,78.0952381,NA,NA,NA,NA,NA,NA,NA,NA,NA,NA,NA,NA,NA,1080,2830,0.617758401,28,44,"5/31/2013",31,5,NA,NA,NA,NA,NA,NA,NA,NA,NA,NA,NA,NA,NA,NA,NA,NA,NA,NA,NA
"187",2013,6,"DL",142,"13-Jun","Clark Fork River at Deer Lodge","6/28/2013",28,244.9,71.35,NA,NA,NA,NA,NA,NA,NA,NA,NA,NA,NA,NA,NA,349,266,1.145438813,29,71,"5/30/2013",30,5,NA,NA,NA,NA,NA,NA,NA,NA,NA,NA,NA,NA,NA,NA,NA,NA,NA,NA,NA
"188",2013,6,"GR",147,"13-Jun","Clark Fork River above Little Blackfoot","6/28/2013",28,60.39134783,61.95652174,NA,NA,NA,NA,NA,NA,NA,NA,NA,NA,NA,NA,NA,394,270,1.207998038,29,113,"5/30/2013",30,5,NA,NA,NA,NA,NA,NA,NA,NA,NA,NA,NA,NA,NA,NA,NA,NA,NA,NA,NA
"189",2013,7,"BN",NA,NA,NA,NA,NA,NA,NA,NA,NA,NA,NA,NA,NA,NA,NA,NA,NA,NA,NA,NA,NA,NA,NA,NA,NA,NA,NA,NA,NA,NA,16,NA,12,10.6,13.05,0.0235,0.1875,4.6,29.95,779,19.2,0.1475,4.815,108.95,16.75,3.9,36.55
"190",2013,7,"DL",NA,NA,NA,NA,NA,NA,NA,NA,NA,NA,NA,NA,NA,NA,NA,NA,NA,NA,NA,NA,NA,NA,NA,NA,NA,NA,NA,NA,NA,NA,88,NA,11,16.65,18.95,0.0535,0.1365,6.75,26.6,374.5,23.55,0.1675,2.945,78.75,31.55,4.1,21.35
"191",2013,7,"FH",145,"13-Jul","Clark Fork River above Flathead","7/27/2013",27,14.23842857,8.823529412,20.8,8.453333333,211.6666667,1.083333333,9.21,NA,-437.5666667,NA,0.011606667,0.003883333,137.5666667,0.154586667,0.008866667,32700,7590,2.075644573,73,98,"5/15/2013",15,5,0.004983334,0.14298,NA,NA,NA,NA,NA,NA,NA,NA,NA,NA,NA,NA,NA,NA,NA,NA,NA
"192",2013,7,"GR",NA,NA,NA,NA,NA,NA,NA,NA,NA,NA,NA,NA,NA,NA,NA,NA,NA,NA,NA,NA,NA,NA,NA,NA,NA,NA,NA,NA,NA,NA,163,NA,11,17.75,20.45,0.048,0.1895,7.6,36.35,515,17.95,0.191,4.225,107.15,36,3.45,29.65
"193",2013,7,"HU",150,"13-Jul","Clark Fork River at Huson","7/27/2013",27,9.333666667,5.285714286,19.83333333,8.34,242.2333333,2.766666667,8.696666667,NA,-431.3,0.012973333,0.04542,0.0038325,157.5666667,0.192618,0.01536,25600,2150,3.450648743,73,140,"5/15/2013",15,5,0.0115275,0.160171333,NA,NA,NA,NA,NA,NA,NA,NA,NA,NA,NA,NA,NA,NA,NA,NA,NA
"194",2013,7,"MS",NA,NA,NA,NA,NA,NA,NA,NA,NA,NA,NA,NA,NA,NA,NA,NA,NA,NA,NA,NA,NA,NA,NA,NA,NA,NA,NA,NA,NA,NA,217,NA,12,2.45,2.85,0.016,0.0425,1.75,5.45,223.5,16,0.0615,0.95,28.2,4.915,1.9,10.45
"195",2013,8,"BM",137,"13-Aug","Clark Fork River below Missoula","8/6/2013",6,22.80952381,8.047619048,17.4,8.36,271,2.91,8.475,NA,-457.7,0.013555,0.031145,0.003685,176.1,0.271875,0.013125,25600,2150,3.450648743,83,17,"5/15/2013",15,5,0.00944,0.254285,NA,NA,NA,NA,NA,NA,NA,NA,NA,NA,NA,NA,NA,NA,NA,NA,NA
"196",2013,8,"BN",140,"13-Aug","Clark Fork River at Bonita","8/7/2013",7,111.952381,60.61904762,17.55,8.315,507.5,2.455,8.895,NA,-446.95,0.010305,0.00236,0.00663,329.9,0.213695,0.014075,1080,2830,0.617758401,68,44,"5/31/2013",31,5,0.007445,0.22164,38,NA,16,10.9,11,0.021,0.026,4.5,5.4,24.8,8.6,0.046,0.17,9.9,4.24,1.4,3
"197",2013,8,"DL",143,"13-Aug","Clark Fork River at Deer Lodge","8/8/2013",8,331.4482759,110.5714286,17,8.255,500.25,2.805,10.925,NA,-424.25,0.018316667,0.178586667,0.008593333,325.3,0.502916667,0.019136667,349,266,1.145438813,70,71,"5/30/2013",30,5,0.010543334,0.342646667,110,NA,16,14.7,17.4,0.049,0.077,3.4,12.5,116,14.5,0.083,0.96,59.2,50.2,2.5,8.8
"198",2013,8,"FH",146,"13-Aug","Clark Fork River above Flathead","8/29/2013",29,15.57142857,7.25,19.5,8.445,227,1.015,7.9,NA,-392,0.00873,0.010405,0.00353,147.55,0.15132,0.00904,32700,7590,2.075644573,106,98,"5/15/2013",15,5,0.00551,0.149645,NA,NA,NA,NA,NA,NA,NA,NA,NA,NA,NA,NA,NA,NA,NA,NA,NA
"199",2013,8,"GR",148,"13-Aug","Clark Fork River above Little Blackfoot","8/7/2013",7,196.8888889,107.0740741,16.55,8.385,486.6,1.52,11.665,NA,-426.7,0.007526667,0.001373333,0.016336667,316.2,0.26929,0.027523333,394,270,1.207998038,69,113,"5/30/2013",30,5,0.011186666,0.275443334,177,NA,16,16.2,17.4,0.03,0.027,7.1,10.2,46.1,10,0.135,0.39,19.7,12.3,4.9,3
"200",2013,8,"HU",151,"13-Aug","Clark Fork River at Huson","8/29/2013",29,22.85714286,4.238095238,17.4,8.365,247.7,3.835,8.585,NA,-441.75,0.00995,0.03979,0.003495,160.9,0.27357,0.017855,25600,2150,3.450648743,106,140,"5/15/2013",15,5,0.01436,0.24373,NA,NA,NA,NA,NA,NA,NA,NA,NA,NA,NA,NA,NA,NA,NA,NA,NA
"201",2013,8,"MS",152,"13-Aug","Clark Fork River above Missoula","8/7/2013",7,74.38095238,34.47619048,16.4,8.205,275.75,2.225,8.375,NA,-448.15,0.01299,0.002025,0.00333,179.45,0.155005,0.01165,12300,2580,2.183447242,85,167,"5/14/2013",14,5,0.00832,0.16597,239,NA,17,2.6,2.7,0.016,0.016,1.5,1.9,48.6,5.4,0.025,0.14,10.1,5.15,1.5,3
"202",2013,9,"BM",138,"13-Sep","Clark Fork River below Missoula","9/7/2013",7,81.42857143,14.47619048,15.25,8.415,293.2,2.515,9.86,NA,-453.45,0.013633333,0.04233,0.007416667,190.45,0.226896667,0.01763,25600,2150,3.450648743,115,17,"5/15/2013",15,5,0.010213333,0.1982,NA,NA,NA,NA,NA,NA,NA,NA,NA,NA,NA,NA,NA,NA,NA,NA,NA
"203",2013,9,"BN",141,"13-Sep","Clark Fork River at Bonita","9/4/2013",4,119.6190476,63.47619048,15.75,8.28,520,7.23,8.29,NA,-445.55,0.011295,0.001225,0.00701,338,0.236165,0.028765,1080,2830,0.617758401,96,44,"5/31/2013",31,5,0.021755,0.246235,61,NA,13,11.2,10.8,0.024,0.037,2.8,5.4,103,28.4,0.129,0.61,37.1,11.5,2.2,5.8
"204",2013,9,"DL",144,"13-Sep","Clark Fork River at Deer Lodge","9/4/2013",4,168.1153846,80.96153846,14.9,8.23,496.95,4.055,10.325,NA,-435.55,0.015045,0.19883,0.008675,323.05,0.451905,0.020785,349,266,1.145438813,97,71,"5/30/2013",30,5,0.01211,0.26812,133,NA,13,13.2,13.3,0.035,0.046,5.5,9.4,76.3,8.3,0.06,0.6,29.3,17,3,5.6
"205",2013,9,"GR",149,"13-Sep","Clark Fork River above Little Blackfoot","9/3/2013",3,150.0689655,71.71428571,14.9,8.265,499.15,2.085,10.1,NA,-411.05,0.00904,0.009025,0.016175,324.35,0.27177,0.029835,394,270,1.207998038,96,113,"5/30/2013",30,5,0.01366,0.271785,191,NA,13,16.1,15.2,0.024,0.034,6.2,10,66.9,9.2,0.113,0.57,36.6,19.9,2.3,4.6
"206",2013,9,"MS",153,"13-Sep","Clark Fork River above Missoula","9/5/2013",5,93.38095238,37.95238095,15.15,8.225,294.95,2.32,6.2,NA,-448.4,0.010823333,0.000968,0.00371,191.8,0.146845,0.01041,12300,2580,2.183447242,114,167,"5/14/2013",14,5,0.0067,0.156700333,263,NA,14,3.3,3.3,0.016,0.029,1,3.3,100,6.2,0.025,0.45,26.9,6.11,1.4,5.7
"207",2014,7,"BM",154,"14-Jul","Clark Fork River below Missoula","7/23/2014",23,39.95247619,14.63684211,16.95,8.13,228.75,3.79,9,NA,-129.15,NA,0.0093,0.00825,148.85,0.145,0.02025,33400,2150,3.941431684,58,18,"5/26/2014",26,5,0.012,0.1357,NA,NA,NA,NA,NA,NA,NA,NA,NA,NA,NA,NA,NA,NA,NA,NA,NA
"208",2014,7,"BN",NA,NA,NA,NA,NA,NA,NA,NA,NA,NA,NA,NA,NA,NA,NA,NA,NA,NA,NA,NA,NA,NA,NA,NA,NA,NA,NA,NA,NA,NA,17,NA,11,10,13.8,0.058,0.145,6.7,27.3,461,15.6,0.13,3.2,64.9,14.6,5,22.8
"209",2014,7,"DL",NA,NA,NA,NA,NA,NA,NA,NA,NA,NA,NA,NA,NA,NA,NA,NA,NA,NA,NA,NA,NA,NA,NA,NA,NA,NA,NA,NA,NA,NA,89,NA,10,14.4,22.5,0.065,0.215,8.9,62.6,787,20.2,0.195,6.58,101,19.7,4.4,37.1
"210",2014,7,"GR",NA,NA,NA,NA,NA,NA,NA,NA,NA,NA,NA,NA,NA,NA,NA,NA,NA,NA,NA,NA,NA,NA,NA,NA,NA,NA,NA,NA,NA,NA,164,NA,10,15.2,22.2,0.069,0.248,10.1,54.7,797,19.1,0.216,6.82,102,20.3,5,40.9
"211",2014,7,"MS",NA,NA,NA,NA,NA,NA,NA,NA,NA,NA,NA,NA,NA,NA,NA,NA,NA,NA,NA,NA,NA,NA,NA,NA,NA,NA,NA,NA,NA,NA,218,NA,11,2.1,2.9,0.03,0.046,1.7,4.8,290,20.7,0.041,0.71,24.3,6.54,2,6.2
"212",2014,8,"BN",156,"14-Aug","Clark Fork River at Bonita","8/15/2014",15,126.4318409,79.19767442,18.65,8.25,533,3.135,8.74,NA,236.85,0.01765,0.00455,0.01725,346.45,0.2305,0.0335,2620,2830,0.962182443,157,45,"3/11/2014",11,3,0.01625,0.2436,39,NA,16,12.8,13.3,0.046,0.061,5.2,9.8,181,11.8,0.113,1.04,41.9,15.6,3.8,9.2
"213",2014,8,"DL",157,"14-Aug","Clark Fork River at Deer Lodge","8/15/2014",15,225.0666667,65.13333333,18.6,8.335,449.55,2.65,10.415,NA,204.1,0.01615,0.0621,0.01075,292.2,0.32,0.02495,741,266,1.669045921,48,72,"6/28/2014",28,6,0.0142,0.27405,111,NA,15,17.7,19.8,0.059,0.074,7.4,15.1,140,22.2,0.199,1.24,47.1,33.4,3.5,8.6
"214",2014,8,"FH",158,"14-Aug","Clark Fork River above Flathead","8/16/2014",16,17.3955814,12.65294118,19.2,8.176666667,237.7333333,1.44,8.4,NA,175.6666667,0.0134,0.008733333,0.003366667,154.6666667,0.178666667,0.009733333,41000,7590,2.324186854,82,99,"5/26/2014",26,5,0.006366666,0.183333334,NA,NA,NA,NA,NA,NA,NA,NA,NA,NA,NA,NA,NA,NA,NA,NA,NA
"215",2014,8,"GR",159,"14-Aug","Clark Fork River above Little Blackfoot","8/13/2014",13,93.48891111,105.9522727,18.55,8.105,431.2,2.145,10.63,NA,198.15,0.01225,0.00165,0.017633333,280.5,0.263333333,0.0314,978,270,1.903213656,46,114,"6/28/2014",28,6,0.013766667,0.273933333,178,NA,15,19.6,19.8,0.066,0.076,8.9,16.6,127,20.9,0.208,1.21,45.7,31,3.2,8.8
"216",2014,8,"HU",160,"14-Aug","Clark Fork River at Huson","8/16/2014",16,22.30964286,9.134210526,19.23333333,8.083333333,255.9,1.646666667,9.203333333,NA,209.1666667,0.0109,0.0214,0.0042,166.4,0.170666667,0.0152,33400,2150,3.941431684,82,141,"5/26/2014",26,5,0.011,0.160166667,NA,NA,NA,NA,NA,NA,NA,NA,NA,NA,NA,NA,NA,NA,NA,NA,NA
"217",2014,8,"MS",161,"14-Aug","Clark Fork River above Missoula","8/15/2014",15,92.16666667,36.31666667,17.4,7.91,301.15,1.55,8.325,NA,248,0.01265,0.0019,0.0043,195.95,0.1515,0.01155,17100,2580,2.574472174,80,168,"5/27/2014",27,5,0.00725,0.16225,240,NA,16,3.6,4,0.03,0.03,1.5,2.8,76.7,9.9,0.04,0.23,14.6,5.41,2,2.5
"218",2014,9,"BM",155,"14-Sep","Clark Fork River below Missoula","9/4/2014",4,123.6666667,19.53809524,13.3,8.085,336,2.675,10.12,NA,232.4,0.01295,0.02715,0.0085,218.4,0.221,0.01925,33400,2150,3.941431684,101,18,"5/26/2014",26,5,0.01075,0.2068,NA,NA,NA,NA,NA,NA,NA,NA,NA,NA,NA,NA,NA,NA,NA,NA,NA
"219",2014,9,"BN",NA,NA,NA,NA,NA,NA,NA,NA,NA,NA,NA,NA,NA,NA,NA,NA,NA,NA,NA,NA,NA,NA,NA,NA,NA,NA,NA,NA,NA,NA,62,NA,13,11.5,11.9,0.035,0.049,3.5,5.7,62.3,6.6,0.048,0.43,32,11.9,3.4,5.7
"220",2014,9,"DL",NA,NA,NA,NA,NA,NA,NA,NA,NA,NA,NA,NA,NA,NA,NA,NA,NA,NA,NA,NA,NA,NA,NA,NA,NA,NA,NA,NA,NA,NA,134,NA,12,16.8,17.7,0.048,0.06,7,11.8,82.6,13.6,0.121,0.78,34.8,14.6,2.7,6.5
"221",2014,9,"GR",NA,NA,NA,NA,NA,NA,NA,NA,NA,NA,NA,NA,NA,NA,NA,NA,NA,NA,NA,NA,NA,NA,NA,NA,NA,NA,NA,NA,NA,NA,192,NA,12,17.3,17.8,0.042,0.047,7.2,11.1,58.4,9.5,0.076,0.55,29.6,14.8,2.3,5.4
"222",2014,9,"MS",NA,NA,NA,NA,NA,NA,NA,NA,NA,NA,NA,NA,NA,NA,NA,NA,NA,NA,NA,NA,NA,NA,NA,NA,NA,NA,NA,NA,NA,NA,264,NA,13,3.1,3.4,0.03,0.03,1.5,2,40.9,5.2,0.04,0.16,14,5.59,2,2.3
"223",2015,7,"BM",162,"15-Jul","Clark Fork River below Missoula","7/5/2015",5,228.125,64.375,18.9,8.395,222.05,1.465,7.59,79.7,117.6,0.0075,0.01145,0.0023,144.3,0.2065,0.0132,15200,2150,2.658903428,32,19,"6/3/2015",3,6,0.0109,0.20255,NA,NA,NA,NA,NA,NA,NA,NA,NA,NA,NA,NA,NA,NA,NA,NA,NA
"224",2015,7,"BN",165,"15-Jul","Clark Fork River at Bonita","7/5/2015",5,68.9047619,97.76190476,19.15,8.24,395,1.245,6.65,70.2,95.85,0.00755,0.002333333,0.00245,256.75,0.245333333,0.01,1500,2830,0.728035257,32,46,"6/3/2015",3,6,0.00755,0.25055,18,NA,10,13.3,18.1,0.053,0.25,8.3,51.8,1100,18.2,0.235,6.83,116,11.7,4.5,51
"225",2015,7,"DL",168,"15-Jul","Clark Fork River at Deer Lodge","7/3/2015",3,188.9047619,74.19047619,17.8,8.305,354.05,2.565,7.59,77.4,107.15,0.01085,0.0503,0.0042,230.1,0.3285,0.0197,628,266,1.536522781,30,73,"6/3/2015",3,6,0.0155,0.28905,90,NA,9,17.3,24.1,0.069,0.24,10.9,57.9,824,25.1,0.243,7.08,83.1,18.6,5.1,42
"226",2015,7,"GR",173,"15-Jul","Clark Fork River above Little Blackfoot","7/3/2015",3,75.12,135.88,17.35,8.225,377.7,1.885,7.96,81,101.7,0.0087,0.00165,0.01085,245.7,0.3175,0.03135,807,270,1.728840331,30,115,"6/3/2015",3,6,0.0205,0.32455,165,NA,9,18.7,29,0.084,0.34,14.4,89.2,1260,64.4,0.715,9.97,126,23.3,6.7,67
"227",2015,7,"MS",178,"15-Jul","Clark Fork River above Missoula","7/4/2015",4,116.8148148,91.59259259,18.75,8.23,224.7,1.86,7.02,74,119.75,0.010475,0.0017,0.0016,146.2,0.171666667,0.0109,7010,2580,1.648348951,31,169,"6/3/2015",3,6,0.0093,0.180441667,219,NA,10,3.7,4.8,0.03,0.1,2.2,10.8,330,10.2,0.071,1.51,39.4,5.37,2,13
"228",2015,8,"BM",163,"15-Aug","Clark Fork River below Missoula","8/6/2015",6,100.2380952,24.76190476,16.3,8.345,281.5,2.9,7.815,79.75,177.15,0.0121,0.02155,0.0021,182.95,0.2275,0.01925,15200,2150,2.658903428,64,19,"6/3/2015",3,6,0.01715,0.21805,NA,NA,NA,NA,NA,NA,NA,NA,NA,NA,NA,NA,NA,NA,NA,NA,NA
"229",2015,8,"BN",166,"15-Aug","Clark Fork River at Bonita","8/5/2015",5,179.15,151.9,16.25,8.215,504.25,4.165,7.94,80.9,119.9,0.01315,0.00285,0.0019,327.6,0.261,0.02115,1500,2830,0.728035257,63,46,"6/3/2015",3,6,0.01925,0.2713,40,NA,15,10.4,10.7,0.03,0.03,5.3,7.3,39.8,5.2,0.04,0.25,14.8,6.14,2.5,5
"230",2015,8,"DL",169,"15-Aug","Clark Fork River at Deer Lodge","8/6/2015",6,224.5909545,103.1428571,14.45,8.315,464.8,1.33,9.945,97.6,169.35,0.009666667,0.159633333,0.00235,302.25,0.406,0.01255,628,266,1.536522781,64,73,"6/3/2015",3,6,0.0102,0.256033334,112,NA,14,15.7,16.8,0.046,0.05,6.9,12.4,96.6,8.1,0.103,0.88,28.1,17.4,2.7,7
"231",2015,8,"FH",172,"15-Aug","Clark Fork River above Flathead","8/5/2015",5,36.25,20.2,18.5,8.525,211.55,1.04,8.235,87.9,137.9,0.0092,0.00545,NA,137.5,0.187,0.01005,17000,7590,1.496592528,63,100,"6/3/2015",3,6,0.01005,0.19075,NA,NA,NA,NA,NA,NA,NA,NA,NA,NA,NA,NA,NA,NA,NA,NA,NA
"232",2015,8,"GR",174,"15-Aug","Clark Fork River above Little Blackfoot","8/5/2015",5,312.1904762,183.5714286,14.35,8.21,477.4,1.585,9.81,96.2,124.05,0.014675,0.005925,0.006933333,310.4,0.2125,0.024033333,807,270,1.728840331,63,115,"6/3/2015",3,6,0.0171,0.22125,179,NA,14,17.2,18.5,0.05,0.04,8.1,10.8,57.3,60.2,0.086,0.43,13.4,8.56,2,5
"233",2015,8,"HU",176,"15-Aug","Clark Fork River at Huson","8/5/2015",5,7.15055,6.1,19.2,8.51,231.6,2.045,9.35,101.85,118.65,0.01155,0.0182,0.0017,150.5,0.2205,0.0178,15200,2150,2.658903428,63,142,"6/3/2015",3,6,0.0161,0.21385,NA,NA,NA,NA,NA,NA,NA,NA,NA,NA,NA,NA,NA,NA,NA,NA,NA
"234",2015,8,"MS",179,"15-Aug","Clark Fork River above Missoula","8/6/2015",6,61.76190476,22.04761905,16.5,7.985,286,3.005,7.735,79.2,175.9,0.01725,0.0026,0.0018,185.9,0.265,0.0157,7010,2580,1.648348951,64,169,"6/3/2015",3,6,0.0139,0.27965,241,NA,15,3.1,3.3,0.03,0.03,1.9,2.8,45.5,4.8,0.04,0.17,11.1,3.48,2,4
"235",2015,9,"BM",164,"15-Sep","Clark Fork River below Missoula","9/10/2015",10,76.33333333,16.33333333,13.5,8.435,300.85,4.76,8.6,82.6,152.2,0.011,0.02065,0.0028,195.6,0.251,0.02065,15200,2150,2.658903428,99,19,"6/3/2015",3,6,0.01785,0.24135,NA,NA,NA,NA,NA,NA,NA,NA,NA,NA,NA,NA,NA,NA,NA,NA,NA
"236",2015,9,"BN",167,"15-Sep","Clark Fork River at Bonita","9/10/2015",10,57.04761905,26.52380952,13,8.355,479.75,7.275,8.625,81.9,103.9,0.0144,0.0017,0.00505,311.7,0.3535,0.037,1500,2830,0.728035257,99,46,"6/3/2015",3,6,0.03195,0.3662,63,NA,12,11,11.1,0.044,0.05,3.4,6.3,61.8,7.9,0.074,0.5,56.1,22.4,2.7,6
"237",2015,9,"DL",170,"15-Sep","Clark Fork River at Deer Lodge","9/9/2015",9,158.3809524,50.85714286,11.7,8.385,471.1,3.365,10.005,92.3,150.45,0.01455,0.0891,0.0025,306.15,0.389,0.019,628,266,1.536522781,98,73,"6/3/2015",3,6,0.0165,0.31445,135,NA,11,14.1,14.6,0.047,0.05,7.3,10.2,63,13.7,0.114,0.55,22.9,11.7,3.1,5
"238",2015,9,"FH",171,"15-Sep","Clark Fork River above Flathead","9/10/2015",10,57.85714286,26.14285714,14.25,8.48,240.5,1.955,9.03,88.2,115.9,0.0061,0.00605,NA,156.65,0.186666667,0.012033333,17000,7590,1.496592528,99,100,"6/3/2015",3,6,0.012033333,0.186716667,NA,NA,NA,NA,NA,NA,NA,NA,NA,NA,NA,NA,NA,NA,NA,NA,NA
"239",2015,9,"GR",175,"15-Sep","Clark Fork River above Little Blackfoot","9/9/2015",9,129.1904762,45.85714286,11.5,8.2,482.45,3.71,9.205,84.5,116.65,0.0139,0.02665,0.0055,313.65,0.366,0.0316,807,270,1.728840331,98,115,"6/3/2015",3,6,0.0261,0.35325,193,NA,11,16.1,16.4,0.03,0.04,9.2,11.3,40.7,7,0.057,0.33,24.3,12,2,3
"240",2015,9,"HU",177,"15-Sep","Clark Fork River at Huson","9/9/2015",9,93.76190476,14.04761905,13.85,8.52,261.3,2.905,10.21,98.9,118.5,0.0208,0.02945,0.0018,169.95,0.249,0.01755,15200,2150,2.658903428,98,142,"6/3/2015",3,6,0.01575,0.24035,NA,NA,NA,NA,NA,NA,NA,NA,NA,NA,NA,NA,NA,NA,NA,NA,NA
"241",2015,9,"MS",180,"15-Sep","Clark Fork River above Missoula","9/8/2015",8,76.0952381,27.95238095,12.65,8.13,303.3,4.785,8.85,83.4,139.6,0.00715,NA,0.0017,196.9,0.232,0.0203,7010,2580,1.648348951,97,169,"6/3/2015",3,6,0.0186,0.23915,265,NA,12,3.3,3.6,0.03,0.03,1.6,2.8,73.6,6.1,0.04,0.3,21.6,7.04,2,4
"242",2016,7,"BM",181,"16-Jul","Clark Fork River below Missoula","7/13/2016",13,240.7071905,70.22975,16.75,8.34,244.85,1.63,7.395,76.05,51.9,0.0079,0.0113,0.001666667,159.25,0.1635,0.01385,16800,2150,2.795344968,65,20,"5/9/2016",9,5,0.012183333,0.1601,NA,NA,NA,NA,NA,NA,NA,NA,NA,NA,NA,NA,NA,NA,NA,NA,NA
"243",2016,7,"BN",183,"16-Jul","Clark Fork River at Bonita","7/16/2016",16,159.4885116,178.8008108,17.3,8.135,465.15,0.94,6.68,69.5,206.2,0.008033333,0.001633333,0.001233333,302.3,0.211666667,0.0088,1330,2830,0.685539688,49,47,"5/28/2016",28,5,0.007566667,0.218066667,19,NA,8,12.8,14.2,0.042,0.12,6.7,22.2,397,13.8,0.169,3.15,68.2,9.64,3.2,23
"244",2016,7,"DL",185,"16-Jul","Clark Fork River at Deer Lodge","7/16/2016",16,389.1023256,118.6211628,16.05,8.285,400.2,1.9,9.045,91.9,231.7,0.012,0.0387,0.0036,260.3,0.2945,0.0194,507,266,1.380585035,55,74,"5/22/2016",22,5,0.0158,0.2678,91,NA,7,19.6,26.6,0.049,0.23,9.5,57.3,862,19.9,0.188,7.21,110,17.4,3.4,41
"245",2016,7,"FH",187,"16-Jul","Clark Fork River above Flathead","7/24/2016",24,8.000285714,5.525,18.8,8.345,192.05,0.86,8.415,90.3,162.35,0.0211,0.0096,0.0012,124.8,0.1335,0.0087,20800,7590,1.655429841,75,101,"5/10/2016",10,5,0.0075,0.145,NA,NA,NA,NA,NA,NA,NA,NA,NA,NA,NA,NA,NA,NA,NA,NA,NA
"246",2016,7,"GR",189,"16-Jul","Clark Fork River above Little Blackfoot","7/16/2016",16,195.4755556,170.2084444,15.55,8.15,438.3,1.37,8.67,87,209.2,0.0219,0.00125,0.0231,284.7,0.285,0.04325,598,270,1.488225391,49,116,"5/28/2016",28,5,0.02015,0.30565,166,NA,7,19.2,23.5,0.046,0.18,10.5,41.8,555,NA,0.19,4.83,81,19.5,2.7,30
"247",2016,7,"HU",191,"16-Jul","Clark Fork River at Huson","7/24/2016",24,33.00017647,15.7,19.65,8.355,209.4,1.37,9.35,102.75,154.7,0.015533333,0.028333333,0.00215,136.15,0.2005,0.009933333,16800,2150,2.795344968,76,143,"5/9/2016",9,5,0.007783333,0.1877,NA,NA,NA,NA,NA,NA,NA,NA,NA,NA,NA,NA,NA,NA,NA,NA,NA
"248",2016,7,"MS",193,"16-Jul","Clark Fork River above Missoula","7/12/2016",12,114.755814,76.10093023,17.4,8.28,247.05,1.195,7.195,75.15,204.8,NA,0.0011,8e-04,160.55,0.1405,0.009533333,7660,2580,1.723076391,63,170,"5/10/2016",10,5,0.008733333,0.1394,220,NA,8,2.8,3.1,0.03,0.04,2.6,4.5,214,11.8,0.043,0.7,23.5,4.71,2,6
"249",2016,8,"BN",NA,NA,NA,NA,NA,NA,NA,NA,NA,NA,NA,NA,NA,NA,NA,NA,NA,NA,NA,NA,NA,NA,NA,NA,NA,NA,NA,NA,NA,NA,41,NA,13,10.6,10.9,0.033,0.05,4.9,8,109,13.7,0.098,0.85,33.7,6.83,2.8,9
"250",2016,8,"DL",NA,NA,NA,NA,NA,NA,NA,NA,NA,NA,NA,NA,NA,NA,NA,NA,NA,NA,NA,NA,NA,NA,NA,NA,NA,NA,NA,NA,NA,NA,113,NA,12,16,16.7,0.053,0.06,7.6,15.5,160,20.1,0.117,1.34,42.5,18.9,2.2,11
"251",2016,8,"GR",NA,NA,NA,NA,NA,NA,NA,NA,NA,NA,NA,NA,NA,NA,NA,NA,NA,NA,NA,NA,NA,NA,NA,NA,NA,NA,NA,NA,NA,NA,180,NA,12,15.3,15.7,0.044,0.05,7.9,12.9,103,11.1,0.082,0.79,28.8,9.22,2,8
"252",2016,8,"MS",194,"16-Aug","Clark Fork River above Missoula","8/25/2016",25,67.76190476,28.48571429,16.05,8.245,264.65,NA,7.795,79.2,-4,0.0198,0.01095,0.00125,171.9,0.321,0.0507,7660,2580,1.723076391,107,170,"5/10/2016",10,5,0.04945,0.32985,242,NA,13,3.2,3.5,0.03,0.03,1.7,2.2,56.4,9.6,0.04,0.18,9.8,3.66,2,3
"253",2016,9,"BM",182,"16-Sep","Clark Fork River below Missoula","9/6/2016",6,285.7619048,51.02380952,12.1,8.27,290.4,5.39,NA,NA,150.3,0.01685,0.03125,0.0017,188.8,0.21,0.02185,16800,2150,2.795344968,120,20,"5/9/2016",9,5,0.02015,0.1956,NA,NA,NA,NA,NA,NA,NA,NA,NA,NA,NA,NA,NA,NA,NA,NA,NA
"254",2016,9,"BN",184,"16-Sep","Clark Fork River at Bonita","9/7/2016",7,96.27272727,60.10454545,13,8.52,496.95,NA,8.14,77.2,214.35,0.0191,0.0023,0.00775,323.05,0.288,0.04775,1330,2830,0.685539688,102,47,"5/28/2016",28,5,0.04,0.3048,64,NA,10,10.2,12.3,0.03,0.09,2.8,10.6,206,6.6,0.06,1.55,126,26.2,2.8,16
"255",2016,9,"DL",186,"16-Sep","Clark Fork River at Deer Lodge","9/7/2016",7,260.6904762,81.25,11,8.205,476.95,2.24,8.46,76.4,233.95,0.0208,0.1836,0.00255,309.75,0.4255,0.0162,507,266,1.380585035,108,74,"5/22/2016",22,5,0.01365,0.2627,136,NA,9,13,15,0.031,0.03,6,8.4,36.3,9.6,0.05,0.23,6.8,2.54,2,3
"256",2016,9,"FH",188,"16-Sep","Clark Fork River above Flathead","9/8/2016",8,7.857571429,15.03333333,14,8.375,234.4,1.52,7.75,78,130.25,0.0276,0.008,0.001025,152.45,0.190333333,0.011233333,20800,7590,1.655429841,121,101,"5/10/2016",10,5,0.010208333,0.209933333,NA,NA,NA,NA,NA,NA,NA,NA,NA,NA,NA,NA,NA,NA,NA,NA,NA
"257",2016,9,"GR",190,"16-Sep","Clark Fork River above Little Blackfoot","9/7/2016",7,125.1761905,52.92285714,11.2,8.24,489.15,1.21,8.65,78,77.75,0.02415,0.0349,0.00745,317.8,0.2935,0.0227,598,270,1.488225391,102,116,"5/28/2016",28,5,0.01525,0.28275,194,NA,9,15.3,17.8,0.03,0.03,7.4,9.7,21.5,7.7,0.044,0.15,10.3,4.68,2,3
"258",2016,9,"HU",192,"16-Sep","Clark Fork River at Huson","9/6/2016",6,70.33333333,15.6047619,14.45,8.305,254.15,2.695,8.41,85.7,145.7,0.01735,0.06355,0.0012,165.1,0.2075,0.0132,16800,2150,2.795344968,120,143,"5/9/2016",9,5,0.012,0.1613,NA,NA,NA,NA,NA,NA,NA,NA,NA,NA,NA,NA,NA,NA,NA,NA,NA
"259",2016,9,"MS",NA,NA,NA,NA,NA,NA,NA,NA,NA,NA,NA,NA,NA,NA,NA,NA,NA,NA,NA,NA,NA,NA,NA,NA,NA,NA,NA,NA,NA,NA,266,NA,10,2.8,3.7,0.03,0.04,1.1,3.7,342,6.4,0.04,0.82,45.8,5.78,2,8
"260",2017,7,"BM",195,"17-Jul","Clark Fork River below Missoula","7/10/2017",10,13.5047619,5.071428571,17.5,8.085,249.05,2.265,8.21,85.85,157.55,0.010675,0.010766667,0.004266667,161.8,0.153666667,0.015933333,29200,2150,3.685294472,26,21,"6/14/2017",14,6,0.011666666,0.153575,NA,NA,NA,NA,NA,NA,NA,NA,NA,NA,NA,NA,NA,NA,NA,NA,NA
"261",2017,7,"BN",198,"17-Jul","Clark Fork River at Bonita","7/10/2017",10,17.59542857,24.08235294,19.85,8.26,445.25,2.985,8.325,91.55,238.65,0.01745,0.0047,0.01265,289.55,0.225,0.03305,5140,2830,1.347684836,26,48,"6/14/2017",14,6,0.0204,0.23775,20,NA,14,26.5,79.1,0.067,2.2,18.8,330,NA,177,1.54,78.2,1240,77,14.7,575
"262",2017,7,"DL",201,"17-Jul","Clark Fork River at Deer Lodge","7/9/2017",9,105.9761905,53.1,18.6,8.22,363.45,2.29,8.575,91.75,212.85,0.01275,0.02725,0.0081,236.25,0.2595,0.024,1560,266,2.421706352,25,75,"6/14/2017",14,6,0.0159,0.245,92,NA,13,22.8,91.5,0.145,1.86,41.2,538,9990,91.4,0.753,85.1,714,91.4,21.8,434
"263",2017,7,"GR",206,"17-Jul","Clark Fork River above Little Blackfoot","7/9/2017",9,22.667,27.72857143,19,8.235,398.05,2.15,8.725,94.25,215.2,0.0135,0.0025,0.0151,258.7,0.2845,0.03585,1840,270,2.610520028,25,117,"6/14/2017",14,6,0.02075,0.2955,167,NA,13,27.4,138,0.102,3.25,36.6,869,NA,105,0.955,132,1060,164,17.8,800
"264",2017,7,"MS",211,"17-Jul","Clark Fork River above Missoula","7/10/2017",10,24.30966667,18.24444444,18.9,8.175,253,2.34,8.645,93.35,234.95,0.0149,0.002,0.0042,164.45,0.169,0.01515,14700,2580,2.386980188,26,171,"6/14/2017",14,6,0.01095,0.1819,221,NA,14,7.2,23.7,0.033,1.02,8,155,NA,150,0.724,27.8,479,44.6,8.6,259
"265",2017,8,"BM",196,"17-Aug","Clark Fork River below Missoula","8/9/2017",9,24.99047619,6.585714286,16.5,8.185,273,1.785,8.39,86,248.85,0.01255,0.0318,0.0039,177.45,0.196,0.0156,29200,2150,3.685294472,56,21,"6/14/2017",14,6,0.0117,0.17675,NA,NA,NA,NA,NA,NA,NA,NA,NA,NA,NA,NA,NA,NA,NA,NA,NA
"266",2017,8,"BN",199,"17-Aug","Clark Fork River at Bonita","8/6/2017",6,25.86190476,16.04285714,17.85,8.305,507.45,1.64,9.31,98.4,247.8,0.0152,0.00695,0.00195,329.85,0.2725,0.0147,5140,2830,1.347684836,53,48,"6/14/2017",14,6,0.01275,0.28075,42,NA,12,14,15.4,0.05,0.1,6.6,15.4,248,11,0.098,1.53,60,13.4,3.6,17
"267",2017,8,"DL",202,"17-Aug","Clark Fork River at Deer Lodge","8/8/2017",8,190.5857143,99.56190476,16,8.135,421.5,1.3,9.07,91.95,274.7,0.013933333,0.240733333,0.0038,274,0.530666667,0.016866667,1560,266,2.421706352,55,75,"6/14/2017",14,6,0.013066667,0.303866667,114,NA,11,17.9,18.7,0.061,0.1,10.1,19,158,11.7,0.162,1.34,39.7,23.9,3.5,12
"268",2017,8,"FH",205,"17-Aug","Clark Fork River above Flathead","8/5/2017",5,8.824,5.76875,19,8.305,222.75,0.9165,8.525,91.8,201.95,0.02205,0.02775,0.0016,144.6,0.1825,0.0079,34500,7590,2.132007164,63,102,"6/3/2017",3,6,0.0063,0.1768,NA,NA,NA,NA,NA,NA,NA,NA,NA,NA,NA,NA,NA,NA,NA,NA,NA
"269",2017,8,"GR",207,"17-Aug","Clark Fork River above Little Blackfoot","8/7/2017",7,116.2428571,167.6380952,16.2,8.23,472.95,0.875,10.33,105,263.9,0.012533333,0.07435,0.00455,307.4,0.321,0.0174,1840,270,2.610520028,54,117,"6/14/2017",14,6,0.01285,0.259183333,181,NA,11,19.6,20.4,0.082,0.14,11.5,23.6,224,17.2,0.132,2.4,58.5,29.9,8.4,18
"270",2017,8,"HU",209,"17-Aug","Clark Fork River at Huson","8/5/2017",5,24.59052381,8.97,19.4,8.2,242.9,1.7025,8.925,97.05,201.05,0.01475,0.0563,0.0017,157.95,0.2565,0.01435,29200,2150,3.685294472,52,144,"6/14/2017",14,6,0.01265,0.21495,NA,NA,NA,NA,NA,NA,NA,NA,NA,NA,NA,NA,NA,NA,NA,NA,NA
"271",2017,8,"MS",212,"17-Aug","Clark Fork River above Missoula","8/8/2017",8,106.6142857,56.6,16.75,8.455,267.3,1.62,9.515,98.5,243.55,0.0116,0.00205,0.002,173.85,0.18,0.01085,14700,2580,2.386980188,55,171,"6/14/2017",14,6,0.00885,0.18955,243,NA,12,4,4,0.03,0.03,2.2,4.3,95.2,10.9,0.037,0.33,18.6,6.28,2,5
"272",2017,9,"BM",197,"17-Sep","Clark Fork River below Missoula","9/5/2017",5,175.8380952,47.01904762,12.15,8.09,303.2,3.085,9.12,84.65,200.55,0.0091,0.0281,0.0041,197,0.2285,0.01695,29200,2150,3.685294472,83,21,"6/14/2017",14,6,0.01285,0.2095,NA,NA,NA,NA,NA,NA,NA,NA,NA,NA,NA,NA,NA,NA,NA,NA,NA
"273",2017,9,"BN",200,"17-Sep","Clark Fork River at Bonita","9/6/2017",6,58.45238095,31.16190476,12.9,8.225,506.3,5.275,9.495,89.6,192.85,0.0114,0.01095,0.00675,329.2,0.3345,0.0328,5140,2830,1.347684836,84,48,"6/14/2017",14,6,0.02605,0.33495,65,NA,16,11.6,12.2,0.03,0.05,4.4,8.3,103,10,0.078,0.59,40.7,13.7,3.1,9
"274",2017,9,"DL",203,"17-Sep","Clark Fork River at Deer Lodge","9/6/2017",6,76.86666667,61.25238095,10.65,8.185,471.1,2.2,10.785,97.2,217.1,0.0101,0.21265,0.0034,306.15,0.513,0.01785,1560,266,2.421706352,84,75,"6/14/2017",14,6,0.01445,0.31045,137,NA,15,14.8,15,0.051,0.09,8.4,15,122,16.3,0.154,0.97,44,19.5,4.9,11
"275",2017,9,"FH",204,"17-Sep","Clark Fork River above Flathead","9/6/2017",6,20.43333333,11.72857143,14.55,8.215,250.4,1.435,9.27,90.7,208.55,0.0185,0.0218,NA,162.85,0.1825,0.00965,34500,7590,2.132007164,95,102,"6/3/2017",3,6,0.00965,0.1792,NA,NA,NA,NA,NA,NA,NA,NA,NA,NA,NA,NA,NA,NA,NA,NA,NA
"276",2017,9,"GR",208,"17-Sep","Clark Fork River above Little Blackfoot","9/6/2017",6,77.34090909,139.9227273,10.9,8.23,487.1,2.665,10.875,98.55,214.5,0.0137,0.1808,0.0109,316.6,0.523,0.035,1840,270,2.610520028,84,117,"6/14/2017",14,6,0.0241,0.3559,195,NA,15,16.8,17.1,0.03,0.03,8.3,10.2,21.9,10,0.059,0.16,6.4,2.68,2,2
"277",2017,9,"HU",210,"17-Sep","Clark Fork River at Huson","9/5/2017",5,35.18571429,12.17142857,15.05,8.145,275.3,2.1265,9.97,99.25,217.4,0.01375,0.08665,0.0013,178.75,0.309,0.0104,29200,2150,3.685294472,83,144,"6/14/2017",14,6,0.0091,0.2361,NA,NA,NA,NA,NA,NA,NA,NA,NA,NA,NA,NA,NA,NA,NA,NA,NA
"278",2017,9,"MS",213,"17-Sep","Clark Fork River above Missoula","9/5/2017",5,68.82857143,47.53333333,12.4,8.32,306.15,2.64,9.685,90.45,165.5,0.0096,0.00395,0.0019,198.9,0.2105,0.014,14700,2580,2.386980188,83,171,"6/14/2017",14,6,0.0121,0.21615,267,NA,16,3.1,3.4,0.03,0.03,1.5,2.1,70.8,10,0.036,0.14,12.6,5.62,2,3
"279",2018,7,"BN",NA,NA,NA,NA,NA,NA,NA,NA,NA,NA,NA,NA,NA,NA,NA,NA,NA,NA,NA,NA,NA,NA,NA,NA,NA,NA,NA,NA,NA,NA,21,NA,6,18.2,26.5,0.116,0.4,17.1,77.4,1740,40.4,0.314,10.8,166,50.9,10,88
"280",2018,7,"DL",NA,NA,NA,NA,NA,NA,NA,NA,NA,NA,NA,NA,NA,NA,NA,NA,NA,NA,NA,NA,NA,NA,NA,NA,NA,NA,NA,NA,NA,NA,93,NA,6,30.9,31.5,0.329,0.36,86.4,87.1,1310,49.5,10.4,10.8,103,106,64,68
"281",2018,7,"GR",NA,NA,NA,NA,NA,NA,NA,NA,NA,NA,NA,NA,NA,NA,NA,NA,NA,NA,NA,NA,NA,NA,NA,NA,NA,NA,NA,NA,NA,NA,168,NA,6,38,39,0.505,0.54,23.9,142,1920,51.7,14.8,15.7,158,167,95.4,105
"282",2018,7,"MS",NA,NA,NA,NA,NA,NA,NA,NA,NA,NA,NA,NA,NA,NA,NA,NA,NA,NA,NA,NA,NA,NA,NA,NA,NA,NA,NA,NA,NA,NA,222,NA,7,7.2,7.5,0.121,0.14,20.4,20.9,903,31.6,2.99,3.09,78,85,27.7,30
"283",2018,8,"BM",214,"18-Aug","Clark Fork River below Missoula","8/9/2018",9,38.462,11.46315789,15.8,8.335,285.65,2.31,8.935,90.15,2.65,0.0205,0.02865,0.00485,185.6,0.1805,0.01745,51200,2150,4.879954251,90,22,"5/11/2018",11,5,0.0126,0.17235,NA,NA,NA,NA,NA,NA,NA,NA,NA,NA,NA,NA,NA,NA,NA,NA,NA
"284",2018,8,"BN",216,"18-Aug","Clark Fork River at Bonita","8/7/2018",7,8.12447619,27.97142857,17.95,8.385,447.65,2,9.62,101.2,6,0.0089,0.0047,0.0118,291.2,0.216,0.03365,5870,2830,1.440210036,47,49,"6/21/2018",21,6,0.02185,0.2202,43,NA,18,13,15.6,0.054,0.14,6.8,20.6,407,11.1,0.107,2.57,67.1,16.2,4.7,22
"285",2018,8,"DL",218,"18-Aug","Clark Fork River at Deer Lodge","8/7/2018",7,46.92419048,43.48461538,14,8.175,411.55,2.895,9.64,93.6,19.05,0.01985,0.1002,0.00875,267.5,0.348,0.0304,2180,266,2.862776401,46,76,"6/22/2018",22,6,0.02165,0.26765,115,NA,17,17.8,23.2,0.069,0.14,9.8,26.5,310,15.1,0.109,2.26,48,20.3,5.3,19
"286",2018,8,"FH",220,"18-Aug","Clark Fork River above Flathead","8/8/2018",8,14.40485714,7.945,17.95,8.33,239.15,0.98,8.545,90.1,9.85,0.01175,0.024333333,NA,155.35,0.164333333,0.010366667,59700,7590,2.804569958,88,103,"5/12/2018",12,5,0.010366667,0.15175,NA,NA,NA,NA,NA,NA,NA,NA,NA,NA,NA,NA,NA,NA,NA,NA,NA
"287",2018,8,"GR",222,"18-Aug","Clark Fork River above Little Blackfoot","8/9/2018",9,72.15738095,58.51875,16.05,8.505,418.55,1.815,11.425,116.1,14.05,0.0194,0.065866667,0.007633333,272,0.337333333,0.028066667,2450,270,3.01232038,50,118,"6/20/2018",20,6,0.020433334,0.290866666,182,NA,17,19.6,22.7,0.076,0.14,11.4,25.2,237,12.8,0.113,1.92,44.9,18.8,4.3,16
"288",2018,8,"HU",224,"18-Aug","Clark Fork River at Huson","8/6/2018",6,26.85714286,10.13809524,17.3,8.165,255.6,2.145,9.05,94.55,14.55,0.0158,0.05845,0.0018,166.1,0.2345,0.0171,51200,2150,4.879954251,87,145,"5/11/2018",11,5,0.0153,0.19185,NA,NA,NA,NA,NA,NA,NA,NA,NA,NA,NA,NA,NA,NA,NA,NA,NA
"289",2018,8,"MS",226,"18-Aug","Clark Fork River above Missoula","8/8/2018",8,97.54761905,22.12380952,17.05,8.375,283.15,1.505,9.57,98.85,7.95,0.0118,0.0039,0.0033,183.95,0.1385,0.01545,31500,2580,3.49418121,89,172,"5/11/2018",11,5,0.01215,0.1464,244,NA,18,5.1,5.7,0.03,0.05,2.6,6.7,143,10.2,0.05,0.67,26.8,10.3,2,7
"290",2018,9,"BM",215,"18-Sep","Clark Fork River below Missoula","9/11/2018",11,148.3619048,23.26666667,14.15,8.24,310.6,1.89,10.125,98.35,29.95,0.020466667,0.038233333,0.002266667,201.85,0.221333333,0.014466667,51200,2150,4.879954251,123,22,"5/11/2018",11,5,0.0122,0.203566667,NA,NA,NA,NA,NA,NA,NA,NA,NA,NA,NA,NA,NA,NA,NA,NA,NA
"291",2018,9,"BN",217,"18-Sep","Clark Fork River at Bonita","9/6/2018",6,65.22857143,14.67619048,15.15,8.455,459.65,2.8,11.725,116.8,55.35,0.03285,0.0043,0.00245,299,0.24,0.02185,5870,2830,1.440210036,77,49,"6/21/2018",21,6,0.0194,0.26855,66,NA,15,13,13.8,0.09,0.07,5.2,8.3,85.1,10,0.06,0.44,22.4,11.3,6,8
"292",2018,9,"DL",219,"18-Sep","Clark Fork River at Deer Lodge","9/6/2018",6,74.23333333,28.5952381,11.45,8.16,441.9,2.74,9.695,88.85,64.05,0.014633333,0.13,0.00465,287.35,0.394,0.027633333,2180,266,2.862776401,76,76,"6/22/2018",22,6,0.022983333,0.278633333,138,NA,14,18,18.8,0.077,0.09,9.6,14.4,78.2,17.4,0.113,0.66,26.1,17.7,4.3,7
"293",2018,9,"FH",221,"18-Sep","Clark Fork River above Flathead","9/7/2018",7,29.8047619,13.1047619,13.75,8.215,257.4,1.205,9.235,89.1,44.25,0.0256,0.01905,0.001,167.4,0.1535,0.00895,59700,7590,2.804569958,118,103,"5/12/2018",12,5,0.00795,0.16005,NA,NA,NA,NA,NA,NA,NA,NA,NA,NA,NA,NA,NA,NA,NA,NA,NA
"294",2018,9,"GR",223,"18-Sep","Clark Fork River above Little Blackfoot","9/6/2018",6,218.3571905,69.89,12.9,8.285,450.85,3.48,11.13,105.5,61.75,0.0249,0.0893,0.0079,293.15,0.368,0.0319,2450,270,3.01232038,78,118,"6/20/2018",20,6,0.024,0.3036,196,NA,14,20.8,20.9,0.062,0.07,10.2,13.8,50,10,0.086,0.42,14.9,7.56,2.1,5
"295",2018,9,"HU",225,"18-Sep","Clark Fork River at Huson","9/8/2018",8,28.75714286,7.357142857,14.35,8.24,277,1.92,9.265,91.1,40.15,0.016633333,0.0332,0.0017,180.1,0.218,0.01245,51200,2150,4.879954251,120,145,"5/11/2018",11,5,0.01075,0.201433333,NA,NA,NA,NA,NA,NA,NA,NA,NA,NA,NA,NA,NA,NA,NA,NA,NA
"296",2018,9,"MS",227,"18-Sep","Clark Fork River above Missoula","9/10/2018",10,66.75714286,17.14285714,14.4,8.465,309.7,2.65,11.06,108.4,46.2,0.02255,0.0418,0.0014,201.2,0.1535,0.01235,31500,2580,3.49418121,122,172,"5/11/2018",11,5,0.01095,0.13425,268,NA,15,4.3,4.5,0.03,0.03,1.9,2.7,40.1,10,0.02,0.15,13.3,6.23,2,3
"297",2019,7,"BN",230,"19-Jul","Clark Fork River at Bonita","7/20/2019",20,66.46302128,72.5528,18.65,8.58,423.5,4.51,8.18,87.55,NA,0.00365,0.005,0.039,275.275,0.185,0.0445,3640,2830,1.134115991,103,50,"4/8/2019",8,4,0.0055,0.18365,22,NA,5,10,17.8,0.054,0.27,9,52.9,1340,32.8,0.205,7.8,128,10.9,4.8,69
"298",2019,7,"DL",232,"19-Jul","Clark Fork River at Deer Lodge","7/19/2019",19,188.5196434,66.87256236,18.05,8.85,345.4,3.23,10.925,115.7,NA,0.025,0.0295,0.0255,224.575,0.235,0.034,1280,266,2.193633988,62,77,"5/18/2019",18,5,0.0085,0.2305,94,NA,4,16.1,30,0.078,0.32,12.8,90.3,1650,28.6,0.213,11.9,148,14.4,5.6,68
"299",2019,7,"GR",236,"19-Jul","Clark Fork River above Little Blackfoot","7/21/2019",21,24.7161332,47.52297297,19.4,8.735,378.15,4.03,9.815,106.65,NA,0.0137,NA,0.046,245.705,0.23,0.053,1420,270,2.293307493,64,119,"5/18/2019",18,5,0.007,0.2437,169,NA,4,16.3,33.1,0.084,0.37,14.4,107,1780,29.4,0.245,13.7,133,12.5,5.9,79
"300",2019,7,"MS",240,"19-Jul","Clark Fork River above Missoula","7/17/2019",17,119.8768095,79.84019512,17.4,8.58,277.3,5.13,8.86,92.7,NA,0.01,0.005,0.0245,180.375,0.125,0.0295,16200,2580,2.505807209,60,173,"5/18/2019",18,5,0.005,0.13,223,NA,5,3.5,5.1,0.03,0.08,3.3,13.2,536,21.8,0.072,1.85,45.7,8.08,2.3,19
"301",2019,8,"BM",228,"19-Aug","Clark Fork River below Missoula","8/7/2019",7,42.20480952,15.06725,18.55,8.685,299.05,2.9,10.075,107.65,NA,0.03,0.0445,0.0135,194.35,0.17,0.014,34000,2150,3.976676186,81,23,"5/18/2019",18,5,5e-04,0.1555,NA,NA,NA,NA,NA,NA,NA,NA,NA,NA,NA,NA,NA,NA,NA,NA,NA
"302",2019,8,"BN",231,"19-Aug","Clark Fork River at Bonita","8/23/2019",23,117.65,55.81333333,20.75,8.63,412,3.61,8.685,96.25,NA,0.03,0.003,0.026666667,265.85,0.19,0.027666667,3640,2830,1.134115991,137,50,"4/8/2019",8,4,0.001,0.217,44,NA,17,11.8,14,0.034,0.1,4.5,12.8,316,10,0.09,2.02,67.7,16.7,3.1,16
"303",2019,8,"DL",233,"19-Aug","Clark Fork River at Deer Lodge","8/24/2019",24,188.9727273,75.89090909,19.65,8.495,437.3,2.92,9.26,101.7,NA,0.03,0.1425,0.0285,284.375,0.345,0.0255,1280,266,2.193633988,98,77,"5/18/2019",18,5,NA,0.2325,116,NA,16,17.6,19.5,0.053,0.1,7.7,17.3,217,14.2,0.097,1.34,44.8,18,2.2,12
"304",2019,8,"FH",234,"19-Aug","Clark Fork River above Flathead","8/6/2019",6,11.84385714,9.007,20.55,8.57,247.15,2.32,9.12,101.5,NA,0.025,0.011666667,0.016666667,160.55,0.136666667,0.008,42000,7590,2.352359844,79,104,"5/19/2019",19,5,NA,0.15,NA,NA,NA,NA,NA,NA,NA,NA,NA,NA,NA,NA,NA,NA,NA,NA,NA
"305",2019,8,"GR",237,"19-Aug","Clark Fork River above Little Blackfoot","8/24/2019",24,128.109619,54.61052632,19.7,8.65,443.9,2.6,9.01,98.7,NA,0.03,0.074,0.03,288.28,0.31,0.0375,1420,270,2.293307493,98,119,"5/18/2019",18,5,0.0075,0.266,183,NA,16,17.8,21.1,0.061,0.13,8.2,22.3,263,10.7,0.109,1.84,66.8,21.7,2.9,16
"306",2019,8,"HU",238,"19-Aug","Clark Fork River at Huson","8/6/2019",6,27.65980952,9.0455,20.4,8.485,274.9,1.71,9.745,107.35,NA,0.03,0.0425,0.0155,178.75,0.19,0.014,34000,2150,3.976676186,80,146,"5/18/2019",18,5,NA,0.1775,NA,NA,NA,NA,NA,NA,NA,NA,NA,NA,NA,NA,NA,NA,NA,NA,NA
"307",2019,8,"MS",241,"19-Aug","Clark Fork River above Missoula","8/7/2019",7,108.2,53.43619048,18.05,8.52,303.85,2.195,9.745,103.45,NA,0.02,NA,0.014,197.655,0.13,0.014,16200,2580,2.505807209,81,173,"5/18/2019",18,5,0,0.15,245,NA,17,5.2,5.5,0.03,0.03,2.3,4.1,121,10,0.038,0.43,22.5,5.49,2,5
"308",2019,9,"BM",229,"19-Sep","Clark Fork River below Missoula","9/7/2019",7,253.4,58.55,13.6,8.275,323.65,NA,9.255,89.4,NA,0.005,0.0335,0.0165,211.1,0.19,0.046,34000,2150,3.976676186,112,23,"5/18/2019",18,5,0.0295,0.1615,NA,NA,NA,NA,NA,NA,NA,NA,NA,NA,NA,NA,NA,NA,NA,NA,NA
"309",2019,9,"BN",NA,NA,NA,NA,NA,NA,NA,NA,NA,NA,NA,NA,NA,NA,NA,NA,NA,NA,NA,NA,NA,NA,NA,NA,NA,NA,NA,NA,NA,NA,67,NA,21,12.3,13.8,0.039,0.09,4.1,11.2,151,10,0.072,1.1,55.8,16.1,3.2,12
"310",2019,9,"DL",NA,NA,NA,NA,NA,NA,NA,NA,NA,NA,NA,NA,NA,NA,NA,NA,NA,NA,NA,NA,NA,NA,NA,NA,NA,NA,NA,NA,NA,NA,139,NA,20,14.9,17.5,0.05,0.08,NA,16.2,137,14.4,0.126,1.05,44.8,22.2,4.2,10
"311",2019,9,"FH",235,"19-Sep","Clark Fork River above Flathead","9/7/2019",7,24.56,10.465,15.2,8.46,265.6,5.19,9.26,92.35,NA,0.01485,0.008,0.0105,172.95,0.12,0.01,42000,7590,2.352359844,111,104,"5/19/2019",19,5,NA,0.12685,NA,NA,NA,NA,NA,NA,NA,NA,NA,NA,NA,NA,NA,NA,NA,NA,NA
"312",2019,9,"GR",NA,NA,NA,NA,NA,NA,NA,NA,NA,NA,NA,NA,NA,NA,NA,NA,NA,NA,NA,NA,NA,NA,NA,NA,NA,NA,NA,NA,NA,NA,197,NA,20,16.9,19.9,0.05,0.1,7.3,18.6,188,10.8,0.123,1.46,78.3,23.2,2.6,13
"313",2019,9,"HU",239,"19-Sep","Clark Fork River at Huson","9/7/2019",7,68.1,17.25,14.35,8.355,287.45,4.985,9.575,93.1,NA,0.015,0.033,0.013333333,186.875,0.17,0.021666667,34000,2150,3.976676186,112,146,"5/18/2019",18,5,0.008333334,0.152,NA,NA,NA,NA,NA,NA,NA,NA,NA,NA,NA,NA,NA,NA,NA,NA,NA
"314",2019,9,"MS",242,"19-Sep","Clark Fork River above Missoula","9/7/2019",7,101.85,29.71428571,13.45,8.285,329.35,NA,9.23,88.55,NA,0.005,0.016,0.017,214.175,0.175,0.0465,16200,2580,2.505807209,112,173,"5/18/2019",18,5,0.0295,0.164,269,NA,21,4.6,4.9,0.03,0.03,1.8,3.6,53.4,10,0.024,0.25,17,5.67,2,4
"315",2019,10,"DL",NA,NA,NA,NA,NA,NA,NA,NA,NA,NA,NA,NA,NA,NA,NA,NA,NA,NA,NA,NA,NA,NA,NA,NA,NA,NA,NA,NA,NA,NA,145,NA,9.5,20.35,26.45,0.055,0.345,9.35,67.6,1267.5,20.05,0.1295,8.11,241,20,5.05,57.5
"316",2019,10,"GR",NA,NA,NA,NA,NA,NA,NA,NA,NA,NA,NA,NA,NA,NA,NA,NA,NA,NA,NA,NA,NA,NA,NA,NA,NA,NA,NA,NA,NA,NA,201,NA,15.5,16.575,21.625,0.05475,0.3225,9.875,59.4,1055.5,31.775,0.27525,7.07,228.725,15.435,5.5,55.75
"317",2020,7,"BN",245,"20-Jul","Clark Fork River at Bonita","7/23/2020",23,52.93957143,77.21176471,19.5,8.195,378.8,5.015,8.275,NA,NA,NA,NA,0.009,NA,0.15,0.027,3670,2830,1.138779956,62,51,"5/22/2020",22,5,0.018,0.15,23,NA,3,9.7,17.6,0.072,0.33,9.1,67.3,1580,28.9,0.259,9.9,164,13.4,5.3,77
"318",2020,7,"DL",248,"20-Jul","Clark Fork River at Deer Lodge","7/23/2020",23,73.59219048,33.006,19.1,8.47,364.05,3.44,10.165,NA,NA,NA,0.016,0.006,NA,0.17,0.023,1590,266,2.444881103,34,78,"6/19/2020",19,6,0.017,0.154,95,NA,2,10.3,23.3,0.102,0.45,10.8,108,1590,33.1,0.275,13,170,16.2,7,82
"319",2020,7,"GR",NA,NA,NA,NA,NA,NA,NA,NA,NA,NA,NA,NA,NA,NA,NA,NA,NA,NA,NA,NA,NA,NA,NA,NA,NA,NA,NA,NA,NA,NA,170,NA,2,12.1,28.6,0.1,0.51,13.8,159,2330,36.1,0.37,18.2,189,16.3,6.8,111
"320",2020,7,"MS",257,"20-Jul","Clark Fork River above Missoula","7/21/2020",21,39.09814815,68.23259259,18.65,8.18,257.5,8.16,8.965,NA,NA,NA,NA,0.006,NA,0.11,0.017,20000,2580,2.784230232,61,174,"5/21/2020",21,5,0.011,0.11,224,NA,3,3.1,4.4,0.03,0.09,2.8,15.5,794,29.7,0.093,2.36,58.6,6.89,2.5,23
"321",2020,8,"BM",243,"20-Aug","Clark Fork River below Missoula","8/7/2020",7,55.13571429,17.42095238,17.25,8.265,285.35,2.595,9.295,NA,NA,NA,0.025,0.004,NA,0.155,0.0205,37300,2150,4.165193538,77,24,"5/22/2020",22,5,0.0165,0.13,NA,NA,NA,NA,NA,NA,NA,NA,NA,NA,NA,NA,NA,NA,NA,NA,NA
"322",2020,8,"BN",246,"20-Aug","Clark Fork River at Bonita","8/8/2020",8,69.39333333,27.51904762,19.55,8.4,481.15,3.015,9.635,NA,NA,NA,NA,0.0085,NA,0.205,0.0175,3670,2830,1.138779956,78,51,"5/22/2020",22,5,0.009,0.205,45,NA,15,9.9,12.1,0.065,0.12,5.6,17.8,313,10,0.094,2.12,49.8,15.9,3.6,19
"323",2020,8,"DL",249,"20-Aug","Clark Fork River at Deer Lodge","8/8/2020",8,182.8999167,75.960625,16.6,8.115,444.65,2.425,8.93,NA,NA,NA,0.077,0.007,NA,0.295,0.017,1590,266,2.444881103,50,78,"6/19/2020",19,6,0.01,0.218,117,NA,14,12.1,15.8,0.091,0.14,7.3,24.2,312,16,0.095,2.06,46.9,17.2,3.6,48
"324",2020,8,"FH",251,"20-Aug","Clark Fork River above Flathead","8/6/2020",6,16.75333333,8.275714286,18.7,8.24,241.35,1.18,8.485,NA,NA,NA,0.008,0.003,NA,0.12,0.006,42900,7590,2.377430107,76,105,"5/22/2020",22,5,0.003,0.112,NA,NA,NA,NA,NA,NA,NA,NA,NA,NA,NA,NA,NA,NA,NA,NA,NA
"325",2020,8,"GR",253,"20-Aug","Clark Fork River above Little Blackfoot","8/7/2020",7,88.30558333,139.6645,17.95,8.375,448.5,3.92,10.37,NA,NA,NA,0.017,0.0115,NA,0.24,0.02,2040,270,2.748737084,59,120,"6/9/2020",9,6,0.0085,0.223,184,NA,14,13.4,16.9,0.099,0.18,8.7,32.3,394,13.7,0.117,2.94,50.1,15.3,3.1,20
"326",2020,8,"HU",255,"20-Aug","Clark Fork River at Huson","8/6/2020",6,35.84619048,11.68714286,18.6,8.075,266.35,1.995,8.7,NA,NA,0.009,0.023,0.004,NA,0.155,0.0125,37300,2150,4.165193538,76,147,"5/22/2020",22,5,0.0085,0.141,NA,NA,NA,NA,NA,NA,NA,NA,NA,NA,NA,NA,NA,NA,NA,NA,NA
"327",2020,8,"MS",258,"20-Aug","Clark Fork River above Missoula","8/8/2020",8,119.3466667,117.93375,18.3,8.365,297.3,2.775,10.23,NA,NA,0.007,0.003,0.0045,NA,0.2,0.016,20000,2580,2.784230232,79,174,"5/21/2020",21,5,0.0115,0.204,246,NA,15,4.2,4.9,0.031,0.05,2.9,7.2,176,10,0.052,0.78,24.2,9.83,2.4,9
"328",2020,9,"BM",244,"20-Sep","Clark Fork River below Missoula","9/6/2020",6,116.3857143,24.88333333,14.05,8.04,298.35,3.38,9.64,NA,NA,0.02,0.025,0.006,NA,0.156666667,0.011333333,37300,2150,4.165193538,107,24,"5/22/2020",22,5,0.005333333,0.151666667,NA,NA,NA,NA,NA,NA,NA,NA,NA,NA,NA,NA,NA,NA,NA,NA,NA
"329",2020,9,"BN",247,"20-Sep","Clark Fork River at Bonita","9/6/2020",6,144.4933333,29.92238095,13.45,8.23,479.45,5.26,9.365,NA,NA,0.02,NA,0.011,NA,0.175,0.025,3670,2830,1.138779956,107,51,"5/22/2020",22,5,0.014,0.195,68,NA,19,12.2,12.4,0.048,0.09,4.8,9.7,119,10,0.055,0.81,47.7,18.6,3,10
"330",2020,9,"DL",250,"20-Sep","Clark Fork River at Deer Lodge","9/6/2020",6,101.8771429,38.15952381,12.75,8.14,485.4,1.305,10.085,NA,NA,0.02,0.089666667,0.008333333,NA,0.253333333,0.013,1590,266,2.444881103,79,78,"6/19/2020",19,6,0.004666667,0.183666666,140,NA,18,13.2,13.9,0.074,0.11,6.2,12.2,90,10.3,0.076,0.7,37.2,23.4,3.9,8
"331",2020,9,"FH",252,"20-Sep","Clark Fork River above Flathead","9/6/2020",6,16.49809524,8.197619048,13.85,8.13,260.95,1.705,9.44,NA,NA,0.02,0.01075,0.004,NA,0.1,0.00625,42900,7590,2.377430107,107,105,"5/22/2020",22,5,0.00225,0.10925,NA,NA,NA,NA,NA,NA,NA,NA,NA,NA,NA,NA,NA,NA,NA,NA,NA
"332",2020,9,"GR",254,"20-Sep","Clark Fork River above Little Blackfoot","9/5/2020",5,147.9741667,66.27791667,12.35,8.265,489.1,2.4,10.695,NA,NA,0.02,0.036,0.013666667,NA,0.25,0.022333333,2040,270,2.748737084,88,120,"6/9/2020",9,6,0.008666666,0.234,198,NA,18,15,15.4,0.075,0.13,7.1,15,130,10,0.089,0.99,49.6,24.6,2.1,10
"333",2020,9,"HU",256,"20-Sep","Clark Fork River at Huson","9/7/2020",7,80.84666667,20.15380952,14.7,8.135,290.8,2.825,10.965,NA,NA,0.02,0.047333333,0.005333333,NA,0.176666667,0.010666667,37300,2150,4.165193538,108,147,"5/22/2020",22,5,0.005333334,0.149333334,NA,NA,NA,NA,NA,NA,NA,NA,NA,NA,NA,NA,NA,NA,NA,NA,NA
"334",2020,9,"MS",259,"20-Sep","Clark Fork River above Missoula","9/7/2020",7,92.82,36.91714286,13.85,8.12,324.95,3.915,9.94,NA,NA,0.02,0.003,0.005666667,NA,0.125,0.012,20000,2580,2.784230232,109,174,"5/21/2020",21,5,0.006333333,0.142,270,NA,19,3.9,4.4,0.03,0.03,2,3.6,71.1,10,0.021,0.32,22.6,7.85,2,6
"335",2021,7,"BM",260,"21-Jul","Clark Fork River below Missoula","7/15/2021",15,57.33333333,16.38095238,17.6,8.44,262.35,2.045,8.47,NA,NA,0.02,0.02,0.001,NA,0.13,0.015,28200,2150,3.621640384,40,25,"6/5/2021",5,6,0.014,0.13,NA,NA,NA,NA,NA,NA,NA,NA,NA,NA,NA,NA,NA,NA,NA,NA,NA
"336",2021,7,"BN",262,"21-Jul","Clark Fork River at Bonita","7/14/2021",14,186.2727273,137.1363636,21.65,8.67,548.7,2.61,8.88,NA,NA,NA,0.005,0.005,NA,0.23,0.0175,1650,2830,0.76356982,48,52,"5/27/2021",27,5,0.0125,0.225,24,NA,9,8.6,12.1,0.054,0.2,5.7,32,688,14.1,0.136,4.65,90.9,12.7,3.1,34
"337",2021,7,"DL",265,"21-Jul","Clark Fork River at Deer Lodge","7/14/2021",14,120.4285714,41.9047619,19.35,8.44,453.15,2.77,9.505,NA,NA,0.03,0.114,0.002,NA,0.335,0.021,590,266,1.489310281,38,79,"6/6/2021",6,6,0.019,0.251,96,NA,8,9.3,15,0.086,0.23,6.1,54,863,18.2,0.151,6.24,107,17.2,4.6,39
"338",2021,7,"GR",270,"21-Jul","Clark Fork River above Little Blackfoot","7/15/2021",15,99.66666667,59.95238095,20.75,8.67,476.15,2.635,10.38,NA,NA,0.01,0.002,0.004666667,NA,0.26,0.034333333,577,270,1.461860813,39,121,"6/6/2021",6,6,0.029666666,0.268,171,NA,8,11.2,20.1,0.084,0.33,8.2,76.3,1080,15.1,0.174,9.43,144,18.3,4.9,55
"339",2021,7,"MS",NA,NA,NA,NA,NA,NA,NA,NA,NA,NA,NA,NA,NA,NA,NA,NA,NA,NA,NA,NA,NA,NA,NA,NA,NA,NA,NA,NA,NA,NA,225,NA,9,2.1,2.9,0.03,0.05,1.9,8.5,417,18.1,0.052,1.34,37.1,4.96,2,12
"340",2021,8,"BM",261,"21-Aug","Clark Fork River below Missoula","8/9/2021",9,59.19047619,14.04761905,16.4,8.335,298.7,4.49,8.365,NA,NA,0.01,0.015,NA,NA,0.16,0.007,28200,2150,3.621640384,65,25,"6/5/2021",5,6,0.007,0.155,NA,NA,NA,NA,NA,NA,NA,NA,NA,NA,NA,NA,NA,NA,NA,NA,NA
"341",2021,8,"BN",263,"21-Aug","Clark Fork River at Bonita","8/8/2021",8,185,96.42857143,19.9,8.655,513.45,4.595,10.985,NA,NA,NA,NA,NA,NA,0.2,0.019,1650,2830,0.76356982,73,52,"5/27/2021",27,5,0.019,0.2,46,NA,14,10.4,11,0.03,0.04,4.9,7.5,70.2,5.9,0.071,0.49,30.4,13.3,2,6
"342",2021,8,"DL",266,"21-Aug","Clark Fork River at Deer Lodge","8/8/2021",8,139.5714286,37.19047619,16.8,8.43,514.05,3.03,11.18,NA,NA,0.03,0.093,NA,NA,0.33,0.017,590,266,1.489310281,63,79,"6/6/2021",6,6,0.017,0.267,118,NA,13,13.2,13.6,0.053,0.07,6.6,10.9,83.5,21.2,0.427,0.78,56.7,46.8,3.7,6
"343",2021,8,"FH",268,"21-Aug","Clark Fork River above Flathead","8/9/2021",9,19.4047619,9.538095238,18.1,8.36,251.3,2.25,8.95,NA,NA,0.02,0.006,NA,NA,0.13,0.008,31700,7590,2.043660463,64,106,"6/6/2021",6,6,0.008,0.144,NA,NA,NA,NA,NA,NA,NA,NA,NA,NA,NA,NA,NA,NA,NA,NA,NA
"344",2021,8,"GR",271,"21-Aug","Clark Fork River above Little Blackfoot","8/8/2021",8,238.8571429,61.80952381,18.75,8.615,498.7,3.215,11.215,NA,NA,NA,0.004,0.003,NA,0.26,0.03,577,270,1.461860813,63,121,"6/6/2021",6,6,0.027,0.256,185,NA,13,13.9,15.2,0.067,0.09,7.2,13.8,106,15,0.144,0.92,59.1,35.6,2.4,8
"345",2021,8,"HU",273,"21-Aug","Clark Fork River at Huson","8/9/2021",9,62.95238095,16.19047619,17.2,8.08,274.95,3.945,8.325,NA,NA,0.02,0.01,NA,NA,0.15,0.015,28200,2150,3.621640384,65,148,"6/5/2021",5,6,0.015,0.16,NA,NA,NA,NA,NA,NA,NA,NA,NA,NA,NA,NA,NA,NA,NA,NA,NA
"346",2021,8,"MS",275,"21-Aug","Clark Fork River above Missoula","8/9/2021",9,196.8571429,45.19047619,18.6,8.53,307.45,4.785,10.36,NA,NA,NA,NA,NA,NA,0.12,0.015,13500,2580,2.287478555,65,175,"6/5/2021",5,6,0.015,0.12,247,NA,14,2.9,2.9,0.03,0.03,1.5,2.2,46.9,8.4,0.029,0.15,10.7,4.27,2,2
"347",2021,9,"BN",264,"21-Sep","Clark Fork River at Bonita","9/6/2021",6,185.7619048,66.61904762,11.95,8.45,528.4,4.66,10.97,NA,NA,0.02,NA,8e-04,NA,0.18,0.0195,1650,2830,0.76356982,102,52,"5/27/2021",27,5,0.0187,0.2,69,NA,18,9.9,10.5,0.051,0.08,3.7,10.1,198,7.1,0.079,1.19,70.1,11.2,3.4,13
"348",2021,9,"DL",267,"21-Sep","Clark Fork River at Deer Lodge","9/5/2021",5,99.07145238,30.80952381,9.65,8.19,532.6,2.98,11.185,NA,NA,NA,0.119,NA,NA,0.31,0.012,590,266,1.489310281,91,79,"6/6/2021",6,6,0.012,0.191,141,NA,17,13.2,13.3,0.113,0.09,6.7,11.1,84.4,17,0.131,0.75,44.3,24.5,2.4,8
"349",2021,9,"FH",269,"21-Sep","Clark Fork River above Flathead","9/7/2021",7,50.76190476,19.23809524,13.45,8.305,269.7,2.635,9.54,NA,NA,0.02,0.01,NA,NA,0.115,0.0105,31700,7590,2.043660463,93,106,"6/6/2021",6,6,0.0105,0.125,NA,NA,NA,NA,NA,NA,NA,NA,NA,NA,NA,NA,NA,NA,NA,NA,NA
"350",2021,9,"GR",272,"21-Sep","Clark Fork River above Little Blackfoot","9/6/2021",6,144.8571429,46.80952381,10.55,8.52,509.45,1.985,13.315,NA,NA,0.01,0.034,0.002,NA,0.225,0.0155,577,270,1.461860813,92,121,"6/6/2021",6,6,0.0135,0.201,199,NA,17,13.4,13.6,0.094,0.08,7.7,11,75.1,13.2,0.117,0.61,42.8,15.5,2,6
"351",2021,9,"HU",274,"21-Sep","Clark Fork River at Huson","9/7/2021",7,363.7142857,64.80952381,12.25,7.895,300.7,2.11,9,NA,NA,NA,0.0145,NA,NA,0.155,0.012,28200,2150,3.621640384,94,148,"6/5/2021",5,6,0.012,0.1405,NA,NA,NA,NA,NA,NA,NA,NA,NA,NA,NA,NA,NA,NA,NA,NA,NA
"352",2021,9,"MS",276,"21-Sep","Clark Fork River above Missoula","9/8/2021",8,103.7619048,46.33333333,11.85,7.935,326.75,3.57,9.96,NA,NA,NA,NA,NA,NA,0.115,0.0105,13500,2580,2.287478555,95,175,"6/5/2021",5,6,0.0105,0.115,271,NA,18,3.2,3.6,0.03,0.03,1.4,2.8,98.1,8.4,0.024,0.3,22.2,6.98,2,6
"353",2022,7,"BM",277,"22-Jul","Clark Fork River below Missoula","7/23/2022",23,53.86095714,16.71428571,17.4,7.99,237.6,6.14,81,NA,NA,NA,0.01,0.004,NA,0.14,0.019,28700,2150,3.653606056,40,26,"6/13/2022",13,6,0.015,0.13,NA,NA,NA,NA,NA,NA,NA,NA,NA,NA,NA,NA,NA,NA,NA,NA,NA
"354",2022,7,"BN",279,"22-Jul","Clark Fork River at Bonita","7/17/2022",17,66.88216667,62.61904762,22.05,8.395,441,8.14,27.175,NA,NA,NA,0.021,0.0225,NA,0.21,0.06,2170,2830,0.875662294,34,53,"6/13/2022",13,6,0.0375,0.189,25,NA,8,10.4,19.5,0.081,0.45,7.6,85.1,1870,36.7,0.392,12.5,213,12.6,5.7,88
"355",2022,7,"DL",282,"22-Jul","Clark Fork River at Deer Lodge","7/16/2022",16,178.8945857,33.55,20.5,8.41,430.6,2.57,26.265,NA,NA,0.03,0.0135,0.002,NA,0.213333333,0.045,856,266,1.793891054,34,80,"6/12/2022",12,6,0.043,0.229833333,97,NA,8,12,24.4,0.196,0.5,6.6,92.4,1690,20.7,0.176,11.5,207,20.8,6.5,78
"356",2022,7,"GR",287,"22-Jul","Clark Fork River above Little Blackfoot","7/17/2022",17,51.61791579,74.10526316,21.2,8.43,436.1,3.125,24.85,NA,NA,0.03,NA,0.021,NA,0.223333333,0.05,923,270,1.848923611,34,122,"6/13/2022",13,6,0.029,0.253333333,172,NA,9,12.6,23.9,0.178,0.53,7.3,98.9,1660,15.5,0.194,12.7,219,26.3,5.9,81
"357",2022,7,"MS",292,"22-Jul","Clark Fork River above Missoula","7/24/2022",24,86.8108619,29.70731707,20.5,8.315,251.45,5.92,30.89,NA,NA,0.03,0.021,0.0195,NA,0.125,0.042,11800,2580,2.138607821,42,176,"6/12/2022",12,6,0.0225,0.134,226,NA,9,2.2,3.7,0.03,0.09,1.8,13.3,593,22.1,0.095,2.22,58.1,3.96,2,19
"358",2022,8,"BN",280,"22-Aug","Clark Fork River at Bonita","8/9/2022",9,145.048281,39.71428571,22.4,8.475,519.9,4.39,85.18,NA,NA,0.013333333,0.005,0.003666667,NA,0.176666667,0.019333333,2170,2830,0.875662294,57,53,"6/13/2022",13,6,0.015666666,0.185,47,NA,13,11.3,12,0.053,0.09,4.8,18.6,195,10.3,0.117,1.32,39,13.9,2.2,15
"359",2022,8,"DL",283,"22-Aug","Clark Fork River at Deer Lodge","8/7/2022",7,175.9389958,87.08333333,19.45,8.37,490.05,1.345,59.29,NA,NA,0.015,0.1145,0.0019,NA,0.3,0.012,856,266,1.793891054,56,80,"6/12/2022",12,6,0.0101,0.2005,119,NA,13,14.3,14.6,0.085,0.1,6.9,12.4,118,23.8,0.194,0.98,34.6,26.6,2.5,9
"360",2022,8,"FH",285,"22-Aug","Clark Fork River above Flathead","8/6/2022",6,6.24437619,4.041176471,19.73333333,8.196666667,227.1333333,0.96,77.98666667,NA,NA,0.016666667,0.0165,0.0185,NA,0.17,0.029333333,35700,7590,2.168768617,54,107,"6/13/2022",13,6,0.010833333,0.170166667,NA,NA,NA,NA,NA,NA,NA,NA,NA,NA,NA,NA,NA,NA,NA,NA,NA
"361",2022,8,"GR",288,"22-Aug","Clark Fork River above Little Blackfoot","8/8/2022",8,75.09674762,115.0952381,21,8.585,466.15,1.695,66.625,NA,NA,0.015,0.006,0.007,NA,0.205,0.034,923,270,1.848923611,56,122,"6/13/2022",13,6,0.027,0.214,186,NA,13,15.1,15.8,0.085,0.11,8.1,16.5,164,22.5,0.215,1.36,59.4,38.7,3.4,12
"362",2022,8,"HU",290,"22-Aug","Clark Fork River at Huson","8/6/2022",6,33.23872857,14.6875,18.7,7.936666667,251.1666667,3.803333333,65.27333333,NA,NA,0.01,0.037333333,0.0015,NA,0.2,0.032333333,28700,2150,3.653606056,54,149,"6/13/2022",13,6,0.030833333,0.172666667,NA,NA,NA,NA,NA,NA,NA,NA,NA,NA,NA,NA,NA,NA,NA,NA,NA
"363",2022,8,"MS",NA,NA,NA,NA,NA,NA,NA,NA,NA,NA,NA,NA,NA,NA,NA,NA,NA,NA,NA,NA,NA,NA,NA,NA,NA,NA,NA,NA,NA,NA,248,NA,14,3.2,3.2,0.03,0.03,1.6,3.6,157,10.8,0.04,0.51,17.3,4.42,2,5
"364",2022,9,"BM",278,"22-Sep","Clark Fork River below Missoula","9/8/2022",8,116.1640619,21.04761905,15.05,8.295,313.25,3.055,11.375,NA,NA,NA,0.033,0.0015,NA,0.185,0.0145,28700,2150,3.653606056,87,26,"6/13/2022",13,6,0.013,0.152,NA,NA,NA,NA,NA,NA,NA,NA,NA,NA,NA,NA,NA,NA,NA,NA,NA
"365",2022,9,"BN",281,"22-Sep","Clark Fork River at Bonita","9/7/2022",7,87.89594762,43.23809524,16.55,8.395,531.9,4.03,11.495,NA,NA,NA,NA,0.00145,NA,0.22,0.0165,2170,2830,0.875662294,86,53,"6/13/2022",13,6,0.01505,0.22,70,NA,18,11.2,11.5,0.051,0.04,4,4.9,42.2,5,0.051,0.28,22.5,12.7,3,5
"366",2022,9,"DL",284,"22-Sep","Clark Fork River at Deer Lodge","9/8/2022",8,208.5242,201.6956522,14.1,8.28,537.3,1.94,8.045,NA,NA,NA,0.1495,9e-04,NA,0.395,0.008,856,266,1.793891054,88,80,"6/12/2022",12,6,0.0071,0.2455,142,NA,17,12.8,13.6,0.075,0.05,7.2,8.3,39.1,9.3,0.053,0.25,13.8,8.93,2,3
"367",2022,9,"FH",286,"22-Sep","Clark Fork River above Flathead","9/8/2022",8,20.48092381,9.674761905,15.05,8.24,255,1.835,10.48,NA,NA,NA,0.011,0.001,NA,0.25,0.026,35700,7590,2.168768617,87,107,"6/13/2022",13,6,0.025,0.239,NA,NA,NA,NA,NA,NA,NA,NA,NA,NA,NA,NA,NA,NA,NA,NA,NA
"368",2022,9,"GR",289,"22-Sep","Clark Fork River above Little Blackfoot","9/8/2022",8,99.26024091,102.8636364,15.7,8.48,524.55,1.195,12.59,NA,NA,NA,NA,0.0013,NA,0.233333333,0.012666667,923,270,1.848923611,87,122,"6/13/2022",13,6,0.011366667,0.233333333,200,NA,17,15.5,15.5,0.067,0.04,7.7,8.8,26.1,6.1,0.043,0.17,8.7,3.83,2,2
"369",2022,9,"HU",291,"22-Sep","Clark Fork River at Huson","9/8/2022",8,68.8747619,23.04761905,15.65,8.24,279.9,2.265,12.57,NA,NA,NA,0.0075,0.0014,NA,0.2,0.0115,28700,2150,3.653606056,87,149,"6/13/2022",13,6,0.0101,0.1925,NA,NA,NA,NA,NA,NA,NA,NA,NA,NA,NA,NA,NA,NA,NA,NA,NA
"370",2022,9,"MS",293,"22-Sep","Clark Fork River above Missoula","9/7/2022",7,95.71087619,40.71428571,14.9,8.365,319.15,3.73,11.88,NA,NA,NA,NA,NA,NA,0.115,0.008,11800,2580,2.138607821,87,176,"6/12/2022",12,6,0.008,0.115,272,NA,18,2.8,2.9,0.03,0.03,1.2,2.8,82.8,7,0.026,0.31,21.5,4.79,2,5
