,date_yearmon,Site.OLD,Site,ActivityStartDate,Day,Month,Year,Ammonia,Kjeldahl nitrogen,Nitrate + Nitrite,Orthophosphate,pH,Specific conductance,"Temperature, water",Total dissolved solids,"Total Nitrogen, mixed forms","Total Phosphorus, mixed forms",Turbidity
1,Jun-08,Clark Fork River above Flathead,FH,6/19/2008,19,6,2008,15,250,41.5,,8.165,124.1,14.45,65800,,46,22.25
2,Jul-08,Clark Fork River above Flathead,FH,7/17/2008,17,7,2008,10,150,15,,8.486666667,173.4333333,20.76666667,91966.66667,,14,3.853333333
592,Aug-08,Clark Fork River above Flathead,FH,8/21/2008,21,8,2008,,,,,8.676666667,221,19.46666667,117333.3333,,,1.363333333
3,Aug-08,Clark Fork River above Flathead,FH,8/22/2008,22,8,2008,10,133.3333333,16,,,,,,,8.5,
4,Sep-08,Clark Fork River above Flathead,FH,9/18/2008,18,9,2008,,200,14,,8.865,237,16.45,126000,,9.5,1.77
5,Jun-09,Clark Fork River above Flathead,FH,6/25/2009,25,6,2009,18.55,,31.78,9.39,8.07,146.4,19.2,77900,,24.04,11.4
6,Jul-09,Clark Fork River above Flathead,FH,7/16/2009,16,7,2009,9.25,,5.83,3.88,8.29,195.6,22.1,103933.3333,136,10.68666667,2.616666667
593,Aug-09,Clark Fork River above Flathead,FH,8/15/2009,15,8,2009,,,,,8.676666667,236,20.43333333,125333.3333,,,1.3
714,Aug-09,Clark Fork River above Flathead,FH,8/18/2009,18,8,2009,,,,,,,,,138.25,9.6475,
7,Aug-09,Clark Fork River above Flathead,FH,8/20/2009,20,8,2009,5.888,,7.4625,3.4775,,,,,,,
594,Sep-09,Clark Fork River above Flathead,FH,9/10/2009,10,9,2009,,,,,8.5,249.3333333,20.16666667,132600,157,8.326666667,1.36
8,Sep-09,Clark Fork River above Flathead,FH,9/11/2009,11,9,2009,11.9625,,6.725,3.15,,,,,,,
9,Jun-10,Clark Fork River above Flathead,FH,6/24/2010,24,6,2010,58.4,,42.5,12.7,7.83,143.3,18.9,76100,241,37.1,12.9
10,Jul-10,Clark Fork River above Flathead,FH,7/15/2010,15,7,2010,9.033333333,,7.766666667,4.766666667,8.22,193.2333333,21.03333333,102566.6667,206,10.93333333,1.92
595,Aug-10,Clark Fork River above Flathead,FH,8/12/2010,12,8,2010,,,,,8.413333333,235.6666667,22.9,125533.3333,,,1.39
11,Aug-10,Clark Fork River above Flathead,FH,8/14/2010,14,8,2010,6.15,,8,3.55,,,,,166.5,10.675,
12,Sep-10,Clark Fork River above Flathead,FH,9/9/2010,9,9,2010,9.4,,9.166666667,3.2,8.54,243.3333333,16.3,129333.3333,157.6666667,9.8,1.736666667
13,Jun-11,Clark Fork River above Flathead,FH,6/26/2011,26,6,2011,14.6,,30.15,12.6,7.97,159.45,13.35,103400,,74,45
14,Jul-11,Clark Fork River above Flathead,FH,7/21/2011,21,7,2011,9.833333333,,21.56666667,7.6,8.206666667,144.8,16.6,94066.66667,144,22.8,9.153333333
15,Aug-11,Clark Fork River above Flathead,FH,8/18/2011,18,8,2011,9.9,,5.25,4.525,8.463333333,196.3666667,18.56666667,127633.3333,118.615,15.3,1.126666667
16,Sep-11,Clark Fork River above Flathead,FH,9/18/2011,18,9,2011,6.35,,24.35,4.5,8.505,223.5,14.95,145250,149,8.05,1.29
17,Jun-12,Clark Fork River above Flathead,FH,6/24/2012,24,6,2012,7.025,,13.875,7.045,8.28,110.95,14.35,72150,178.625,16.25,5.595
18,Jul-12,Clark Fork River above Flathead,FH,7/19/2012,19,7,2012,11.94666667,,9.343333333,3.24,8.326666667,174.5333333,19.83333333,113533.3333,169.7933333,9.47,1.656666667
19,Aug-12,Clark Fork River above Flathead,FH,8/16/2012,16,8,2012,7.663333333,,10.085,4.166666667,,,,,165.765,8.2,
596,Aug-12,Clark Fork River above Flathead,FH,8/18/2012,18,8,2012,,,,,8.486666667,207.6666667,19.06666667,134966.6667,,,0.823333333
20,Sep-12,Clark Fork River above Flathead,FH,9/9/2012,9,9,2012,6.07,,10.585,1.75,8.55,211,15.25,137500,196.455,7.78,1.235
21,Jul-13,Clark Fork River above Flathead,FH,7/22/2013,22,7,2013,,,11.60666667,3.883333333,8.453333333,211.6666667,20.8,137566.6667,154.5866667,8.866666667,1.083333333
22,Aug-13,Clark Fork River above Flathead,FH,8/26/2013,26,8,2013,8.73,,10.405,3.53,8.445,227,19.5,147550,151.32,9.04,1.015
23,Sep-13,Clark Fork River above Flathead,FH,9/19/2013,19,9,2013,11.23,,8.93,2.73,8.43,248.7,16.3,161800,152.4,12.48,1.48
24,Jul-14,Clark Fork River above Flathead,FH,7/10/2014,10,7,2014,9.4,,11.2,5.3,7.93,153.35,18.5,99450,159,13.95,3.7
597,Aug-14,Clark Fork River above Flathead,FH,8/17/2014,17,8,2014,,,,,8.176666667,237.7333333,19.2,154666.6667,,,1.44
25,Aug-14,Clark Fork River above Flathead,FH,8/20/2014,20,8,2014,13.4,,8.733333333,3.366666667,,,,,178.6666667,9.733333333,
26,Sep-14,Clark Fork River above Flathead,FH,9/18/2014,18,9,2014,10.8,,7.7,4.1,8.06,280.7,15.5,182600,144.5,8.05,1.54
27,Jul-15,Clark Fork River above Flathead,FH,7/9/2015,9,7,2015,5.3,,7.65,2.2,8.58,182.2,20.55,118600,168.5,10.55,0.9
28,Aug-15,Clark Fork River above Flathead,FH,8/11/2015,11,8,2015,9.2,,5.45,,8.525,211.55,18.5,137500,187,10.05,1.04
598,Sep-15,Clark Fork River above Flathead,FH,9/15/2015,15,9,2015,,,,,8.48,240.5,14.25,156650,,,1.955
29,Sep-15,Clark Fork River above Flathead,FH,9/16/2015,16,9,2015,6.1,,6.05,,,,,,186.6666667,12.03333333,
30,Jul-16,Clark Fork River above Flathead,FH,7/18/2016,18,7,2016,21.1,,9.6,1.2,8.345,192.05,18.8,124800,133.5,8.7,0.86
31,Aug-16,Clark Fork River above Flathead,FH,8/18/2016,18,8,2016,13.75,,6.55,0.85,8.365,217,17,141050,152.5,9.6,1.08
599,Sep-16,Clark Fork River above Flathead,FH,9/12/2016,12,9,2016,,,,,8.375,234.4,14,152450,,,1.52
32,Sep-16,Clark Fork River above Flathead,FH,9/17/2016,17,9,2016,27.6,,8,1.025,,,,,190.3333333,11.23333333,
33,Jul-17,Clark Fork River above Flathead,FH,7/19/2017,19,7,2017,19.1,,19.45,1.55,8.14,209.3,20.1,135800,136.5,9,1.08
34,Aug-17,Clark Fork River above Flathead,FH,8/12/2017,12,8,2017,22.05,,27.75,1.6,8.305,222.75,19,144600,182.5,7.9,0.9165
600,Sep-17,Clark Fork River above Flathead,FH,9/11/2017,11,9,2017,,,,,8.215,250.4,14.55,162850,,,1.435
35,Sep-17,Clark Fork River above Flathead,FH,9/14/2017,14,9,2017,18.5,,21.8,,,,,,182.5,9.65,
601,Jul-18,Clark Fork River above Flathead,FH,7/18/2018,18,7,2018,,,,,8.2,208.25,19.05,135500,,,3.155
36,Jul-18,Clark Fork River above Flathead,FH,7/20/2018,20,7,2018,9.633333333,,11.4,3.1,,,,,133.5,12.55,
602,Aug-18,Clark Fork River above Flathead,FH,8/12/2018,12,8,2018,,,,,8.33,239.15,17.95,155350,,,0.98
37,Aug-18,Clark Fork River above Flathead,FH,8/17/2018,17,8,2018,11.75,,24.33333333,,,,,,164.3333333,10.36666667,
38,Sep-18,Clark Fork River above Flathead,FH,9/12/2018,12,9,2018,25.6,,19.05,1,8.215,257.4,13.75,167400,153.5,8.95,1.205
39,Jul-19,Clark Fork River above Flathead,FH,7/10/2019,10,7,2019,20,,13.5,23.5,8.45,208.55,17.4,135525,115,9,2.13
40,Aug-19,Clark Fork River above Flathead,FH,8/11/2019,11,8,2019,25,,11.66666667,16.66666667,,,,,136.6666667,8,
603,Aug-19,Clark Fork River above Flathead,FH,8/14/2019,14,8,2019,,,,,8.57,247.15,20.55,160550,,,2.32
41,Sep-19,Clark Fork River above Flathead,FH,9/17/2019,17,9,2019,14.85,,8,10.5,8.46,265.6,15.2,172950,120,10,5.19
42,Jul-20,Clark Fork River above Flathead,FH,7/22/2020,22,7,2020,,,5,1,8.075,200.05,19.2,,90,9,3.375
43,Aug-20,Clark Fork River above Flathead,FH,8/11/2020,11,8,2020,,,8,3,,,,,120,6,
604,Aug-20,Clark Fork River above Flathead,FH,8/18/2020,18,8,2020,,,,,8.24,241.35,18.7,,,,1.18
44,Sep-20,Clark Fork River above Flathead,FH,9/13/2020,13,9,2020,20,,10.75,4,,,,,100,6.25,
605,Sep-20,Clark Fork River above Flathead,FH,9/14/2020,14,9,2020,,,,,8.13,260.95,13.85,,,,1.705
606,Jul-21,Clark Fork River above Flathead,FH,7/13/2021,13,7,2021,,,,,8.525,216,19.9,,,,2.955
45,Jul-21,Clark Fork River above Flathead,FH,7/21/2021,21,7,2021,20,,23.66666667,25,,,,,193.3333333,33.66666667,
607,Aug-21,Clark Fork River above Flathead,FH,8/23/2021,23,8,2021,,,,,8.36,251.3,18.1,,,,2.25
46,Aug-21,Clark Fork River above Flathead,FH,8/24/2021,24,8,2021,20,,6,,,,,,130,8,
47,Sep-21,Clark Fork River above Flathead,FH,9/13/2021,13,9,2021,20,,10,,,,,,115,10.5,
608,Sep-21,Clark Fork River above Flathead,FH,9/22/2021,22,9,2021,,,,,8.305,269.7,13.45,,,,2.635
48,Oct-21,Clark Fork River above Flathead,FH,10/8/2021,8,10,2021,10,,8,,,,,,110,11,
49,Jul-22,Clark Fork River above Flathead,FH,7/14/2022,14,7,2022,,,7,2,7.95,169.7,18.4,,150,6,3.98
715,Aug-22,Clark Fork River above Flathead,FH,8/11/2022,11,8,2022,,,,,,,,,170,,
50,Aug-22,Clark Fork River above Flathead,FH,8/15/2022,15,8,2022,20,,,18.5,8.196666667,227.1333333,19.73333333,,,29.33333333,0.96
585,Aug-22,Clark Fork River above Flathead,FH,8/22/2022,22,8,2022,,,16.5,,,,,,,,
51,Sep-22,Clark Fork River above Flathead,FH,9/21/2022,21,9,2022,,,11,1,8.24,255,15.05,,250,26,1.835
52,Jun-08,Clark Fork River above Little Blackfoot,GR,6/18/2008,18,6,2008,30,500,110.5,,8.305,260.05,13.15,138250,,126,18.4
53,Jul-08,Clark Fork River above Little Blackfoot,GR,7/14/2008,14,7,2008,16.66666667,325,3,,,,,,,60.25,
609,Jul-08,Clark Fork River above Little Blackfoot,GR,7/16/2008,16,7,2008,,,,,8.6,366.6666667,19.23333333,194933.3333,,,3.796666667
54,Aug-08,Clark Fork River above Little Blackfoot,GR,8/20/2008,20,8,2008,10,200,6,,8.386666667,471.3333333,16.3,250666.6667,,21,1.643333333
55,Sep-08,Clark Fork River above Little Blackfoot,GR,9/17/2008,17,9,2008,10,250,41,,8.965,471,12.35,250500,,33.5,3.18
56,Jun-09,Clark Fork River above Little Blackfoot,GR,6/24/2009,24,6,2009,16.54,,53.83,39.01,8.36,282,15.9,149900,,86.33,11.5
57,Jul-09,Clark Fork River above Little Blackfoot,GR,7/9/2009,9,7,2009,5.3,,11.1025,21.296,,,,,,,
716,Jul-09,Clark Fork River above Little Blackfoot,GR,7/11/2009,11,7,2009,,,,,,,,,325.25,47.4125,
610,Jul-09,Clark Fork River above Little Blackfoot,GR,7/15/2009,15,7,2009,,,,,8.38,340.6666667,17.63333333,181233.3333,,,6.36
58,Aug-09,Clark Fork River above Little Blackfoot,GR,8/14/2009,14,8,2009,7.573333333,,14.30666667,15.94,8.603333333,429.3333333,19.36666667,228000,262,35.73666667,2.81
59,Sep-09,Clark Fork River above Little Blackfoot,GR,9/9/2009,9,9,2009,8.43,,6.05,8.946666667,8.35,446.6666667,17.73333333,237333.3333,233.6666667,20.80666667,2.326666667
60,Jun-10,Clark Fork River above Little Blackfoot,GR,6/23/2010,23,6,2010,25.4,,119.1,47.9,7.93,298,15.9,154800,497,116.5,19.8
61,Jul-10,Clark Fork River above Little Blackfoot,GR,7/14/2010,14,7,2010,12.75,,17.975,25.9,8.08,326.3333333,19.26666667,175266.6667,306,53.775,4.556666667
62,Aug-10,Clark Fork River above Little Blackfoot,GR,8/11/2010,11,8,2010,8.8,,14.6,37.63333333,8.266666667,401,20.13333333,213000,363.3333333,88.53333333,22.74
63,Sep-10,Clark Fork River above Little Blackfoot,GR,9/8/2010,8,9,2010,10.3,,33.56666667,18.13333333,8.443333333,426.3333333,14.53333333,226333.3333,281,37.63333333,3.786666667
611,Jun-11,Clark Fork River above Little Blackfoot,GR,6/25/2011,25,6,2011,,,,,8.15,254.8,14.6,165400,,,13.75
64,Jun-11,Clark Fork River above Little Blackfoot,GR,6/27/2011,27,6,2011,15.2,,32.9,34.43333333,,,,,,86.5,
717,Jun-11,Clark Fork River above Little Blackfoot,GR,6/29/2011,29,6,2011,,,,,,,,,337,,
65,Jul-11,Clark Fork River above Little Blackfoot,GR,7/20/2011,20,7,2011,12.63333333,,38.46666667,27.5,8.25,263.5333333,15.5,171366.6667,296,75.83333333,12.14333333
66,Aug-11,Clark Fork River above Little Blackfoot,GR,8/17/2011,17,8,2011,14.3,,65.8,31.5,8.446666667,332.5666667,16.9,216233.3333,305,51.56666667,3.386666667
67,Sep-11,Clark Fork River above Little Blackfoot,GR,9/17/2011,17,9,2011,12.7,,56.4,15.65,8.565,383.05,11.8,248950,304.5,32.3,2.82
68,Jun-12,Clark Fork River above Little Blackfoot,GR,6/23/2012,23,6,2012,10.24,,25.27,24.455,8.435,281.7,14.25,182950,330.82,46.315,5.73
69,Jul-12,Clark Fork River above Little Blackfoot,GR,7/15/2012,15,7,2012,8.8675,,1.78,19.3825,,,,,290.65,48.0775,
612,Jul-12,Clark Fork River above Little Blackfoot,GR,7/18/2012,18,7,2012,,,,,8.383333333,408.8666667,19.06666667,265866.6667,,,2.1
70,Aug-12,Clark Fork River above Little Blackfoot,GR,8/17/2012,17,8,2012,9.4,,,10.06666667,,,,,290.2266667,28.73,
613,Aug-12,Clark Fork River above Little Blackfoot,GR,8/17/2012,17,8,2012,,,,,8.42,410.7333333,16.6,266966.6667,,,2.073333333
71,Sep-12,Clark Fork River above Little Blackfoot,GR,9/8/2012,8,9,2012,,,,3.5,8.465,438.15,11.75,284700,270.37,22.42,2.275
72,Jul-13,Clark Fork River above Little Blackfoot,GR,7/17/2013,17,7,2013,18.94,,1.505,18.715,8.47,453.95,18.65,295100,281.795,31.4,1.31
73,Aug-13,Clark Fork River above Little Blackfoot,GR,8/10/2013,10,8,2013,7.526666667,,1.373333333,16.33666667,,,,,269.29,27.52333333,
614,Aug-13,Clark Fork River above Little Blackfoot,GR,8/14/2013,14,8,2013,,,,,8.385,486.6,16.55,316200,,,1.52
74,Sep-13,Clark Fork River above Little Blackfoot,GR,9/11/2013,11,9,2013,9.04,,9.025,16.175,8.265,499.15,14.9,324350,271.77,29.835,2.085
75,Jul-14,Clark Fork River above Little Blackfoot,GR,7/9/2014,9,7,2014,9.2,,25.2,27.4,8.325,344.7,18,224250,356,57.6,6.215
76,Aug-14,Clark Fork River above Little Blackfoot,GR,8/9/2014,9,8,2014,12.25,,1.65,17.63333333,,,,,263.3333333,31.4,
615,Aug-14,Clark Fork River above Little Blackfoot,GR,8/13/2014,13,8,2014,,,,,8.105,431.2,18.55,280500,,,2.145
77,Sep-14,Clark Fork River above Little Blackfoot,GR,9/10/2014,10,9,2014,7.8,,,9.45,8.465,464.65,13,301900,301.5,29.65,3.205
78,Jul-15,Clark Fork River above Little Blackfoot,GR,7/8/2015,8,7,2015,8.7,,1.65,10.85,8.225,377.7,17.35,245700,317.5,31.35,1.885
79,Aug-15,Clark Fork River above Little Blackfoot,GR,8/8/2015,8,8,2015,14.675,,5.925,6.933333333,,,,,212.5,24.03333333,
616,Aug-15,Clark Fork River above Little Blackfoot,GR,8/12/2015,12,8,2015,,,,,8.21,477.4,14.35,310400,,,1.585
80,Sep-15,Clark Fork River above Little Blackfoot,GR,9/16/2015,16,9,2015,13.9,,26.65,5.5,8.2,482.45,11.5,313650,366,31.6,3.71
81,Jul-16,Clark Fork River above Little Blackfoot,GR,7/13/2016,13,7,2016,21.9,,1.25,23.1,8.15,438.3,15.55,284700,285,43.25,1.37
82,Aug-16,Clark Fork River above Little Blackfoot,GR,8/13/2016,13,8,2016,10.075,,1.766666667,10.43333333,,,,,279.6666667,30.16666667,
617,Aug-16,Clark Fork River above Little Blackfoot,GR,8/17/2016,17,8,2016,,,,,8.145,439.75,13.25,286050,,,1.195
83,Sep-16,Clark Fork River above Little Blackfoot,GR,9/14/2016,14,9,2016,24.15,,34.9,7.45,8.24,489.15,11.2,317800,293.5,22.7,1.21
84,Jul-17,Clark Fork River above Little Blackfoot,GR,7/17/2017,17,7,2017,13.5,,2.5,15.1,8.235,398.05,19,258700,284.5,35.85,2.15
85,Aug-17,Clark Fork River above Little Blackfoot,GR,8/12/2017,12,8,2017,12.53333333,,74.35,4.55,,,,,321,17.4,
618,Aug-17,Clark Fork River above Little Blackfoot,GR,8/15/2017,15,8,2017,,,,,8.23,472.95,16.2,307400,,,0.875
86,Sep-17,Clark Fork River above Little Blackfoot,GR,9/12/2017,12,9,2017,13.7,,180.8,10.9,8.23,487.1,10.9,316600,523,35,2.665
87,Jul-18,Clark Fork River above Little Blackfoot,GR,7/17/2018,17,7,2018,11.5,,25.55,20.35,8.28,347.4,18.65,225900,324,53.25,4.94
619,Aug-18,Clark Fork River above Little Blackfoot,GR,8/12/2018,12,8,2018,,,,,8.505,418.55,16.05,272000,,,1.815
88,Aug-18,Clark Fork River above Little Blackfoot,GR,8/16/2018,16,8,2018,19.4,,65.86666667,7.633333333,,,,,337.3333333,28.06666667,
89,Sep-18,Clark Fork River above Little Blackfoot,GR,9/11/2018,11,9,2018,24.9,,89.3,7.9,8.285,450.85,12.9,293150,368,31.9,3.48
90,Jul-19,Clark Fork River above Little Blackfoot,GR,7/9/2019,9,7,2019,13.7,,,46,8.735,378.15,19.4,245705,230,53,4.03
91,Aug-19,Clark Fork River above Little Blackfoot,GR,8/13/2019,13,8,2019,30,,74,30,8.65,443.9,19.7,288280,310,37.5,2.6
620,Sep-19,Clark Fork River above Little Blackfoot,GR,9/16/2019,16,9,2019,,,,,8.205,451.35,14,298475,,,22.69
92,Sep-19,Clark Fork River above Little Blackfoot,GR,9/19/2019,19,9,2019,16.66666667,,102,23.33333333,,,,,340,94.66666667,
93,Jul-20,Clark Fork River above Little Blackfoot,GR,7/22/2020,22,7,2020,,,,9,,,,,180,26,
621,Jul-20,Clark Fork River above Little Blackfoot,GR,7/22/2020,22,7,2020,,,,,8.51,364.1,19.7,,,,4.095
94,Aug-20,Clark Fork River above Little Blackfoot,GR,8/12/2020,12,8,2020,,,17,11.5,,,,,240,20,
622,Aug-20,Clark Fork River above Little Blackfoot,GR,8/17/2020,17,8,2020,,,,,8.375,448.5,17.95,,,,3.92
623,Sep-20,Clark Fork River above Little Blackfoot,GR,9/13/2020,13,9,2020,,,,,8.265,489.1,12.35,,,,2.4
95,Sep-20,Clark Fork River above Little Blackfoot,GR,9/16/2020,16,9,2020,20,,36,13.66666667,,,,,250,22.33333333,
624,Jul-21,Clark Fork River above Little Blackfoot,GR,7/14/2021,14,7,2021,,,,,8.67,476.15,20.75,,,,2.635
96,Jul-21,Clark Fork River above Little Blackfoot,GR,7/23/2021,23,7,2021,25,,2,4.666666667,,,,,260,34.33333333,
625,Aug-21,Clark Fork River above Little Blackfoot,GR,8/22/2021,22,8,2021,,,,,8.615,498.7,18.75,,,,3.215
97,Aug-21,Clark Fork River above Little Blackfoot,GR,8/25/2021,25,8,2021,30,,4,3,,,,,260,30,
98,Sep-21,Clark Fork River above Little Blackfoot,GR,9/11/2021,11,9,2021,20,,34,2,,,,,225,15.5,
626,Sep-21,Clark Fork River above Little Blackfoot,GR,9/23/2021,23,9,2021,,,,,8.52,509.45,10.55,,,,1.985
99,Oct-21,Clark Fork River above Little Blackfoot,GR,10/8/2021,8,10,2021,10,,16,1,,,,,200,7.5,
586,Jul-22,Clark Fork River above Little Blackfoot,GR,7/13/2022,13,7,2022,,,,,,,,,,,
100,Jul-22,Clark Fork River above Little Blackfoot,GR,7/22/2022,22,7,2022,30,,,21,8.43,436.1,21.2,,,50,3.125
718,Jul-22,Clark Fork River above Little Blackfoot,GR,7/25/2022,25,7,2022,,,,,,,,,223.3333333,,
101,Aug-22,Clark Fork River above Little Blackfoot,GR,8/19/2022,19,8,2022,15,,6,7,8.585,466.15,21,,205,34,1.695
102,Sep-22,Clark Fork River above Little Blackfoot,GR,9/18/2022,18,9,2022,,,,1.3,,,,,233.3333333,12.66666667,
627,Sep-22,Clark Fork River above Little Blackfoot,GR,9/20/2022,20,9,2022,,,,,8.48,524.55,15.7,,,,1.195
144,Jul-20,Clark Fork River above Missoula,MS,7/22/2020,22,7,2020,,,,6,,,,,110,17,
103,Jun-08,Clark Fork River above Missoula,MS,6/15/2008,15,6,2008,23.33333333,333.3333333,35.66666667,,,,,,,67,
628,Jun-08,Clark Fork River above Missoula,MS,6/18/2008,18,6,2008,,,,,8.28,177.75,11.65,94250,,,22.1
104,Jul-08,Clark Fork River above Missoula,MS,7/16/2008,16,7,2008,20,200,5.666666667,,8.476666667,230.6666667,17.33333333,122633.3333,,24.33333333,4.603333333
105,Aug-08,Clark Fork River above Missoula,MS,8/20/2008,20,8,2008,15,133.3333333,8.333333333,,8.273333333,276,16.2,146300,,9.666666667,1.636666667
106,Sep-08,Clark Fork River above Missoula,MS,9/17/2008,17,9,2008,10,,8.5,,8.35,305,12.15,161750,,11,2.745
107,Jun-09,Clark Fork River above Missoula,MS,6/24/2009,24,6,2009,10.61333333,,7.906666667,15.355,7.93,205,14.1,109000,,37.065,10.9
108,Jul-09,Clark Fork River above Missoula,MS,7/15/2009,15,7,2009,10.79,,3.943333333,10.04666667,7.8,244.6666667,16.23333333,130033.3333,199.3333333,23.02333333,5.023333333
629,Aug-09,Clark Fork River above Missoula,MS,8/14/2009,14,8,2009,,,,,7.993333333,286.3333333,18.06666667,152233.3333,161,16.46,2.47
109,Aug-09,Clark Fork River above Missoula,MS,8/17/2009,17,8,2009,7.4225,,6.52,5.38,,,,,,,
110,Sep-09,Clark Fork River above Missoula,MS,9/9/2009,9,9,2009,10.395,,3.896,3.465,7.853333333,301.6666667,15.66666667,160066.6667,161.6666667,10.66333333,1.793333333
111,Jun-10,Clark Fork River above Missoula,MS,6/23/2010,23,6,2010,23.85,,31.5,18.2,7.14,199.2,14.9,105700,299,61.85,17.9
112,Jul-10,Clark Fork River above Missoula,MS,7/14/2010,14,7,2010,9.35,,4.9,10,7.52,247,17.4,131400,164,19.46666667,2.816666667
630,Aug-10,Clark Fork River above Missoula,MS,8/11/2010,11,8,2010,,,,,7.66,283,18.83333333,150500,,,2.246666667
113,Aug-10,Clark Fork River above Missoula,MS,8/12/2010,12,8,2010,9.933333333,,3.533333333,6.566666667,,,,,189,17.6,
114,Sep-10,Clark Fork River above Missoula,MS,9/8/2010,8,9,2010,6.05,,2.466666667,3.833333333,7.723333333,304,13.26666667,162333.3333,161.6666667,12.1,2.28
115,Jun-11,Clark Fork River above Missoula,MS,6/23/2011,23,6,2011,32.4,,26.9,17.3,,,,,,85.23333333,
631,Jun-11,Clark Fork River above Missoula,MS,6/25/2011,25,6,2011,,,,,7.935,164.5,12.85,106950,,,36.25
116,Jul-11,Clark Fork River above Missoula,MS,7/19/2011,19,7,2011,11.75,,11.33333333,11.7,8.256666667,205.8666667,15.5,134300,185,33.5,7.886666667
632,Aug-11,Clark Fork River above Missoula,MS,8/17/2011,17,8,2011,,,,,8.383333333,240.7333333,15.4,156433.3333,,,2.156666667
117,Aug-11,Clark Fork River above Missoula,MS,8/18/2011,18,8,2011,9.533333333,,4.64,10.96666667,,,,,130.3333333,18.1,
118,Sep-11,Clark Fork River above Missoula,MS,9/17/2011,17,9,2011,8.8,,2.9,6.8,8.36,277,12.1,180000,146,13.5,2.06
119,Jun-12,Clark Fork River above Missoula,MS,6/22/2012,22,6,2012,12.90666667,,5.853333333,9.536666667,,,,,204.6833333,23.98333333,
633,Jun-12,Clark Fork River above Missoula,MS,6/23/2012,23,6,2012,,,,,8.16,162.1,12.3,105300,,,5.48
120,Jul-12,Clark Fork River above Missoula,MS,7/18/2012,18,7,2012,12.16,,2.71,3.47,8.176666667,231.4,17.23333333,150566.6667,149.4866667,11.03666667,1.49
634,Aug-12,Clark Fork River above Missoula,MS,8/17/2012,17,8,2012,,,,,8.35,255.1666667,16.7,165966.6667,,,1.696666667
121,Aug-12,Clark Fork River above Missoula,MS,8/18/2012,18,8,2012,9.133333333,,3.61,3.756666667,,,,,165.0766667,12.74,
122,Sep-12,Clark Fork River above Missoula,MS,9/8/2012,8,9,2012,7.03,,2.2,1.72,8.345,280.9,11.75,182650,159.635,8.9,1.415
123,Jul-13,Clark Fork River above Missoula,MS,7/17/2013,17,7,2013,15.095,,2.21,3.57,8.22,252,17.8,163750,163.265,9.13,3.1
124,Aug-13,Clark Fork River above Missoula,MS,8/14/2013,14,8,2013,12.99,,2.025,3.33,8.205,275.75,16.4,179450,155.005,11.65,2.225
125,Sep-13,Clark Fork River above Missoula,MS,9/9/2013,9,9,2013,10.82333333,,0.968,3.71,,,,,,10.41,
635,Sep-13,Clark Fork River above Missoula,MS,9/11/2013,11,9,2013,,,,,8.225,294.95,15.15,191800,146.845,,
727,Sep-13,Clark Fork River above Missoula,MS,9/18/2013,18,9,2013,,,,,,,,,,,2.32
126,Jul-14,Clark Fork River above Missoula,MS,7/5/2014,5,7,2014,8,,3.766666667,9.066666667,,,,,142,22.43333333,
636,Jul-14,Clark Fork River above Missoula,MS,7/9/2014,9,7,2014,,,,,7.795,230.95,16.1,150150,,,4.01
127,Aug-14,Clark Fork River above Missoula,MS,8/13/2014,13,8,2014,12.65,,1.9,4.3,7.91,301.15,17.4,195950,151.5,11.55,1.55
128,Sep-14,Clark Fork River above Missoula,MS,9/10/2014,10,9,2014,10.8,,1.85,5.3,7.74,338.45,13.4,220050,189.5,15.7,2.595
129,Jul-15,Clark Fork River above Missoula,MS,7/4/2015,4,7,2015,10.475,,1.7,1.6,,,,,171.6666667,10.9,
637,Jul-15,Clark Fork River above Missoula,MS,7/8/2015,8,7,2015,,,,,8.23,224.7,18.75,146200,,,1.86
130,Aug-15,Clark Fork River above Missoula,MS,8/12/2015,12,8,2015,17.25,,2.6,1.8,7.985,286,16.5,185900,265,15.7,3.005
131,Sep-15,Clark Fork River above Missoula,MS,9/16/2015,16,9,2015,7.15,,,1.7,8.13,303.3,12.65,196900,232,20.3,4.785
132,Jul-16,Clark Fork River above Missoula,MS,7/9/2016,9,7,2016,,,1.1,0.8,,,,,140.5,9.533333333,
638,Jul-16,Clark Fork River above Missoula,MS,7/13/2016,13,7,2016,,,,,8.28,247.05,17.4,160550,,,1.195
133,Aug-16,Clark Fork River above Missoula,MS,8/17/2016,17,8,2016,19.8,,10.95,1.25,8.245,264.65,16.05,171900,321,50.7,45.635
134,Sep-16,Clark Fork River above Missoula,MS,9/14/2016,14,9,2016,18.9,,1.75,1.1,8.5,291.65,12.15,189800,139,13.2,3.295
135,Jul-17,Clark Fork River above Missoula,MS,7/15/2017,15,7,2017,14.9,,2,4.2,,,,,169,15.15,
639,Jul-17,Clark Fork River above Missoula,MS,7/17/2017,17,7,2017,,,,,8.175,253,18.9,164450,,,2.34
136,Aug-17,Clark Fork River above Missoula,MS,8/15/2017,15,8,2017,11.6,,2.05,2,8.455,267.3,16.75,173850,180,10.85,1.62
137,Sep-17,Clark Fork River above Missoula,MS,9/12/2017,12,9,2017,9.6,,3.95,1.9,8.32,306.15,12.4,198900,210.5,14,2.64
138,Jul-18,Clark Fork River above Missoula,MS,7/13/2018,13,7,2018,22,,3.175,7.675,,,,,173,29.06666667,
640,Jul-18,Clark Fork River above Missoula,MS,7/17/2018,17,7,2018,,,,,8.185,259,19.15,168350,,,4.735
139,Aug-18,Clark Fork River above Missoula,MS,8/12/2018,12,8,2018,11.8,,3.9,3.3,8.375,283.15,17.05,183950,138.5,15.45,1.505
140,Sep-18,Clark Fork River above Missoula,MS,9/11/2018,11,9,2018,22.55,,41.8,1.4,8.465,309.7,14.4,201200,153.5,12.35,2.65
141,Jul-19,Clark Fork River above Missoula,MS,7/9/2019,9,7,2019,15,,5,24.5,8.58,277.3,17.4,180375,125,29.5,5.13
142,Aug-19,Clark Fork River above Missoula,MS,8/14/2019,14,8,2019,20,,,14,8.52,303.85,18.05,197655,130,14,2.195
143,Sep-19,Clark Fork River above Missoula,MS,9/16/2019,16,9,2019,15,,16,17,8.285,329.35,13.45,214175,175,46.5,12.11
641,Jul-20,Clark Fork River above Missoula,MS,7/21/2020,21,7,2020,,,,,8.18,257.5,18.65,,,,8.16
145,Aug-20,Clark Fork River above Missoula,MS,8/12/2020,12,8,2020,7,,3,4.5,,,,,200,16,
642,Aug-20,Clark Fork River above Missoula,MS,8/17/2020,17,8,2020,,,,,8.365,297.3,18.3,,,,2.775
643,Sep-20,Clark Fork River above Missoula,MS,9/13/2020,13,9,2020,,,,,8.12,324.95,13.85,,,,3.915
146,Sep-20,Clark Fork River above Missoula,MS,9/16/2020,16,9,2020,20,,3,5.666666667,,,,,125,12,
644,Jul-21,Clark Fork River above Missoula,MS,7/13/2021,13,7,2021,,,,,8.49,265.8,18.55,,,,2.745
147,Jul-21,Clark Fork River above Missoula,MS,7/23/2021,23,7,2021,20,,,1,,,,,105,14.5,
645,Aug-21,Clark Fork River above Missoula,MS,8/22/2021,22,8,2021,,,,,8.53,307.45,18.6,,,,4.785
148,Aug-21,Clark Fork River above Missoula,MS,8/25/2021,25,8,2021,20,,,,,,,,120,15,
149,Sep-21,Clark Fork River above Missoula,MS,9/15/2021,15,9,2021,10,,,,,,,,115,10.5,
646,Sep-21,Clark Fork River above Missoula,MS,9/22/2021,22,9,2021,,,,,7.935,326.75,11.85,,,,3.57
150,Oct-21,Clark Fork River above Missoula,MS,10/8/2021,8,10,2021,10,,,1,,,,,130,15,
151,Jul-22,Clark Fork River above Missoula,MS,7/23/2022,23,7,2022,30,,21,19.5,8.315,251.45,20.5,,125,42,5.92
152,Aug-22,Clark Fork River above Missoula,MS,8/18/2022,18,8,2022,16.66666667,,3,2,,,,,126.6666667,12.33333333,
647,Aug-22,Clark Fork River above Missoula,MS,8/19/2022,19,8,2022,,,,,8.465,272.6,20.85,,,,3.14
153,Sep-22,Clark Fork River above Missoula,MS,9/20/2022,20,9,2022,,,,,8.365,319.15,14.9,,115,8,3.73
648,Jun-08,Clark Fork River at Bonita,BN,6/18/2008,18,6,2008,,,,,8.325,272.55,12.95,144850,,,25.4
154,Jun-08,Clark Fork River at Bonita,BN,6/20/2008,20,6,2008,20,433.3333333,47.33333333,,,,,,,95.33333333,
155,Jul-08,Clark Fork River at Bonita,BN,7/16/2008,16,7,2008,20,233.3333333,4.333333333,,8.553333333,387.6666667,18.7,206033.3333,,48,4.406666667
156,Aug-08,Clark Fork River at Bonita,BN,8/20/2008,20,8,2008,,200,7.333333333,,8.626666667,491,16.76666667,260666.6667,,15,3.263333333
157,Sep-08,Clark Fork River at Bonita,BN,9/17/2008,17,9,2008,10,200,5,,8.66,470,13.05,249500,,38,5.465
158,Jun-09,Clark Fork River at Bonita,BN,6/24/2009,24,6,2009,7.85,,28.01,31.9,8.35,305,15.9,162200,,86.96,14.9
159,Jul-09,Clark Fork River at Bonita,BN,7/9/2009,9,7,2009,9.456666667,,3.2925,20.13,,,,,,,
719,Jul-09,Clark Fork River at Bonita,BN,7/11/2009,11,7,2009,,,,,,,,,275.25,53.0075,
649,Jul-09,Clark Fork River at Bonita,BN,7/15/2009,15,7,2009,,,,,8.176666667,367.6666667,18.13333333,195266.6667,,,8.693333333
160,Aug-09,Clark Fork River at Bonita,BN,8/14/2009,14,8,2009,7.59,,9.03,11.21333333,8.46,430.3333333,18.9,228666.6667,261,36.39666667,5.643333333
161,Sep-09,Clark Fork River at Bonita,BN,9/9/2009,9,9,2009,11.06333333,,7.983333333,10.10666667,8.373333333,472.6666667,16.76666667,251000,246,24.04,3.64
162,Jun-10,Clark Fork River at Bonita,BN,6/23/2010,23,6,2010,20.2,,62.3,34.8,7.76,278,15.9,148000,424,112.1,29.9
163,Jul-10,Clark Fork River at Bonita,BN,7/11/2010,11,7,2010,9.6,,7.575,22.2,,,,,,,
720,Jul-10,Clark Fork River at Bonita,BN,7/12/2010,12,7,2010,,,,,,,,,241.25,46.5,
650,Jul-10,Clark Fork River at Bonita,BN,7/14/2010,14,7,2010,,,,,7.88,363,18.46666667,192800,,,4.806666667
164,Aug-10,Clark Fork River at Bonita,BN,8/11/2010,11,8,2010,7.65,,3.966666667,20.6,8.073333333,436,19.73333333,231333.3333,217.6666667,36.3,2.79
165,Sep-10,Clark Fork River at Bonita,BN,9/8/2010,8,9,2010,6,,2.9,11.8,8.206666667,455.6666667,14.3,245000,234,29.2,3.666666667
651,Jun-11,Clark Fork River at Bonita,BN,6/25/2011,25,6,2011,,,,,8.105,256.65,15.4,166700,,,27.3
166,Jun-11,Clark Fork River at Bonita,BN,6/27/2011,27,6,2011,20.63333333,,19.3,34.2,,,,,,97.43333333,
167,Jul-11,Clark Fork River at Bonita,BN,7/20/2011,20,7,2011,10.33333333,,17.86666667,25.06666667,8.26,299.7,16.7,194766.6667,279.3333333,68.53333333,12.34666667
168,Aug-11,Clark Fork River at Bonita,BN,8/17/2011,17,8,2011,8.1,,5.233333333,23.3,8.356666667,373.1333333,17.1,242666.6667,182.3333333,39.6,2.816666667
169,Sep-11,Clark Fork River at Bonita,BN,9/17/2011,17,9,2011,6.2,,3.55,19.4,8.43,426.6,13.05,277250,235.5,41.35,3.77
652,Jun-12,Clark Fork River at Bonita,BN,6/23/2012,23,6,2012,,,,,8.37,314.45,14.5,204450,,,5.56
170,Jun-12,Clark Fork River at Bonita,BN,6/24/2012,24,6,2012,10.02,,3.026666667,23.54,,,,,277.76,41.62333333,
171,Jul-12,Clark Fork River at Bonita,BN,7/18/2012,18,7,2012,7.776666667,,2.77,3.773333333,8.42,408.6,19.26666667,265666.6667,253.4066667,13.03666667,1.72
172,Aug-12,Clark Fork River at Bonita,BN,8/17/2012,17,8,2012,9.76,,9.53,5.866666667,,,,,312.55,22.82666667,
653,Aug-12,Clark Fork River at Bonita,BN,8/17/2012,17,8,2012,,,,,8.206666667,455.2,17.5,295966.6667,,,3.65
173,Sep-12,Clark Fork River at Bonita,BN,9/8/2012,8,9,2012,,,1.99,2.47,8.335,473.75,12.95,308100,188.365,11.925,1.49
654,Jul-13,Clark Fork River at Bonita,BN,7/17/2013,17,7,2013,,,,,8.3,446.4,19,289900,,,2.075
174,Jul-13,Clark Fork River at Bonita,BN,7/20/2013,20,7,2013,18.07666667,,11.175,5.56,,,,,310.2733333,15.42,
175,Aug-13,Clark Fork River at Bonita,BN,8/14/2013,14,8,2013,10.305,,2.36,6.63,8.315,507.5,17.55,329900,213.695,14.075,2.455
176,Sep-13,Clark Fork River at Bonita,BN,9/11/2013,11,9,2013,11.295,,1.225,7.01,8.28,520,15.75,338000,236.165,28.765,7.23
655,Jul-14,Clark Fork River at Bonita,BN,7/9/2014,9,7,2014,,,,,8.165,393.75,18.4,256100,,,6.715
177,Jul-14,Clark Fork River at Bonita,BN,7/12/2014,12,7,2014,,,4.566666667,23.36666667,,,,,246.3333333,46.23333333,
178,Aug-14,Clark Fork River at Bonita,BN,8/13/2014,13,8,2014,17.65,,4.55,17.25,8.25,533,18.65,346450,230.5,33.5,3.135
179,Sep-14,Clark Fork River at Bonita,BN,9/10/2014,10,9,2014,8.9,,2.7,11.85,8.255,504.05,14.15,327600,243,29.75,4.295
656,Jul-15,Clark Fork River at Bonita,BN,7/8/2015,8,7,2015,,,,,8.24,395,19.15,256750,,,1.245
180,Jul-15,Clark Fork River at Bonita,BN,7/11/2015,11,7,2015,7.55,,2.333333333,2.45,,,,,245.3333333,10,
181,Aug-15,Clark Fork River at Bonita,BN,8/12/2015,12,8,2015,13.15,,2.85,1.9,8.215,504.25,16.25,327600,261,21.15,4.165
182,Sep-15,Clark Fork River at Bonita,BN,9/16/2015,16,9,2015,14.4,,1.7,5.05,8.355,479.75,13,311700,353.5,37,7.275
657,Jul-16,Clark Fork River at Bonita,BN,7/13/2016,13,7,2016,,,,,8.135,465.15,17.3,302300,,,0.94
183,Jul-16,Clark Fork River at Bonita,BN,7/16/2016,16,7,2016,8.033333333,,1.633333333,1.233333333,,,,,211.6666667,8.8,
184,Aug-16,Clark Fork River at Bonita,BN,8/17/2016,17,8,2016,40.65,,31.75,5.7,8.3,490.3,16,318800,541.5,76.45,34.135
185,Sep-16,Clark Fork River at Bonita,BN,9/14/2016,14,9,2016,19.1,,2.3,7.75,8.52,496.95,13,323050,288,47.75,9.525
658,Jul-17,Clark Fork River at Bonita,BN,7/17/2017,17,7,2017,,,,,8.26,445.25,19.85,289550,,,2.985
186,Jul-17,Clark Fork River at Bonita,BN,7/19/2017,19,7,2017,17.45,,4.7,12.65,,,,,225,33.05,
187,Aug-17,Clark Fork River at Bonita,BN,8/15/2017,15,8,2017,15.2,,6.95,1.95,8.305,507.45,17.85,329850,272.5,14.7,1.64
188,Sep-17,Clark Fork River at Bonita,BN,9/12/2017,12,9,2017,11.4,,10.95,6.75,8.225,506.3,12.9,329200,334.5,32.8,5.275
659,Jul-18,Clark Fork River at Bonita,BN,7/17/2018,17,7,2018,,,,,8.215,370.45,20.5,240800,,,5.755
189,Jul-18,Clark Fork River at Bonita,BN,7/20/2018,20,7,2018,15.4,,5.525,17.53333333,,,,,241.3333333,46.13333333,
190,Aug-18,Clark Fork River at Bonita,BN,8/12/2018,12,8,2018,8.9,,4.7,11.8,8.385,447.65,17.95,291200,216,33.65,2
191,Sep-18,Clark Fork River at Bonita,BN,9/11/2018,11,9,2018,32.85,,4.3,2.45,8.455,459.65,15.15,299000,240,21.85,2.8
192,Jul-19,Clark Fork River at Bonita,BN,7/9/2019,9,7,2019,13.65,,5,39,8.58,423.5,18.65,275275,185,44.5,4.51
660,Aug-19,Clark Fork River at Bonita,BN,8/13/2019,13,8,2019,,,,,8.63,412,20.75,265850,,,3.61
193,Aug-19,Clark Fork River at Bonita,BN,8/16/2019,16,8,2019,30,,3,26.66666667,,,,,190,27.66666667,
194,Sep-19,Clark Fork River at Bonita,BN,9/13/2019,13,9,2019,16.66666667,,23.5,33,,,,,310,126.5,
661,Sep-19,Clark Fork River at Bonita,BN,9/16/2019,16,9,2019,,,,,8.345,468.05,15.3,305700,,,29.325
195,Jul-20,Clark Fork River at Bonita,BN,7/22/2020,22,7,2020,,,,9,8.195,378.8,19.5,,150,27,5.015
196,Aug-20,Clark Fork River at Bonita,BN,8/12/2020,12,8,2020,,,,8.5,,,,,205,17.5,
662,Aug-20,Clark Fork River at Bonita,BN,8/17/2020,17,8,2020,,,,,8.4,481.15,19.55,,,,3.015
663,Sep-20,Clark Fork River at Bonita,BN,9/13/2020,13,9,2020,,,,,8.23,479.45,13.45,,,,5.26
197,Sep-20,Clark Fork River at Bonita,BN,9/16/2020,16,9,2020,20,,,11,,,,,175,25,
664,Jul-21,Clark Fork River at Bonita,BN,7/14/2021,14,7,2021,,,,,8.67,548.7,21.65,,,,2.61
198,Jul-21,Clark Fork River at Bonita,BN,7/20/2021,20,7,2021,30,,5,5,,,,,230,17.5,
665,Aug-21,Clark Fork River at Bonita,BN,8/22/2021,22,8,2021,,,,,8.655,513.45,19.9,,,,4.595
199,Aug-21,Clark Fork River at Bonita,BN,8/25/2021,25,8,2021,20,,,,,,,,200,19,
200,Sep-21,Clark Fork River at Bonita,BN,9/13/2021,13,9,2021,20,,,0.8,,,,,180,19.5,
666,Sep-21,Clark Fork River at Bonita,BN,9/23/2021,23,9,2021,,,,,8.45,528.4,11.95,,,,4.66
201,Oct-21,Clark Fork River at Bonita,BN,10/8/2021,8,10,2021,10,,,0.9,,,,,180,22,
202,Jul-22,Clark Fork River at Bonita,BN,7/13/2022,13,7,2022,,,,,,,,,,,
587,Jul-22,Clark Fork River at Bonita,BN,7/22/2022,22,7,2022,,,21,22.5,8.395,441,22.05,,,60,8.14
721,Jul-22,Clark Fork River at Bonita,BN,7/25/2022,25,7,2022,,,,,,,,,210,,
667,Aug-22,Clark Fork River at Bonita,BN,8/19/2022,19,8,2022,,,,,8.475,519.9,22.4,,,,4.39
203,Aug-22,Clark Fork River at Bonita,BN,8/21/2022,21,8,2022,13.33333333,,5,3.666666667,,,,,176.6666667,19.33333333,
204,Sep-22,Clark Fork River at Bonita,BN,9/20/2022,20,9,2022,,,,1.45,8.395,531.9,16.55,,220,16.5,4.03
205,Jun-08,Clark Fork River at Deer Lodge,DL,6/18/2008,18,6,2008,35,500,131.5,,8.435,291.5,13.85,154950,,120,14.65
206,Jul-08,Clark Fork River at Deer Lodge,DL,7/16/2008,16,7,2008,20,275,31.25,,8.633333333,324.3333333,19.43333333,172033.3333,,48.75,4.32
207,Aug-08,Clark Fork River at Deer Lodge,DL,8/20/2008,20,8,2008,10,233.3333333,56,,8.853333333,457.3333333,16.03333333,242666.6667,,18,2.09
208,Sep-08,Clark Fork River at Deer Lodge,DL,9/17/2008,17,9,2008,10,250,61,,8.985,464,11.9,251000,,25.5,3.64
209,Jun-09,Clark Fork River at Deer Lodge,DL,6/24/2009,24,6,2009,12.75,,50.18,29.83,8.27,253,16.5,134600,,77.6,9.23
668,Jul-09,Clark Fork River at Deer Lodge,DL,7/15/2009,15,7,2009,,,,,8.446666667,313,18.06666667,148166.6667,,,5.7
722,Jul-09,Clark Fork River at Deer Lodge,DL,7/18/2009,18,7,2009,,,,,,,,,317.25,44.8375,
210,Jul-09,Clark Fork River at Deer Lodge,DL,7/20/2009,20,7,2009,8.546,,51.734,16.148,,,,,,,
723,Aug-09,Clark Fork River at Deer Lodge,DL,8/8/2009,8,8,2009,,,,,,,,,335,,
211,Aug-09,Clark Fork River at Deer Lodge,DL,8/14/2009,14,8,2009,9.59,,68.87333333,11.37,8.766666667,409,19.5,217000,,29.22333333,3.546666667
212,Sep-09,Clark Fork River at Deer Lodge,DL,9/9/2009,9,9,2009,11.88666667,,57.91666667,6.63,8.503333333,434.6666667,17.66666667,231000,289.6666667,18.27,2.24
213,Jun-10,Clark Fork River at Deer Lodge,DL,6/23/2010,23,6,2010,25.1,,129.4,39.2,8.09,285,16.4,151600,479,112.8,13.9
669,Jul-10,Clark Fork River at Deer Lodge,DL,7/14/2010,14,7,2010,,,,,8.303333333,288.3333333,18.66666667,153400,,,4.533333333
214,Jul-10,Clark Fork River at Deer Lodge,DL,7/16/2010,16,7,2010,11.5,,34.175,21.925,,,,,280.5,44.9,
215,Aug-10,Clark Fork River at Deer Lodge,DL,8/11/2010,11,8,2010,7.1,,47.3,33.36666667,8.403333333,385.6666667,19.9,204700,319.3333333,78.73333333,7.046666667
216,Sep-10,Clark Fork River at Deer Lodge,DL,9/8/2010,8,9,2010,8.466666667,,70.03333333,20.46666667,8.513333333,415,14.9,220666.6667,323,37.9,4.18
217,Jun-11,Clark Fork River at Deer Lodge,DL,6/25/2011,25,6,2011,19.1,,24.25,34.05,8.365,248.3,15.05,161150,,88.15,10.31
218,Jul-11,Clark Fork River at Deer Lodge,DL,7/20/2011,20,7,2011,11.45,,46.025,23.7,8.203333333,244.8333333,15.23333333,159266.6667,283.75,63,10.93
219,Aug-11,Clark Fork River at Deer Lodge,DL,8/17/2011,17,8,2011,18.43333333,,89.46666667,29.23333333,8.346666667,317.4,16.26666667,206466.6667,304,50.3,4.456666667
220,Sep-11,Clark Fork River at Deer Lodge,DL,9/17/2011,17,9,2011,7.5,,114.25,13.6,8.445,375.15,11.65,244050,331.5,29.05,2.475
221,Jun-12,Clark Fork River at Deer Lodge,DL,6/23/2012,23,6,2012,22.19,,28.775,15.12,8.48,243.45,14.1,158250,277.36,35.19,4.54
222,Jul-12,Clark Fork River at Deer Lodge,DL,7/18/2012,18,7,2012,10.6875,,64.445,12.605,8.386666667,350.7333333,18.96666667,227900,336.625,41.8775,3.043333333
223,Aug-12,Clark Fork River at Deer Lodge,DL,8/17/2012,17,8,2012,7.713333333,,91.93333333,8.676666667,,,,,408.8133333,22.50666667,
670,Aug-12,Clark Fork River at Deer Lodge,DL,8/17/2012,17,8,2012,,,,,8.36,405.2333333,16.5,263466.6667,,,1.886666667
224,Sep-12,Clark Fork River at Deer Lodge,DL,9/8/2012,8,9,2012,8.47,,103.8,3.035,8.51,412.25,12.35,268100,355.545,17.345,2.33
225,Jul-13,Clark Fork River at Deer Lodge,DL,7/17/2013,17,7,2013,15.905,,67.495,12.18,8.425,449.8,19.1,292500,341.42,28.665,2.43
671,Aug-13,Clark Fork River at Deer Lodge,DL,8/14/2013,14,8,2013,,,,,8.255,500.25,17,325300,,,2.805
226,Aug-13,Clark Fork River at Deer Lodge,DL,8/17/2013,17,8,2013,18.31666667,,178.5866667,8.593333333,,,,,502.9166667,19.13666667,
227,Sep-13,Clark Fork River at Deer Lodge,DL,9/11/2013,11,9,2013,15.045,,198.83,8.675,8.23,496.95,14.9,323050,451.905,20.785,4.055
228,Jul-14,Clark Fork River at Deer Lodge,DL,7/9/2014,9,7,2014,9.1,,50.25,16.4,8.27,308.1,17.75,200550,338,39.85,6.025
672,Aug-14,Clark Fork River at Deer Lodge,DL,8/13/2014,13,8,2014,,,,,8.335,449.55,18.6,292200,,,2.65
229,Aug-14,Clark Fork River at Deer Lodge,DL,8/15/2014,15,8,2014,16.15,,62.1,10.75,,,,,320,24.95,
230,Sep-14,Clark Fork River at Deer Lodge,DL,9/10/2014,10,9,2014,12.1,,43.7,8.75,8.59,461.75,13.1,300300,320,59.95,2.41
231,Jul-15,Clark Fork River at Deer Lodge,DL,7/8/2015,8,7,2015,10.85,,50.3,4.2,8.305,354.05,17.8,230100,328.5,19.7,2.565
673,Aug-15,Clark Fork River at Deer Lodge,DL,8/12/2015,12,8,2015,,,,,8.315,464.8,14.45,302250,,,1.33
232,Aug-15,Clark Fork River at Deer Lodge,DL,8/14/2015,14,8,2015,9.666666667,,159.6333333,2.35,,,,,406,12.55,
233,Sep-15,Clark Fork River at Deer Lodge,DL,9/16/2015,16,9,2015,14.55,,89.1,2.5,8.385,471.1,11.7,306150,389,19,3.365
234,Jul-16,Clark Fork River at Deer Lodge,DL,7/13/2016,13,7,2016,12,,38.7,3.6,8.285,400.2,16.05,260300,294.5,19.4,1.9
588,Aug-16,Clark Fork River at Deer Lodge,DL,8/17/2016,17,8,2016,,,,2.3,8.21,436.45,12.85,283700,,12.5,1.13
235,Aug-16,Clark Fork River at Deer Lodge,DL,8/19/2016,19,8,2016,18.03333333,,254.8,,,,,,421.5,,
236,Sep-16,Clark Fork River at Deer Lodge,DL,9/14/2016,14,9,2016,20.8,,183.6,2.55,8.205,476.95,11,309750,425.5,16.2,2.24
237,Jul-17,Clark Fork River at Deer Lodge,DL,7/17/2017,17,7,2017,12.75,,27.25,8.1,8.22,363.45,18.6,236250,259.5,24,2.29
674,Aug-17,Clark Fork River at Deer Lodge,DL,8/15/2017,15,8,2017,,,,,8.135,421.5,16,274000,,,1.3
238,Aug-17,Clark Fork River at Deer Lodge,DL,8/18/2017,18,8,2017,13.93333333,,240.7333333,3.8,,,,,530.6666667,16.86666667,
239,Sep-17,Clark Fork River at Deer Lodge,DL,9/12/2017,12,9,2017,10.1,,212.65,3.4,8.185,471.1,10.65,306150,513,17.85,2.2
240,Jul-18,Clark Fork River at Deer Lodge,DL,7/17/2018,17,7,2018,11.05,,47.05,15.45,8.17,300.5,17.5,195300,305,44.6,4.625
241,Aug-18,Clark Fork River at Deer Lodge,DL,8/12/2018,12,8,2018,19.85,,100.2,8.75,8.175,411.55,14,267500,348,30.4,2.895
242,Sep-18,Clark Fork River at Deer Lodge,DL,9/7/2018,7,9,2018,14.63333333,,130,4.65,,,,,394,27.63333333,
675,Sep-18,Clark Fork River at Deer Lodge,DL,9/11/2018,11,9,2018,,,,,8.16,441.9,11.45,287350,,,2.74
243,Jul-19,Clark Fork River at Deer Lodge,DL,7/9/2019,9,7,2019,25,,29.5,25.5,8.85,345.4,18.05,224575,235,34,3.23
244,Aug-19,Clark Fork River at Deer Lodge,DL,8/13/2019,13,8,2019,30,,142.5,28.5,8.495,437.3,19.65,284375,345,25.5,2.92
245,Sep-19,Clark Fork River at Deer Lodge,DL,9/16/2019,16,9,2019,20,,108,19.5,8.205,462.55,13.75,300625,350,87.5,16.985
246,Jul-20,Clark Fork River at Deer Lodge,DL,7/22/2020,22,7,2020,,,16,6,,,,,170,23,
676,Jul-20,Clark Fork River at Deer Lodge,DL,7/22/2020,22,7,2020,,,,,8.47,364.05,19.1,,,,3.44
247,Aug-20,Clark Fork River at Deer Lodge,DL,8/15/2020,15,8,2020,,,77,7,,,,,295,17,
677,Aug-20,Clark Fork River at Deer Lodge,DL,8/17/2020,17,8,2020,,,,,8.115,444.65,16.6,,,,2.425
678,Sep-20,Clark Fork River at Deer Lodge,DL,9/13/2020,13,9,2020,,,,,8.14,485.4,12.75,,,,1.305
248,Sep-20,Clark Fork River at Deer Lodge,DL,9/16/2020,16,9,2020,20,,89.66666667,8.333333333,,,,,253.3333333,13,
679,Jul-21,Clark Fork River at Deer Lodge,DL,7/14/2021,14,7,2021,,,,,8.44,453.15,19.35,,,,2.77
249,Jul-21,Clark Fork River at Deer Lodge,DL,7/22/2021,22,7,2021,30,,114,2,,,,,335,21,
680,Aug-21,Clark Fork River at Deer Lodge,DL,8/22/2021,22,8,2021,,,,,8.43,514.05,16.8,,,,3.03
250,Aug-21,Clark Fork River at Deer Lodge,DL,8/24/2021,24,8,2021,30,,93,,,,,,330,17,
251,Sep-21,Clark Fork River at Deer Lodge,DL,9/15/2021,15,9,2021,20,,119,,,,,,310,12,
681,Sep-21,Clark Fork River at Deer Lodge,DL,9/23/2021,23,9,2021,,,,,8.19,532.6,9.65,,,,2.98
252,Oct-21,Clark Fork River at Deer Lodge,DL,10/8/2021,8,10,2021,10,,232,1,,,,,400,13,
589,Jul-22,Clark Fork River at Deer Lodge,DL,7/13/2022,13,7,2022,,,,2,,,,,,45,
253,Jul-22,Clark Fork River at Deer Lodge,DL,7/22/2022,22,7,2022,30,,13.5,,8.41,430.6,20.5,,,,2.57
724,Jul-22,Clark Fork River at Deer Lodge,DL,7/25/2022,25,7,2022,,,,,,,,,213.3333333,,
254,Aug-22,Clark Fork River at Deer Lodge,DL,8/19/2022,19,8,2022,15,,114.5,1.9,8.37,490.05,19.45,,300,12,1.345
255,Sep-22,Clark Fork River at Deer Lodge,DL,9/20/2022,20,9,2022,,,149.5,0.9,8.28,537.3,14.1,,395,8,1.94
256,Jun-08,Clark Fork River at Huson,HU,6/19/2008,19,6,2008,10,250,34.5,,8.06,134.05,14.3,71100,,48.5,17
728,Jul-08,Clark Fork River at Huson,HU,7/13/2008,13,7,2008,,,,,,,,,,,5.72
257,Jul-08,Clark Fork River at Huson,HU,7/17/2008,17,7,2008,15,200,16.33333333,,8.483333333,177.4666667,19.86666667,117833.3333,,19.66666667,
258,Aug-08,Clark Fork River at Huson,HU,8/21/2008,21,8,2008,15,200,78.5,,8.493333333,243.3333333,17.7,129000,,15.25,2.423333333
259,Sep-08,Clark Fork River at Huson,HU,9/18/2008,18,9,2008,,200,30.5,,8.73,259,13.95,137650,,15,2.205
260,Jun-09,Clark Fork River at Huson,HU,6/25/2009,25,6,2009,,,26.83,10.49,8.04,154.1,18.1,81700,,26.25,6.99
261,Jul-09,Clark Fork River at Huson,HU,7/16/2009,16,7,2009,7.39,,20.2,6.083333333,8.276666667,202.5666667,19.76666667,107666.6667,192,19.65,3.64
262,Aug-09,Clark Fork River at Huson,HU,8/15/2009,15,8,2009,10.92666667,,48.61333333,5.17,8.473333333,257,19.36666667,136633.3333,263.6666667,16.75333333,3.116666667
590,Sep-09,Clark Fork River at Huson,HU,9/6/2009,6,9,2009,,,,2.97,,,,,,,
263,Sep-09,Clark Fork River at Huson,HU,9/7/2009,7,9,2009,10.73,,15.222,,,,,,,,
725,Sep-09,Clark Fork River at Huson,HU,9/8/2009,8,9,2009,,,,,,,,,226.5,13.0675,
682,Sep-09,Clark Fork River at Huson,HU,9/10/2009,10,9,2009,,,,,8.393333333,266.3333333,18.9,141566.6667,,,2.296666667
264,Jun-10,Clark Fork River at Huson,HU,6/24/2010,24,6,2010,9.2,,35.2,14.9,7.47,153.4,18.9,81400,245,38.6,12.2
265,Jul-10,Clark Fork River at Huson,HU,7/15/2010,15,7,2010,10.26666667,,5.266666667,5.166666667,8.026666667,206.9666667,20.46666667,109933.3333,171,15.73333333,2.34
266,Aug-10,Clark Fork River at Huson,HU,8/12/2010,12,8,2010,9.933333333,,43.96666667,4.266666667,8.18,263,21.73333333,139800,245.3333333,20.46666667,3.526666667
267,Sep-10,Clark Fork River at Huson,HU,9/6/2010,6,9,2010,,,27.25,3.025,,,,,220.25,14.425,
683,Sep-10,Clark Fork River at Huson,HU,9/9/2010,9,9,2010,,,,,8.38,268,14.63333333,143033.3333,,,3.753333333
268,Jun-11,Clark Fork River at Huson,HU,6/26/2011,26,6,2011,17.7,,19.1,13.95,7.815,152.3,13.3,98750,,73.1,37
269,Jul-11,Clark Fork River at Huson,HU,7/21/2011,21,7,2011,8.85,,23.26666667,9.733333333,8.07,148.6333333,15.93333333,96633.33333,171.3333333,29.3,7.533333333
684,Aug-11,Clark Fork River at Huson,HU,8/18/2011,18,8,2011,,,,,8.323333333,219.2666667,17.86666667,142566.6667,,,2.17
270,Aug-11,Clark Fork River at Huson,HU,8/20/2011,20,8,2011,12.725,,46.575,7.075,,,,,203.595,21.825,
271,Sep-11,Clark Fork River at Huson,HU,9/18/2011,18,9,2011,11.05,,36,4.95,8.4,241.1,14.05,156650,215,14.25,1.85
272,Jun-12,Clark Fork River at Huson,HU,6/24/2012,24,6,2012,9.215,,18.475,7.645,8.04,119.65,14.4,78000,207.845,21.85,4.585
273,Jul-12,Clark Fork River at Huson,HU,7/19/2012,19,7,2012,11.76333333,,23.71,3.523333333,8.243333333,185.8666667,19.66666667,120900,213.59,19.78,1.906666667
685,Aug-12,Clark Fork River at Huson,HU,8/18/2012,18,8,2012,,,,,8.376666667,229.3666667,18,149066.6667,,,2.163333333
274,Aug-12,Clark Fork River at Huson,HU,8/21/2012,21,8,2012,9.47,,33.655,3.2625,,,,,222.9975,15.3475,
275,Sep-12,Clark Fork River at Huson,HU,9/9/2012,9,9,2012,,,44.07,1.69,8.42,230.1,14.7,149550,217.97,14.515,2.235
686,Jul-13,Clark Fork River at Huson,HU,7/22/2013,22,7,2013,,,,,8.34,242.2333333,19.83333333,157566.6667,,,2.766666667
276,Jul-13,Clark Fork River at Huson,HU,7/25/2013,25,7,2013,12.97333333,,45.42,3.8325,,,,,192.618,15.36,
277,Aug-13,Clark Fork River at Huson,HU,8/26/2013,26,8,2013,9.95,,39.79,3.495,8.365,247.7,17.4,160900,273.57,17.855,3.835
278,Sep-13,Clark Fork River at Huson,HU,9/19/2013,19,9,2013,8.38,,23.65,3.71,8.36,279.7,14.1,182000,223.98,15.71,2.83
279,Jul-14,Clark Fork River at Huson,HU,7/10/2014,10,7,2014,,,17.1,7.4,7.805,157.4,17.95,102400,163.5,17.4,3.695
280,Aug-14,Clark Fork River at Huson,HU,8/17/2014,17,8,2014,10.9,,21.4,4.2,8.083333333,255.9,19.23333333,166400,170.6666667,15.2,1.646666667
281,Sep-14,Clark Fork River at Huson,HU,9/18/2014,18,9,2014,12.3,,45,4.1,8.08,306.7,14.3,199600,236,14.8,2
282,Jul-15,Clark Fork River at Huson,HU,7/9/2015,9,7,2015,6.55,,30.5,1.95,8.29,198.25,19.85,129000,211.5,15.1,1.645
283,Aug-15,Clark Fork River at Huson,HU,8/11/2015,11,8,2015,11.55,,18.2,1.7,8.51,231.6,19.2,150500,220.5,17.8,2.045
284,Sep-15,Clark Fork River at Huson,HU,9/15/2015,15,9,2015,20.8,,29.45,1.8,8.52,261.3,13.85,169950,249,17.55,2.905
687,Jul-16,Clark Fork River at Huson,HU,7/18/2016,18,7,2016,,,,,8.355,209.4,19.65,136150,,,1.37
285,Jul-16,Clark Fork River at Huson,HU,7/21/2016,21,7,2016,15.53333333,,28.33333333,2.15,,,,,200.5,9.933333333,
688,Aug-16,Clark Fork River at Huson,HU,8/18/2016,18,8,2016,,,,,8.225,237.9,15.15,154700,,,4.615
286,Aug-16,Clark Fork River at Huson,HU,8/21/2016,21,8,2016,18.825,,43.23333333,1.35,,,,,250,19.66666667,
287,Sep-16,Clark Fork River at Huson,HU,9/12/2016,12,9,2016,17.35,,63.55,1.2,8.305,254.15,14.45,165100,207.5,13.2,2.695
689,Jul-17,Clark Fork River at Huson,HU,7/19/2017,19,7,2017,,,,,7.99,220.95,19.45,143300,,,2.405
288,Jul-17,Clark Fork River at Huson,HU,7/23/2017,23,7,2017,11.425,,58.9,2.1,,,,,243.3333333,14.46666667,
289,Aug-17,Clark Fork River at Huson,HU,8/12/2017,12,8,2017,14.75,,56.3,1.7,8.2,242.9,19.4,157950,256.5,14.35,1.7025
290,Sep-17,Clark Fork River at Huson,HU,9/11/2017,11,9,2017,13.75,,86.65,1.3,8.145,275.3,15.05,178750,309,10.4,2.1265
291,Jul-18,Clark Fork River at Huson,HU,7/15/2018,15,7,2018,9.7,,6.25,3.45,,,,,164,19.1,
690,Jul-18,Clark Fork River at Huson,HU,7/18/2018,18,7,2018,,,,,7.97,218.4,18.35,142000,,,4.1
292,Aug-18,Clark Fork River at Huson,HU,8/12/2018,12,8,2018,15.8,,58.45,1.8,8.165,255.6,17.3,166100,234.5,17.1,2.145
691,Sep-18,Clark Fork River at Huson,HU,9/12/2018,12,9,2018,,,,,8.24,277,14.35,180100,,,1.92
293,Sep-18,Clark Fork River at Huson,HU,9/14/2018,14,9,2018,16.63333333,,33.2,1.7,,,,,218,12.45,
692,Jul-19,Clark Fork River at Huson,HU,7/10/2019,10,7,2019,,,,,8.36,223,17.35,145275,,,3.095
294,Jul-19,Clark Fork River at Huson,HU,7/12/2019,12,7,2019,23.33333333,,29,14.33333333,,,,,170,27,
295,Aug-19,Clark Fork River at Huson,HU,8/14/2019,14,8,2019,30,,42.5,15.5,8.485,274.9,20.4,178750,190,14,1.71
296,Sep-19,Clark Fork River at Huson,HU,9/13/2019,13,9,2019,17.5,,33,13.33333333,,,,,170,21.66666667,
693,Sep-19,Clark Fork River at Huson,HU,9/17/2019,17,9,2019,,,,,8.355,287.45,14.35,186875,,,4.985
297,Jul-20,Clark Fork River at Huson,HU,7/22/2020,22,7,2020,,,5,4,8.25,209.45,19.25,,120,15,5.325
298,Aug-20,Clark Fork River at Huson,HU,8/11/2020,11,8,2020,9,,23,4,,,,,155,12.5,
694,Aug-20,Clark Fork River at Huson,HU,8/18/2020,18,8,2020,,,,,8.075,266.35,18.6,,,,1.995
695,Sep-20,Clark Fork River at Huson,HU,9/14/2020,14,9,2020,,,,,8.135,290.8,14.7,,,,2.825
299,Sep-20,Clark Fork River at Huson,HU,9/16/2020,16,9,2020,20,,47.33333333,5.333333333,,,,,176.6666667,10.66666667,
696,Jul-21,Clark Fork River at Huson,HU,7/13/2021,13,7,2021,,,,,8.28,243.3,19.7,,,,1.925
300,Jul-21,Clark Fork River at Huson,HU,7/21/2021,21,7,2021,30,,22,1.45,,,,,155,16.5,
697,Aug-21,Clark Fork River at Huson,HU,8/23/2021,23,8,2021,,,,,8.08,274.95,17.2,,,,3.945
301,Aug-21,Clark Fork River at Huson,HU,8/24/2021,24,8,2021,20,,10,,,,,,150,15,
302,Sep-21,Clark Fork River at Huson,HU,9/15/2021,15,9,2021,20,,14.5,,,,,,155,12,
698,Sep-21,Clark Fork River at Huson,HU,9/22/2021,22,9,2021,,,,,7.895,300.7,12.25,,,,2.11
303,Oct-21,Clark Fork River at Huson,HU,10/8/2021,8,10,2021,10,,38,2,,,,,160,13,
304,Jul-22,Clark Fork River at Huson,HU,7/15/2022,15,7,2022,,,8,2,7.91,178.1,19.2,,120,17,4.75
726,Aug-22,Clark Fork River at Huson,HU,8/11/2022,11,8,2022,,,,,,,,,200,,
305,Aug-22,Clark Fork River at Huson,HU,8/15/2022,15,8,2022,20,,37.33333333,,7.936666667,251.1666667,18.7,,,32.33333333,3.803333333
591,Aug-22,Clark Fork River at Huson,HU,8/22/2022,22,8,2022,,,,1.5,,,,,,,
306,Sep-22,Clark Fork River at Huson,HU,9/23/2022,23,9,2022,,,7.5,1.4,8.24,279.9,15.65,,200,11.5,2.265
307,Jun-08,Clark Fork River below Missoula,BM,6/19/2008,19,6,2008,25,300,37.5,,8.435,174.65,12,92350,,57,19.35
308,Jul-08,Clark Fork River below Missoula,BM,7/17/2008,17,7,2008,26.66666667,200,22.33333333,,8.52,233,16.8,123833.3333,,24,5.2
309,Aug-08,Clark Fork River below Missoula,BM,8/21/2008,21,8,2008,40,,42.33333333,,8.443333333,265.6666667,15.86666667,145466.6667,,13.33333333,2.593333333
584,Aug-08,Clark Fork River below Missoula,BM,8/24/2008,24,8,2008,,200,,,,,,,,,
699,Sep-08,Clark Fork River below Missoula,BM,9/18/2008,18,9,2008,,,,,8.655,304.5,11.25,161750,,,3.385
310,Sep-08,Clark Fork River below Missoula,BM,9/20/2008,20,9,2008,16.66666667,200,46,,,,,,,19,
311,Jun-09,Clark Fork River below Missoula,BM,6/25/2009,25,6,2009,3.89,,17.97,12.73,8.2,201,16,107000,,31.81,7.51
312,Jul-09,Clark Fork River below Missoula,BM,7/16/2009,16,7,2009,5.866666667,,20.81666667,9.56,8.223333333,242.3333333,16.16666667,128666.6667,192.6666667,19.04666667,4.246666667
313,Aug-09,Clark Fork River below Missoula,BM,8/15/2009,15,8,2009,8.28,,44.78,5.31,8.386666667,277.3333333,17.2,146966.6667,228.3333333,19.83333333,3.52
314,Sep-09,Clark Fork River below Missoula,BM,9/10/2009,10,9,2009,14.858,,41.462,12.128,8.306666667,307,15.6,162766.6667,247.75,27.225,2.133333333
315,Jun-10,Clark Fork River below Missoula,BM,6/24/2010,24,6,2010,15.9,,41.6,17,7.59,193,16.5,102500,288,55.2,17.4
316,Jul-10,Clark Fork River below Missoula,BM,7/15/2010,15,7,2010,8.566666667,,23.1,8.933333333,7.793333333,235.3333333,17.83333333,125200,187,19.56666667,3.443333333
317,Aug-10,Clark Fork River below Missoula,BM,8/12/2010,12,8,2010,9.933333333,,46.46666667,6.233333333,7.993333333,277,18.43333333,147266.6667,233,19.66666667,2.81
318,Sep-10,Clark Fork River below Missoula,BM,9/9/2010,9,9,2010,31.925,,59.25,6.85,8.236666667,303.6666667,13.06666667,161333.3333,264.75,19.65,3.986666667
319,Jun-11,Clark Fork River below Missoula,BM,6/26/2011,26,6,2011,15.8,,26.2,16.25,8.04,136.6,12.6,88750,,102.25,44.2
320,Jul-11,Clark Fork River below Missoula,BM,7/21/2011,21,7,2011,11.66666667,,22.46666667,12.26666667,8.3,203.3,14.5,132200,185.6666667,33.56666667,7.766666667
321,Aug-11,Clark Fork River below Missoula,BM,8/18/2011,18,8,2011,24.56666667,,30.76666667,10.46666667,8.396666667,239.2666667,16.1,155533.3333,171.6666667,20.93333333,2.1
322,Sep-11,Clark Fork River below Missoula,BM,9/16/2011,16,9,2011,7.2,,49.6,6.6,,,,,201.6666667,13.03333333,
700,Sep-11,Clark Fork River below Missoula,BM,9/18/2011,18,9,2011,,,,,8.395,276.55,12.35,179700,,,2.08
323,Jun-12,Clark Fork River below Missoula,BM,6/24/2012,24,6,2012,6.495,,17.485,8.66,8.225,163,12.7,106000,186.28,21.235,4.82
324,Jul-12,Clark Fork River below Missoula,BM,7/19/2012,19,7,2012,21.08,,20.94333333,6.78,8.263333333,231.1333333,17.96666667,150133.3333,246.2366667,17.64,1.84
325,Aug-12,Clark Fork River below Missoula,BM,8/18/2012,18,8,2012,10.26,,35.91666667,5,,,,,215.63,15.75,
701,Aug-12,Clark Fork River below Missoula,BM,8/18/2012,18,8,2012,,,,,8.25,246.5,16.13333333,160100,,,2.576666667
326,Sep-12,Clark Fork River below Missoula,BM,9/8/2012,8,9,2012,6.965,,41.55666667,2.033333333,,,,,198.46,12.23666667,
702,Sep-12,Clark Fork River below Missoula,BM,9/9/2012,9,9,2012,,,,,8.29,255.05,12.45,165750,,,1.825
327,Jul-13,Clark Fork River below Missoula,BM,7/18/2013,18,7,2013,13.79,,22.955,3.34,8.345,246.9,18.95,160550,216.07,12.82,2.07
328,Aug-13,Clark Fork River below Missoula,BM,8/15/2013,15,8,2013,13.555,,31.145,3.685,8.36,271,17.4,176100,271.875,13.125,2.91
703,Sep-13,Clark Fork River below Missoula,BM,9/12/2013,12,9,2013,,,,,8.415,293.2,15.25,190450,,,2.515
329,Sep-13,Clark Fork River below Missoula,BM,9/15/2013,15,9,2013,13.63333333,,42.33,7.416666667,,,,,226.8966667,17.63,
330,Jul-14,Clark Fork River below Missoula,BM,7/10/2014,10,7,2014,,,9.3,8.25,8.13,228.75,16.95,148850,145,20.25,3.79
331,Aug-14,Clark Fork River below Missoula,BM,8/14/2014,14,8,2014,10.65,,21.65,5.25,8.17,281.85,17.45,182950,159,14.35,1.995
332,Sep-14,Clark Fork River below Missoula,BM,9/11/2014,11,9,2014,12.95,,27.15,8.5,8.085,336,13.3,218400,221,19.25,2.675
333,Jul-15,Clark Fork River below Missoula,BM,7/9/2015,9,7,2015,7.5,,11.45,2.3,8.395,222.05,18.9,144300,206.5,13.2,1.465
334,Aug-15,Clark Fork River below Missoula,BM,8/13/2015,13,8,2015,12.1,,21.55,2.1,8.345,281.5,16.3,182950,227.5,19.25,2.9
335,Sep-15,Clark Fork River below Missoula,BM,9/17/2015,17,9,2015,11,,20.65,2.8,8.435,300.85,13.5,195600,251,20.65,4.76
704,Jul-16,Clark Fork River below Missoula,BM,7/14/2016,14,7,2016,,,,,8.34,244.85,16.75,159250,,,1.63
336,Jul-16,Clark Fork River below Missoula,BM,7/16/2016,16,7,2016,7.9,,11.3,1.666666667,,,,,163.5,13.85,
337,Aug-16,Clark Fork River below Missoula,BM,8/18/2016,18,8,2016,9,,31.75,2.4,8.315,261.45,14.75,169950,268.5,23.2,6.54
338,Sep-16,Clark Fork River below Missoula,BM,9/15/2016,15,9,2016,16.85,,31.25,1.7,8.27,290.4,12.1,188800,210,21.85,5.39
339,Jul-17,Clark Fork River below Missoula,BM,7/15/2017,15,7,2017,10.675,,10.76666667,4.266666667,,,,,153.6666667,15.93333333,
705,Jul-17,Clark Fork River below Missoula,BM,7/19/2017,19,7,2017,,,,,8.085,249.05,17.5,161800,,,2.265
340,Aug-17,Clark Fork River below Missoula,BM,8/16/2017,16,8,2017,12.55,,31.8,3.9,8.185,273,16.5,177450,196,15.6,1.785
341,Sep-17,Clark Fork River below Missoula,BM,9/13/2017,13,9,2017,9.1,,28.1,4.1,8.09,303.2,12.15,197000,228.5,16.95,3.085
342,Jul-18,Clark Fork River below Missoula,BM,7/16/2018,16,7,2018,41.4,,14.3,8.7,8.17,252.9,17.7,164400,180,24.4,3.2
343,Aug-18,Clark Fork River below Missoula,BM,8/15/2018,15,8,2018,20.5,,28.65,4.85,8.335,285.65,15.8,185600,180.5,17.45,2.31
706,Sep-18,Clark Fork River below Missoula,BM,9/13/2018,13,9,2018,,,,,8.24,310.6,14.15,201850,,,1.89
344,Sep-18,Clark Fork River below Missoula,BM,9/15/2018,15,9,2018,20.46666667,,38.23333333,2.266666667,,,,,221.3333333,14.46666667,
707,Jul-19,Clark Fork River below Missoula,BM,7/10/2019,10,7,2019,,,,,8.485,272,16.3,177130,,,4.385
345,Jul-19,Clark Fork River below Missoula,BM,7/12/2019,12,7,2019,20,,19.66666667,29.66666667,,,,,136.6666667,33.33333333,
346,Aug-19,Clark Fork River below Missoula,BM,8/14/2019,14,8,2019,30,,44.5,13.5,8.685,299.05,18.55,194350,170,14,2.9
347,Sep-19,Clark Fork River below Missoula,BM,9/16/2019,16,9,2019,15,,33.5,16.5,8.275,323.65,13.6,211100,190,46,9.695
708,Jul-20,Clark Fork River below Missoula,BM,7/21/2020,21,7,2020,,,,,8.255,253.3,18.55,,,,4.19
348,Jul-20,Clark Fork River below Missoula,BM,7/22/2020,22,7,2020,,,9,5,,,,,130,16,
349,Aug-20,Clark Fork River below Missoula,BM,8/12/2020,12,8,2020,,,25,4,,,,,155,20.5,
709,Aug-20,Clark Fork River below Missoula,BM,8/18/2020,18,8,2020,,,,,8.265,285.35,17.25,,,,2.595
710,Sep-20,Clark Fork River below Missoula,BM,9/13/2020,13,9,2020,,,,,8.04,298.35,14.05,,,,3.38
350,Sep-20,Clark Fork River below Missoula,BM,9/16/2020,16,9,2020,20,,25,6,,,,,156.6666667,11.33333333,
711,Jul-21,Clark Fork River below Missoula,BM,7/13/2021,13,7,2021,,,,,8.44,262.35,17.6,,,,2.045
351,Jul-21,Clark Fork River below Missoula,BM,7/22/2021,22,7,2021,20,,20,1,,,,,130,15,
712,Aug-21,Clark Fork River below Missoula,BM,8/23/2021,23,8,2021,,,,,8.335,298.7,16.4,,,,4.49
352,Aug-21,Clark Fork River below Missoula,BM,8/24/2021,24,8,2021,20,,15,,,,,,160,7,
353,Sep-21,Clark Fork River below Missoula,BM,9/18/2021,18,9,2021,20,,35.33333333,2,,,,,163.3333333,13.66666667,
713,Sep-21,Clark Fork River below Missoula,BM,9/22/2021,22,9,2021,,,,,8.315,323.35,11.95,,,,3.475
354,Oct-21,Clark Fork River below Missoula,BM,10/8/2021,8,10,2021,10,,22,1,,,,,150,15,
355,Jul-22,Clark Fork River below Missoula,BM,7/15/2022,15,7,2022,,,10,4,7.99,237.6,17.4,,140,19,6.14
356,Aug-22,Clark Fork River below Missoula,BM,8/13/2022,13,8,2022,20,,33,18.5,8.353333333,266.7,20.4,,220,31.66666667,3.406666667
357,Sep-22,Clark Fork River below Missoula,BM,9/21/2022,21,9,2022,,,33,1.5,8.295,313.25,15.05,,185,14.5,3.055
