,Site,date_yearmon,Day,Month,Year,Arsenic..water..filtered..micrograms.per.liter,Arsenic..water..unfiltered..micrograms.per.liter,Cadmium..water..filtered..micrograms.per.liter,Cadmium..water..unfiltered..micrograms.per.liter,Copper..water..filtered..micrograms.per.liter,Copper..water..unfiltered..recoverable..micrograms.per.liter,Iron..water..unfiltered..recoverable..micrograms.per.liter,Iron..water..filtered..micrograms.per.liter,Lead..water..filtered..micrograms.per.liter,Lead..water..unfiltered..recoverable..micrograms.per.liter,Manganese..water..unfiltered..recoverable..micrograms.per.liter,Manganese..water..filtered..micrograms.per.liter,Zinc..water..filtered..micrograms.per.liter,Zinc..water..unfiltered..recoverable..micrograms.per.liter,Aluminum..water..unfiltered..recoverable..micrograms.per.liter,Aluminum..water..filtered..micrograms.per.liter
1,DL,Jun-97,1,7,1997,22,44,0.2,1,32,130,1580,29.7,0.5,15,190,33.5,23.4,110,NA,NA
2,DL,Jun-97,12,7,1997,NA,NA,NA,NA,NA,NA,NA,NA,NA,NA,NA,NA,NA,NA,NA,NA
3,DL,Jun-97,23,7,1997,21,37,0.1,1,18.5,92,1140,21.2,0.5,10.8,160,55.4,8.5,80,NA,NA
4,DL,Jul-97,23,8,1997,NA,NA,NA,NA,NA,NA,NA,NA,NA,NA,NA,NA,NA,NA,NA,NA
5,DL,Aug-97,9,9,1997,24,26,0.1,1,10,47.3,470,11,0.5,4.7,90,29.6,9.9,40,NA,NA
6,DL,Aug-97,13,9,1997,NA,NA,NA,NA,NA,NA,NA,NA,NA,NA,NA,NA,NA,NA,NA,NA
7,DL,Jun-98,3,7,1998,NA,NA,NA,NA,NA,NA,NA,NA,NA,NA,NA,NA,NA,NA,NA,NA
8,DL,Jun-98,20,7,1998,NA,NA,NA,NA,NA,NA,NA,NA,NA,NA,NA,NA,NA,NA,NA,NA
9,DL,Jun-98,29,7,1998,16,20,0.1,1,11.7,55.7,840,16.8,0.6,6.2,130,25.8,10,50,NA,NA
10,DL,Jul-98,29,8,1998,NA,NA,NA,NA,NA,NA,NA,NA,NA,NA,NA,NA,NA,NA,NA,NA
11,DL,Aug-98,21,9,1998,19,20,0.1,1,6.1,10,70,5,0.6,1,40,23.9,10,10,NA,NA
12,DL,Jun-99,4,7,1999,NA,NA,NA,NA,NA,NA,NA,NA,NA,NA,NA,NA,NA,NA,NA,NA
13,DL,Jun-99,10,7,1999,17,27,0.1,1,9.8,58.6,904,15.6,0.5,7.5,159,22.8,20,37.8,NA,NA
14,DL,Jun-99,16,7,1999,NA,NA,NA,NA,NA,NA,NA,NA,NA,NA,NA,NA,NA,NA,NA,NA
15,DL,Jun-99,22,7,1999,15,20,0.1,1,10,69.6,927,17.6,0.5,7.3,132,15.5,20,50.6,NA,NA
16,DL,Jun-99,30,7,1999,NA,NA,NA,NA,NA,NA,NA,NA,NA,NA,NA,NA,NA,NA,NA,NA
17,DL,Jul-99,15,8,1999,NA,NA,NA,NA,NA,NA,NA,NA,NA,NA,NA,NA,NA,NA,NA,NA
18,DL,Jul-99,29,8,1999,NA,NA,NA,NA,NA,NA,NA,NA,NA,NA,NA,NA,NA,NA,NA,NA
19,DL,Aug-99,13,9,1999,18,20,0.1,1,7.2,32.1,377,7,0.5,3.5,147,23.2,4.9,38.2,NA,NA
20,DL,Aug-99,19,9,1999,NA,NA,NA,NA,NA,NA,NA,NA,NA,NA,NA,NA,NA,NA,NA,NA
21,DL,Jun-00,5,7,2000,16.9,19,0.1,0.1,6.8,28.8,335,7.4,1,3.23,157,64.2,12.4,28,NA,NA
22,DL,Jun-00,22,7,2000,NA,NA,NA,NA,NA,NA,NA,NA,NA,NA,NA,NA,NA,NA,NA,NA
23,DL,Jul-00,12,8,2000,NA,NA,NA,NA,NA,NA,NA,NA,NA,NA,NA,NA,NA,NA,NA,NA
24,DL,Jul-00,21,8,2000,12,15,0.1,0.1,5.8,12.7,97.8,10,1,1.03,85.5,47.2,3.6,11,NA,NA
25,DL,Aug-00,11,9,2000,NA,NA,NA,NA,NA,NA,NA,NA,NA,NA,NA,NA,NA,NA,NA,NA
26,DL,Aug-00,29,9,2000,NA,NA,NA,NA,NA,NA,NA,NA,NA,NA,NA,NA,NA,NA,NA,NA
27,DL,Sep-00,5,10,2000,12.2,15,0.1,0.2,5.2,38.1,494,10,1,4.9,185,28.7,4.7,45,NA,NA
28,DL,Jun-01,4,7,2001,16.3,31,0.1,0.5,19.1,119,1310,36.1,,15.7,410,82.2,11.9,109,NA,NA
29,DL,Jun-01,6,7,2001,NA,NA,NA,NA,NA,NA,NA,NA,NA,NA,NA,NA,NA,NA,NA,NA
30,DL,Jul-01,10,8,2001,NA,NA,NA,NA,NA,NA,NA,NA,NA,NA,NA,NA,NA,NA,NA,NA
31,DL,Jul-01,23,8,2001,16.8,22,0.1,0.1,8.7,27.9,327,7.8,1,3,132,23.7,4,24,NA,NA
32,DL,Jul-01,30,8,2001,NA,NA,NA,NA,NA,NA,NA,NA,NA,NA,NA,NA,NA,NA,NA,NA
33,DL,Aug-01,21,9,2001,NA,NA,NA,NA,NA,NA,NA,NA,NA,NA,NA,NA,NA,NA,NA,NA
34,DL,Sep-01,4,10,2001,10.9,12,0.1,0.1,6,8.2,27.2,10,1,1,11.9,5.7,1.3,4,NA,NA
35,DL,Jun-02,4,7,2002,18.7,32,0.054,0.571,9.6,92.4,1450,21.3,0.206,13.3,328,23.1,8.9,90,NA,NA
36,DL,Jun-02,24,7,2002,22.2,26,0.059,0.166,9.4,33.8,394,9.4,0.089,3.66,94.9,18.1,2.3,25,NA,NA
37,DL,Jul-02,17,8,2002,NA,NA,NA,NA,NA,NA,NA,NA,NA,NA,NA,NA,NA,NA,NA,NA
38,DL,Aug-02,22,9,2002,12.7,13,0.08,0.055,10.7,15.7,99.8,5.4,0.048,1,15.6,8.45,8.3,11,NA,NA
39,DL,Sep-02,5,10,2002,NA,NA,NA,NA,NA,NA,NA,NA,NA,NA,NA,NA,NA,NA,NA,NA
40,DL,Jun-03,1,7,2003,23.7,53,0.081,0.875,18.7,241,2910,44.2,0.539,33.9,402,40.9,9,167,NA,NA
41,DL,Jun-03,4,7,2003,NA,NA,NA,NA,NA,NA,NA,NA,NA,NA,NA,NA,NA,NA,NA,NA
42,DL,Jun-03,6,7,2003,NA,NA,NA,NA,NA,NA,NA,NA,NA,NA,NA,NA,NA,NA,NA,NA
43,DL,Jun-03,16,7,2003,17,21,0.06,0.204,9.6,38.3,493,24.2,0.136,4.88,99.6,26.2,5.9,32,NA,NA
44,DL,Jul-03,16,8,2003,NA,NA,NA,NA,NA,NA,NA,NA,NA,NA,NA,NA,NA,NA,NA,NA
45,DL,Jul-03,29,8,2003,17.8,17,0.06,0.072,8,13.5,76,9.2,0.08,0.67,48.3,34.4,8,13,NA,NA
46,DL,Aug-03,25,9,2003,15.8,20,0.039,0.106,6.6,17.8,149,8,0.057,1.46,73.4,17.1,2.6,13,NA,NA
47,DL,Sep-03,5,10,2003,NA,NA,NA,NA,NA,NA,NA,NA,NA,NA,NA,NA,NA,NA,NA,NA
48,DL,Jun-04,1,7,2004,17.7,25,0.062,0.181,6.1,26.5,379,10.9,0.066,2.97,126,36.4,4.9,26,NA,NA
49,DL,Jun-04,13,7,2004,18.1,23,0.03,0.121,6.2,19.9,232,7.7,0.06,1.97,85.2,25,2.4,16,NA,NA
50,DL,Jul-04,2,8,2004,NA,NA,NA,NA,NA,NA,NA,NA,NA,NA,NA,NA,NA,NA,NA,NA
51,DL,Jul-04,19,8,2004,17.8,17,0.024,0.137,7,10.9,60.8,4.4,0.08,0.52,21.5,8.08,0.9,7,NA,NA
52,DL,Aug-04,4,9,2004,NA,NA,NA,NA,NA,NA,NA,NA,NA,NA,NA,NA,NA,NA,NA,NA
53,DL,Aug-04,20,9,2004,14.7,16,0.035,0.102,6.6,14.2,159,6.4,0.08,1.35,116,34.1,2.6,13,NA,NA
54,DL,Sep-04,16,10,2004,NA,NA,NA,NA,NA,NA,NA,NA,NA,NA,NA,NA,NA,NA,NA,NA
55,DL,Jun-05,2,7,2005,20.8,39,0.062,0.518,12.7,97.6,1690,34.6,0.205,14.1,339,35.6,8.1,87,NA,NA
56,DL,Jun-05,3,7,2005,NA,NA,NA,NA,NA,NA,NA,NA,NA,NA,NA,NA,NA,NA,NA,NA
57,DL,Jun-05,23,7,2005,19.3,31,0.071,0.433,11.4,96.8,1740,22.9,0.186,14.2,255,18.3,7.4,72,NA,NA
58,DL,Jul-05,13,8,2005,NA,NA,NA,NA,NA,NA,NA,NA,NA,NA,NA,NA,NA,NA,NA,NA
59,DL,Jul-05,26,8,2005,16.2,17.1,0.055,0.063,8.6,11.8,40.3,7.5,0.065,0.37,18.4,13,5.1,7,NA,NA
60,DL,Aug-05,17,9,2005,NA,NA,NA,NA,NA,NA,NA,NA,NA,NA,NA,NA,NA,NA,NA,NA
61,DL,Aug-05,24,9,2005,14.2,15.9,0.061,0.072,8.4,14.2,74.1,6.3,0.041,0.69,46.7,21.6,10.8,13,NA,NA
62,DL,Aug-05,25,9,2005,NA,NA,NA,NA,NA,NA,NA,NA,NA,NA,NA,NA,NA,NA,NA,NA
63,DL,Jun-06,13,7,2006,19.8,27.2,0.06,0.277,10.6,59.6,851,16.7,0.13,7.12,135,23.3,5,42,NA,NA
64,DL,Jun-06,19,7,2006,NA,NA,NA,NA,NA,NA,NA,NA,NA,NA,NA,NA,NA,NA,NA,NA
65,DL,Jul-06,25,8,2006,16.7,24.4,0.06,0.096,8.6,15.3,104,5.7,0.07,0.96,73.1,52.1,8.1,14,NA,NA
66,DL,Aug-06,3,9,2006,NA,NA,NA,NA,NA,NA,NA,NA,NA,NA,NA,NA,NA,NA,NA,NA
67,DL,Aug-06,24,9,2006,12.4,4.8,0.04,0.062,6.5,NA,67.1,5.9,0.04,0.33,162,30.9,4.9,NA,NA,NA
68,DL,Sep-06,20,10,2006,NA,NA,NA,NA,NA,NA,NA,NA,NA,NA,NA,NA,NA,NA,NA,NA
69,DL,Jun-07,4,7,2007,16.8,21,0.07,0.18,7.7,41.9,628,16,0.08,4.97,130,22.8,4.6,31.4,NA,NA
70,DL,Jun-07,7,7,2007,NA,NA,NA,NA,NA,NA,NA,NA,NA,NA,NA,NA,NA,NA,NA,NA
71,DL,Jun-07,8,7,2007,NA,NA,NA,NA,NA,NA,NA,NA,NA,NA,NA,NA,NA,NA,NA,NA
72,DL,Jun-07,18,7,2007,16.1,20.6,0.1,0.2,8.1,39.6,553,16.2,0.1,4.69,119,32.6,5,28.9,NA,NA
73,DL,Jul-07,11,8,2007,NA,NA,NA,NA,NA,NA,NA,NA,NA,NA,NA,NA,NA,NA,NA,NA
74,DL,Jul-07,23,8,2007,17.5,17.2,NA,0.06,7.7,11.6,50.1,6,0.12,0.47,31.7,16.9,3.5,6.4,NA,NA
75,DL,Aug-07,22,9,2007,NA,NA,NA,NA,NA,NA,NA,NA,NA,NA,NA,NA,NA,NA,NA,NA
76,DL,Aug-07,27,9,2007,13.5,13.9,0.041,0.045,6.3,10.7,56.7,6.7,0.12,0.53,29.1,11.6,5.9,8.4,NA,NA
77,DL,Jun-08,4,7,2008,25.8,42,0.069,0.497,14.2,130,1940,19.9,0.18,42.9,328,27.4,10.6,95,NA,NA
78,DL,Jun-08,18,7,2008,23.9,31.4,0.054,0.295,11.4,70.1,1040,17.3,0.162,9.07,160,23.9,4,54.6,NA,NA
79,DL,Jul-08,10,8,2008,17.4,21.6,0.058,0.144,6.9,29.2,410,15.6,0.077,3.3,93.7,37.2,5.6,24.3,NA,NA
80,DL,Jul-08,24,8,2008,NA,NA,NA,NA,NA,NA,NA,NA,NA,NA,NA,NA,NA,NA,NA,NA
81,DL,Aug-08,19,9,2008,17.6,19.2,0.03,0.024,6.9,11,54.3,4,0.052,0.55,21.5,4.05,3.5,6.1,NA,NA
82,DL,Sep-08,3,10,2008,NA,NA,NA,NA,NA,NA,NA,NA,NA,NA,NA,NA,NA,NA,NA,NA
83,DL,Jun-09,2,7,2009,21.7,37.8,0.117,0.549,18.8,129,1680,32.7,0.318,17.1,207,29.9,19.2,109,NA,NA
84,DL,Jun-09,3,7,2009,NA,NA,NA,NA,NA,NA,NA,NA,NA,NA,NA,NA,NA,NA,NA,NA
85,DL,Jun-09,23,7,2009,17.2,24.4,0.076,0.236,12,65.6,922,27.4,0.189,8.43,110,21.9,9.4,49.2,NA,NA
86,DL,Jul-09,14,8,2009,16.1,21.1,0.059,0.225,9,47.1,663,21.9,0.137,5.51,101,20.1,5.9,33.9,NA,NA
87,DL,Jul-09,15,8,2009,NA,NA,NA,NA,NA,NA,NA,NA,NA,NA,NA,NA,NA,NA,NA,NA
88,DL,Aug-09,18,9,2009,19.4,21.2,0.051,0.129,6.8,24.2,334,9.6,0.089,3.09,75.5,21.8,6.9,18.8,NA,NA
89,DL,Aug-09,19,9,2009,NA,NA,NA,NA,NA,NA,NA,NA,NA,NA,NA,NA,NA,NA,NA,NA
90,DL,Aug-09,19,9,2009,NA,NA,NA,NA,NA,NA,NA,NA,NA,NA,NA,NA,NA,NA,NA,NA
91,DL,Jun-10,2,7,2010,15.5,33.2,0.082,0.513,10.1,142,2420,14.7,0.144,25.9,275,24.7,5.7,109,NA,NA
92,DL,Jun-10,15,7,2010,17.4,30.8,0.093,0.383,11.1,148,1610,20.6,0.19,31.8,232,20.2,4.6,75.4,NA,NA
93,DL,Jun-10,17,7,2010,NA,NA,NA,NA,NA,NA,NA,NA,NA,NA,NA,NA,NA,NA,NA,NA
94,DL,Jul-10,1,8,2010,NA,NA,NA,NA,NA,NA,NA,NA,NA,NA,NA,NA,NA,NA,NA,NA
95,DL,Jul-10,15,8,2010,NA,NA,NA,NA,NA,NA,NA,NA,NA,NA,NA,NA,NA,NA,NA,NA
96,DL,Jul-10,20,8,2010,17.3,19.8,0.055,0.107,7.7,19.6,207,7.6,0.099,1.95,54.5,29.7,3.8,13.7,NA,NA
97,DL,Aug-10,11,9,2010,NA,NA,NA,NA,NA,NA,NA,NA,NA,NA,NA,NA,NA,NA,NA,NA
98,DL,Aug-10,25,9,2010,15.2,17.2,0.055,0.097,5.9,14.8,183,9.6,0.086,1.47,52.1,29.1,6.6,13.9,NA,NA
99,DL,Sep-10,7,10,2010,NA,NA,NA,NA,NA,NA,NA,NA,NA,NA,NA,NA,NA,NA,NA,NA
100,DL,Sep-10,7,10,2010,NA,NA,NA,NA,NA,NA,NA,NA,NA,NA,NA,NA,NA,NA,NA,NA
101,DL,Jun-11,1,7,2011,23.4,34.7,0.092,0.394,14.7,97.6,1440,27.2,0.249,12.5,146,21.9,5.5,70.3,NA,NA
102,DL,Jun-11,8,7,2011,25.8,51.6,0.215,0.876,44.1,232,3340,67.2,0.405,30.5,266,65.4,36.6,183,NA,NA
103,DL,Jun-11,14,7,2011,36.6,46.6,0.28,0.504,45.9,120,1220,45.8,0.372,12.4,107,39.1,50.6,107,NA,NA
104,DL,Jun-11,14,7,2011,NA,NA,NA,NA,NA,NA,NA,NA,NA,NA,NA,NA,NA,NA,NA,NA
105,DL,Jun-11,14,7,2011,NA,NA,NA,NA,NA,NA,NA,NA,NA,NA,NA,NA,NA,NA,NA,NA
106,DL,Jun-11,24,7,2011,32.9,37.8,0.216,0.359,35.6,87.6,976,36.1,0.401,8.98,102,54.9,36.3,71.1,NA,NA
107,DL,Jun-11,29,7,2011,29.3,33.7,0.176,0.31,25.4,70.9,920,57.5,0.471,7.51,95.2,49.6,20.2,54.5,NA,NA
108,DL,Jul-11,7,8,2011,NA,NA,NA,NA,NA,NA,NA,NA,NA,NA,NA,NA,NA,NA,NA,NA
109,DL,Jul-11,13,8,2011,19.4,33.3,0.099,0.355,14.4,103,1780,34.4,0.227,13.7,141,46.1,8.7,66.6,NA,NA
110,DL,Jul-11,13,8,2011,NA,NA,NA,NA,NA,NA,NA,NA,NA,NA,NA,NA,NA,NA,NA,NA
111,DL,Jul-11,13,8,2011,NA,NA,NA,NA,NA,NA,NA,NA,NA,NA,NA,NA,NA,NA,NA,NA
112,DL,Aug-11,9,9,2011,NA,NA,NA,NA,NA,NA,NA,NA,NA,NA,NA,NA,NA,NA,NA,NA
113,DL,Aug-11,16,9,2011,18.7,20,0.089,0.121,7.4,21,244,9.4,0.081,1.95,59.1,31.1,6.6,17.8,NA,NA
114,DL,Aug-11,16,9,2011,NA,NA,NA,NA,NA,NA,NA,NA,NA,NA,NA,NA,NA,NA,NA,NA
115,DL,Aug-11,16,9,2011,NA,NA,NA,NA,NA,NA,NA,NA,NA,NA,NA,NA,NA,NA,NA,NA
116,DL,Jun-12,1,7,2012,NA,NA,NA,NA,NA,NA,NA,NA,NA,NA,NA,NA,NA,NA,NA,NA
117,DL,Jun-12,1,7,2012,NA,NA,NA,NA,NA,NA,NA,NA,NA,NA,NA,NA,NA,NA,NA,NA
118,DL,Jun-12,2,7,2012,NA,NA,NA,NA,NA,NA,NA,NA,NA,NA,NA,NA,NA,NA,NA,NA
119,DL,Jun-12,2,7,2012,NA,NA,NA,NA,NA,NA,NA,NA,NA,NA,NA,NA,NA,NA,NA,NA
120,DL,Jun-12,3,7,2012,NA,NA,NA,NA,NA,NA,NA,NA,NA,NA,NA,NA,NA,NA,NA,NA
121,DL,Jun-12,3,7,2012,NA,NA,NA,NA,NA,NA,NA,NA,NA,NA,NA,NA,NA,NA,NA,NA
122,DL,Jun-12,3,7,2012,NA,NA,NA,NA,NA,NA,NA,NA,NA,NA,NA,NA,NA,NA,NA,NA
123,DL,Jun-12,3,7,2012,NA,NA,NA,NA,NA,NA,NA,NA,NA,NA,NA,NA,NA,NA,NA,NA
124,DL,Jun-12,4,7,2012,NA,NA,NA,NA,NA,NA,NA,NA,NA,NA,NA,NA,NA,NA,NA,NA
125,DL,Jun-12,4,7,2012,NA,NA,NA,NA,NA,NA,NA,NA,NA,NA,NA,NA,NA,NA,NA,NA
126,DL,Jun-12,5,7,2012,NA,NA,NA,NA,NA,NA,NA,NA,NA,NA,NA,NA,NA,NA,NA,NA
127,DL,Jun-12,5,7,2012,NA,NA,NA,NA,NA,NA,NA,NA,NA,NA,NA,NA,NA,NA,NA,NA
128,DL,Jun-12,6,7,2012,14.1,43.2,0.074,0.784,12.9,220,4290,34.3,0.301,32.8,364,30,8,164,NA,NA
129,DL,Jun-12,6,7,2012,NA,NA,NA,NA,NA,NA,NA,NA,NA,NA,NA,NA,NA,NA,NA,NA
130,DL,Jun-12,6,7,2012,NA,NA,NA,NA,NA,NA,NA,NA,NA,NA,NA,NA,NA,NA,NA,NA
131,DL,Jun-12,6,7,2012,NA,NA,NA,NA,NA,NA,NA,NA,NA,NA,NA,NA,NA,NA,NA,NA
132,DL,Jun-12,6,7,2012,NA,NA,NA,NA,NA,NA,NA,NA,NA,NA,NA,NA,NA,NA,NA,NA
133,DL,Jun-12,7,7,2012,NA,NA,NA,NA,NA,NA,NA,NA,NA,NA,NA,NA,NA,NA,NA,NA
134,DL,Jun-12,7,7,2012,NA,NA,NA,NA,NA,NA,NA,NA,NA,NA,NA,NA,NA,NA,NA,NA
135,DL,Jun-12,8,7,2012,NA,NA,NA,NA,NA,NA,NA,NA,NA,NA,NA,NA,NA,NA,NA,NA
136,DL,Jun-12,8,7,2012,NA,NA,NA,NA,NA,NA,NA,NA,NA,NA,NA,NA,NA,NA,NA,NA
137,DL,Jun-12,9,7,2012,NA,NA,NA,NA,NA,NA,NA,NA,NA,NA,NA,NA,NA,NA,NA,NA
138,DL,Jun-12,9,7,2012,NA,NA,NA,NA,NA,NA,NA,NA,NA,NA,NA,NA,NA,NA,NA,NA
139,DL,Jun-12,10,7,2012,NA,NA,NA,NA,NA,NA,NA,NA,NA,NA,NA,NA,NA,NA,NA,NA
140,DL,Jun-12,10,7,2012,NA,NA,NA,NA,NA,NA,NA,NA,NA,NA,NA,NA,NA,NA,NA,NA
141,DL,Jun-12,11,7,2012,NA,NA,NA,NA,NA,NA,NA,NA,NA,NA,NA,NA,NA,NA,NA,NA
142,DL,Jun-12,11,7,2012,NA,NA,NA,NA,NA,NA,NA,NA,NA,NA,NA,NA,NA,NA,NA,NA
143,DL,Jun-12,12,7,2012,NA,NA,NA,NA,NA,NA,NA,NA,NA,NA,NA,NA,NA,NA,NA,NA
144,DL,Jun-12,12,7,2012,NA,NA,NA,NA,NA,NA,NA,NA,NA,NA,NA,NA,NA,NA,NA,NA
145,DL,Jun-12,12,7,2012,NA,NA,NA,NA,NA,NA,NA,NA,NA,NA,NA,NA,NA,NA,NA,NA
146,DL,Jun-12,13,7,2012,NA,NA,NA,NA,NA,NA,NA,NA,NA,NA,NA,NA,NA,NA,NA,NA
147,DL,Jun-12,13,7,2012,NA,NA,NA,NA,NA,NA,NA,NA,NA,NA,NA,NA,NA,NA,NA,NA
148,DL,Jun-12,14,7,2012,NA,NA,NA,NA,NA,NA,NA,NA,NA,NA,NA,NA,NA,NA,NA,NA
149,DL,Jun-12,14,7,2012,NA,NA,NA,NA,NA,NA,NA,NA,NA,NA,NA,NA,NA,NA,NA,NA
150,DL,Jun-12,15,7,2012,NA,NA,NA,NA,NA,NA,NA,NA,NA,NA,NA,NA,NA,NA,NA,NA
151,DL,Jun-12,15,7,2012,NA,NA,NA,NA,NA,NA,NA,NA,NA,NA,NA,NA,NA,NA,NA,NA
152,DL,Jun-12,16,7,2012,NA,NA,NA,NA,NA,NA,NA,NA,NA,NA,NA,NA,NA,NA,NA,NA
153,DL,Jun-12,16,7,2012,NA,NA,NA,NA,NA,NA,NA,NA,NA,NA,NA,NA,NA,NA,NA,NA
154,DL,Jun-12,17,7,2012,NA,NA,NA,NA,NA,NA,NA,NA,NA,NA,NA,NA,NA,NA,NA,NA
155,DL,Jun-12,17,7,2012,NA,NA,NA,NA,NA,NA,NA,NA,NA,NA,NA,NA,NA,NA,NA,NA
156,DL,Jun-12,18,7,2012,NA,NA,NA,NA,NA,NA,NA,NA,NA,NA,NA,NA,NA,NA,NA,NA
157,DL,Jun-12,18,7,2012,NA,NA,NA,NA,NA,NA,NA,NA,NA,NA,NA,NA,NA,NA,NA,NA
158,DL,Jun-12,19,7,2012,10.3,12.4,0.062,0.128,6.4,27.1,440,24.8,0.154,3.28,55.8,19.3,5,21.6,NA,NA
159,DL,Jun-12,19,7,2012,NA,NA,NA,NA,NA,NA,NA,NA,NA,NA,NA,NA,NA,NA,NA,NA
160,DL,Jun-12,19,7,2012,NA,NA,NA,NA,NA,NA,NA,NA,NA,NA,NA,NA,NA,NA,NA,NA
161,DL,Jun-12,19,7,2012,NA,NA,NA,NA,NA,NA,NA,NA,NA,NA,NA,NA,NA,NA,NA,NA
162,DL,Jun-12,19,7,2012,NA,NA,NA,NA,NA,NA,NA,NA,NA,NA,NA,NA,NA,NA,NA,NA
163,DL,Jun-12,20,7,2012,NA,NA,NA,NA,NA,NA,NA,NA,NA,NA,NA,NA,NA,NA,NA,NA
164,DL,Jun-12,20,7,2012,NA,NA,NA,NA,NA,NA,NA,NA,NA,NA,NA,NA,NA,NA,NA,NA
165,DL,Jun-12,21,7,2012,NA,NA,NA,NA,NA,NA,NA,NA,NA,NA,NA,NA,NA,NA,NA,NA
166,DL,Jun-12,21,7,2012,NA,NA,NA,NA,NA,NA,NA,NA,NA,NA,NA,NA,NA,NA,NA,NA
167,DL,Jun-12,22,7,2012,NA,NA,NA,NA,NA,NA,NA,NA,NA,NA,NA,NA,NA,NA,NA,NA
168,DL,Jun-12,22,7,2012,NA,NA,NA,NA,NA,NA,NA,NA,NA,NA,NA,NA,NA,NA,NA,NA
169,DL,Jun-12,23,7,2012,NA,NA,NA,NA,NA,NA,NA,NA,NA,NA,NA,NA,NA,NA,NA,NA
170,DL,Jun-12,23,7,2012,NA,NA,NA,NA,NA,NA,NA,NA,NA,NA,NA,NA,NA,NA,NA,NA
171,DL,Jun-12,24,7,2012,NA,NA,NA,NA,NA,NA,NA,NA,NA,NA,NA,NA,NA,NA,NA,NA
172,DL,Jun-12,24,7,2012,NA,NA,NA,NA,NA,NA,NA,NA,NA,NA,NA,NA,NA,NA,NA,NA
173,DL,Jun-12,25,7,2012,NA,NA,NA,NA,NA,NA,NA,NA,NA,NA,NA,NA,NA,NA,NA,NA
174,DL,Jun-12,25,7,2012,NA,NA,NA,NA,NA,NA,NA,NA,NA,NA,NA,NA,NA,NA,NA,NA
175,DL,Jun-12,26,7,2012,NA,NA,NA,NA,NA,NA,NA,NA,NA,NA,NA,NA,NA,NA,NA,NA
176,DL,Jun-12,26,7,2012,NA,NA,NA,NA,NA,NA,NA,NA,NA,NA,NA,NA,NA,NA,NA,NA
177,DL,Jun-12,27,7,2012,NA,NA,NA,NA,NA,NA,NA,NA,NA,NA,NA,NA,NA,NA,NA,NA
178,DL,Jun-12,27,7,2012,NA,NA,NA,NA,NA,NA,NA,NA,NA,NA,NA,NA,NA,NA,NA,NA
179,DL,Jun-12,28,7,2012,NA,NA,NA,NA,NA,NA,NA,NA,NA,NA,NA,NA,NA,NA,NA,NA
180,DL,Jun-12,28,7,2012,NA,NA,NA,NA,NA,NA,NA,NA,NA,NA,NA,NA,NA,NA,NA,NA
181,DL,Jun-12,29,7,2012,NA,NA,NA,NA,NA,NA,NA,NA,NA,NA,NA,NA,NA,NA,NA,NA
182,DL,Jun-12,29,7,2012,NA,NA,NA,NA,NA,NA,NA,NA,NA,NA,NA,NA,NA,NA,NA,NA
183,DL,Jun-12,30,7,2012,NA,NA,NA,NA,NA,NA,NA,NA,NA,NA,NA,NA,NA,NA,NA,NA
184,DL,Jun-12,30,7,2012,NA,NA,NA,NA,NA,NA,NA,NA,NA,NA,NA,NA,NA,NA,NA,NA
185,DL,Jul-12,1,8,2012,NA,NA,NA,NA,NA,NA,NA,NA,NA,NA,NA,NA,NA,NA,NA,NA
186,DL,Jul-12,1,8,2012,NA,NA,NA,NA,NA,NA,NA,NA,NA,NA,NA,NA,NA,NA,NA,NA
187,DL,Jul-12,5,8,2012,NA,NA,NA,NA,NA,NA,NA,NA,NA,NA,NA,NA,NA,NA,NA,NA
188,DL,Jul-12,5,8,2012,NA,NA,NA,NA,NA,NA,NA,NA,NA,NA,NA,NA,NA,NA,NA,NA
189,DL,Jul-12,9,8,2012,NA,NA,NA,NA,NA,NA,NA,NA,NA,NA,NA,NA,NA,NA,NA,NA
190,DL,Jul-12,9,8,2012,NA,NA,NA,NA,NA,NA,NA,NA,NA,NA,NA,NA,NA,NA,NA,NA
191,DL,Jul-12,13,8,2012,NA,NA,NA,NA,NA,NA,NA,NA,NA,NA,NA,NA,NA,NA,NA,NA
192,DL,Jul-12,13,8,2012,NA,NA,NA,NA,NA,NA,NA,NA,NA,NA,NA,NA,NA,NA,NA,NA
193,DL,Jul-12,17,8,2012,19.8,20.4,0.073,0.151,8.1,26.8,374,25.7,0.169,2.91,87.4,31.6,4.1,20.8,NA,NA
194,DL,Jul-12,17,8,2012,NA,NA,NA,NA,NA,NA,NA,NA,NA,NA,NA,NA,NA,NA,NA,NA
195,DL,Jul-12,17,8,2012,NA,NA,NA,NA,NA,NA,NA,NA,NA,NA,NA,NA,NA,NA,NA,NA
196,DL,Jul-12,17,8,2012,NA,NA,NA,NA,NA,NA,NA,NA,NA,NA,NA,NA,NA,NA,NA,NA
197,DL,Jul-12,17,8,2012,NA,NA,NA,NA,NA,NA,NA,NA,NA,NA,NA,NA,NA,NA,NA,NA
198,DL,Jul-12,22,8,2012,NA,NA,NA,NA,NA,NA,NA,NA,NA,NA,NA,NA,NA,NA,NA,NA
199,DL,Jul-12,22,8,2012,NA,NA,NA,NA,NA,NA,NA,NA,NA,NA,NA,NA,NA,NA,NA,NA
200,DL,Jul-12,26,8,2012,NA,NA,NA,NA,NA,NA,NA,NA,NA,NA,NA,NA,NA,NA,NA,NA
201,DL,Jul-12,26,8,2012,NA,NA,NA,NA,NA,NA,NA,NA,NA,NA,NA,NA,NA,NA,NA,NA
202,DL,Jul-12,26,8,2012,NA,NA,NA,NA,NA,NA,NA,NA,NA,NA,NA,NA,NA,NA,NA,NA
203,DL,Jul-12,30,8,2012,NA,NA,NA,NA,NA,NA,NA,NA,NA,NA,NA,NA,NA,NA,NA,NA
204,DL,Jul-12,30,8,2012,NA,NA,NA,NA,NA,NA,NA,NA,NA,NA,NA,NA,NA,NA,NA,NA
205,DL,Aug-12,3,9,2012,NA,NA,NA,NA,NA,NA,NA,NA,NA,NA,NA,NA,NA,NA,NA,NA
206,DL,Aug-12,3,9,2012,NA,NA,NA,NA,NA,NA,NA,NA,NA,NA,NA,NA,NA,NA,NA,NA
207,DL,Aug-12,7,9,2012,NA,NA,NA,NA,NA,NA,NA,NA,NA,NA,NA,NA,NA,NA,NA,NA
208,DL,Aug-12,7,9,2012,NA,NA,NA,NA,NA,NA,NA,NA,NA,NA,NA,NA,NA,NA,NA,NA
209,DL,Aug-12,11,9,2012,NA,NA,NA,NA,NA,NA,NA,NA,NA,NA,NA,NA,NA,NA,NA,NA
210,DL,Aug-12,11,9,2012,NA,NA,NA,NA,NA,NA,NA,NA,NA,NA,NA,NA,NA,NA,NA,NA
211,DL,Aug-12,14,9,2012,16,15.4,0.047,0.058,7.2,12.2,70,13,0.099,0.65,35.3,20,3.6,6.9,NA,NA
212,DL,Aug-12,14,9,2012,NA,NA,NA,NA,NA,NA,NA,NA,NA,NA,NA,NA,NA,NA,NA,NA
213,DL,Aug-12,14,9,2012,NA,NA,NA,NA,NA,NA,NA,NA,NA,NA,NA,NA,NA,NA,NA,NA
214,DL,Aug-12,15,9,2012,NA,NA,NA,NA,NA,NA,NA,NA,NA,NA,NA,NA,NA,NA,NA,NA
215,DL,Aug-12,15,9,2012,NA,NA,NA,NA,NA,NA,NA,NA,NA,NA,NA,NA,NA,NA,NA,NA
216,DL,Aug-12,19,9,2012,NA,NA,NA,NA,NA,NA,NA,NA,NA,NA,NA,NA,NA,NA,NA,NA
217,DL,Aug-12,19,9,2012,NA,NA,NA,NA,NA,NA,NA,NA,NA,NA,NA,NA,NA,NA,NA,NA
218,DL,Aug-12,23,9,2012,NA,NA,NA,NA,NA,NA,NA,NA,NA,NA,NA,NA,NA,NA,NA,NA
219,DL,Aug-12,23,9,2012,NA,NA,NA,NA,NA,NA,NA,NA,NA,NA,NA,NA,NA,NA,NA,NA
220,DL,Aug-12,27,9,2012,NA,NA,NA,NA,NA,NA,NA,NA,NA,NA,NA,NA,NA,NA,NA,NA
221,DL,Aug-12,27,9,2012,NA,NA,NA,NA,NA,NA,NA,NA,NA,NA,NA,NA,NA,NA,NA,NA
222,DL,Aug-12,31,9,2012,NA,NA,NA,NA,NA,NA,NA,NA,NA,NA,NA,NA,NA,NA,NA,NA
223,DL,Aug-12,31,9,2012,NA,NA,NA,NA,NA,NA,NA,NA,NA,NA,NA,NA,NA,NA,NA,NA
224,DL,Sep-12,4,10,2012,NA,NA,NA,NA,NA,NA,NA,NA,NA,NA,NA,NA,NA,NA,NA,NA
225,DL,Sep-12,4,10,2012,NA,NA,NA,NA,NA,NA,NA,NA,NA,NA,NA,NA,NA,NA,NA,NA
226,DL,Sep-12,4,10,2012,NA,NA,NA,NA,NA,NA,NA,NA,NA,NA,NA,NA,NA,NA,NA,NA
227,DL,Sep-12,8,10,2012,NA,NA,NA,NA,NA,NA,NA,NA,NA,NA,NA,NA,NA,NA,NA,NA
228,DL,Sep-12,8,10,2012,NA,NA,NA,NA,NA,NA,NA,NA,NA,NA,NA,NA,NA,NA,NA,NA
229,DL,Sep-12,12,10,2012,NA,NA,NA,NA,NA,NA,NA,NA,NA,NA,NA,NA,NA,NA,NA,NA
230,DL,Sep-12,12,10,2012,NA,NA,NA,NA,NA,NA,NA,NA,NA,NA,NA,NA,NA,NA,NA,NA
231,DL,Sep-12,16,10,2012,NA,NA,NA,NA,NA,NA,NA,NA,NA,NA,NA,NA,NA,NA,NA,NA
232,DL,Sep-12,16,10,2012,NA,NA,NA,NA,NA,NA,NA,NA,NA,NA,NA,NA,NA,NA,NA,NA
233,DL,Sep-12,20,10,2012,NA,NA,NA,NA,NA,NA,NA,NA,NA,NA,NA,NA,NA,NA,NA,NA
234,DL,Sep-12,20,10,2012,NA,NA,NA,NA,NA,NA,NA,NA,NA,NA,NA,NA,NA,NA,NA,NA
235,DL,Sep-12,24,10,2012,NA,NA,NA,NA,NA,NA,NA,NA,NA,NA,NA,NA,NA,NA,NA,NA
236,DL,Sep-12,24,10,2012,NA,NA,NA,NA,NA,NA,NA,NA,NA,NA,NA,NA,NA,NA,NA,NA
237,DL,Sep-12,28,10,2012,NA,NA,NA,NA,NA,NA,NA,NA,NA,NA,NA,NA,NA,NA,NA,NA
238,DL,Sep-12,28,10,2012,NA,NA,NA,NA,NA,NA,NA,NA,NA,NA,NA,NA,NA,NA,NA,NA
239,DL,Jun-13,1,7,2013,NA,NA,NA,NA,NA,NA,NA,NA,NA,NA,NA,NA,NA,NA,NA,NA
240,DL,Jun-13,1,7,2013,NA,NA,NA,NA,NA,NA,NA,NA,NA,NA,NA,NA,NA,NA,NA,NA
241,DL,Jun-13,3,7,2013,NA,NA,NA,NA,NA,NA,NA,NA,NA,NA,NA,NA,NA,NA,NA,NA
242,DL,Jun-13,3,7,2013,NA,NA,NA,NA,NA,NA,NA,NA,NA,NA,NA,NA,NA,NA,NA,NA
243,DL,Jun-13,4,7,2013,15.9,20.2,0.06,0.191,7.3,37.2,575,24.3,0.183,4.46,102,28.1,6.6,32.6,NA,NA
244,DL,Jun-13,4,7,2013,NA,NA,NA,NA,NA,NA,NA,NA,NA,NA,NA,NA,NA,NA,NA,NA
245,DL,Jun-13,4,7,2013,NA,NA,NA,NA,NA,NA,NA,NA,NA,NA,NA,NA,NA,NA,NA,NA
246,DL,Jun-13,4,7,2013,NA,NA,NA,NA,NA,NA,NA,NA,NA,NA,NA,NA,NA,NA,NA,NA
247,DL,Jun-13,4,7,2013,NA,NA,NA,NA,NA,NA,NA,NA,NA,NA,NA,NA,NA,NA,NA,NA
248,DL,Jun-13,5,7,2013,NA,NA,NA,NA,NA,NA,NA,NA,NA,NA,NA,NA,NA,NA,NA,NA
249,DL,Jun-13,5,7,2013,NA,NA,NA,NA,NA,NA,NA,NA,NA,NA,NA,NA,NA,NA,NA,NA
250,DL,Jun-13,6,7,2013,NA,NA,NA,NA,NA,NA,NA,NA,NA,NA,NA,NA,NA,NA,NA,NA
251,DL,Jun-13,6,7,2013,NA,NA,NA,NA,NA,NA,NA,NA,NA,NA,NA,NA,NA,NA,NA,NA
252,DL,Jun-13,7,7,2013,NA,NA,NA,NA,NA,NA,NA,NA,NA,NA,NA,NA,NA,NA,NA,NA
253,DL,Jun-13,7,7,2013,NA,NA,NA,NA,NA,NA,NA,NA,NA,NA,NA,NA,NA,NA,NA,NA
254,DL,Jun-13,8,7,2013,NA,NA,NA,NA,NA,NA,NA,NA,NA,NA,NA,NA,NA,NA,NA,NA
255,DL,Jun-13,8,7,2013,NA,NA,NA,NA,NA,NA,NA,NA,NA,NA,NA,NA,NA,NA,NA,NA
256,DL,Jun-13,9,7,2013,NA,NA,NA,NA,NA,NA,NA,NA,NA,NA,NA,NA,NA,NA,NA,NA
257,DL,Jun-13,9,7,2013,NA,NA,NA,NA,NA,NA,NA,NA,NA,NA,NA,NA,NA,NA,NA,NA
258,DL,Jun-13,10,7,2013,NA,NA,NA,NA,NA,NA,NA,NA,NA,NA,NA,NA,NA,NA,NA,NA
259,DL,Jun-13,10,7,2013,NA,NA,NA,NA,NA,NA,NA,NA,NA,NA,NA,NA,NA,NA,NA,NA
260,DL,Jun-13,11,7,2013,NA,NA,NA,NA,NA,NA,NA,NA,NA,NA,NA,NA,NA,NA,NA,NA
261,DL,Jun-13,11,7,2013,NA,NA,NA,NA,NA,NA,NA,NA,NA,NA,NA,NA,NA,NA,NA,NA
262,DL,Jun-13,12,7,2013,NA,NA,NA,NA,NA,NA,NA,NA,NA,NA,NA,NA,NA,NA,NA,NA
263,DL,Jun-13,12,7,2013,NA,NA,NA,NA,NA,NA,NA,NA,NA,NA,NA,NA,NA,NA,NA,NA
264,DL,Jun-13,13,7,2013,NA,NA,NA,NA,NA,NA,NA,NA,NA,NA,NA,NA,NA,NA,NA,NA
265,DL,Jun-13,13,7,2013,NA,NA,NA,NA,NA,NA,NA,NA,NA,NA,NA,NA,NA,NA,NA,NA
266,DL,Jun-13,14,7,2013,NA,NA,NA,NA,NA,NA,NA,NA,NA,NA,NA,NA,NA,NA,NA,NA
267,DL,Jun-13,14,7,2013,NA,NA,NA,NA,NA,NA,NA,NA,NA,NA,NA,NA,NA,NA,NA,NA
268,DL,Jun-13,15,7,2013,NA,NA,NA,NA,NA,NA,NA,NA,NA,NA,NA,NA,NA,NA,NA,NA
269,DL,Jun-13,15,7,2013,NA,NA,NA,NA,NA,NA,NA,NA,NA,NA,NA,NA,NA,NA,NA,NA
270,DL,Jun-13,16,7,2013,NA,NA,NA,NA,NA,NA,NA,NA,NA,NA,NA,NA,NA,NA,NA,NA
271,DL,Jun-13,16,7,2013,NA,NA,NA,NA,NA,NA,NA,NA,NA,NA,NA,NA,NA,NA,NA,NA
272,DL,Jun-13,17,7,2013,NA,NA,NA,NA,NA,NA,NA,NA,NA,NA,NA,NA,NA,NA,NA,NA
273,DL,Jun-13,17,7,2013,NA,NA,NA,NA,NA,NA,NA,NA,NA,NA,NA,NA,NA,NA,NA,NA
274,DL,Jun-13,18,7,2013,NA,NA,NA,NA,NA,NA,NA,NA,NA,NA,NA,NA,NA,NA,NA,NA
275,DL,Jun-13,18,7,2013,NA,NA,NA,NA,NA,NA,NA,NA,NA,NA,NA,NA,NA,NA,NA,NA
276,DL,Jun-13,18,7,2013,17.4,17.7,0.047,0.082,6.2,16,174,22.8,0.152,1.43,55.5,35,1.6,10.1,NA,NA
277,DL,Jun-13,18,7,2013,NA,NA,NA,NA,NA,NA,NA,NA,NA,NA,NA,NA,NA,NA,NA,NA
278,DL,Jun-13,18,7,2013,NA,NA,NA,NA,NA,NA,NA,NA,NA,NA,NA,NA,NA,NA,NA,NA
279,DL,Jun-13,19,7,2013,NA,NA,NA,NA,NA,NA,NA,NA,NA,NA,NA,NA,NA,NA,NA,NA
280,DL,Jun-13,19,7,2013,NA,NA,NA,NA,NA,NA,NA,NA,NA,NA,NA,NA,NA,NA,NA,NA
281,DL,Jun-13,20,7,2013,NA,NA,NA,NA,NA,NA,NA,NA,NA,NA,NA,NA,NA,NA,NA,NA
282,DL,Jun-13,20,7,2013,NA,NA,NA,NA,NA,NA,NA,NA,NA,NA,NA,NA,NA,NA,NA,NA
283,DL,Jun-13,21,7,2013,NA,NA,NA,NA,NA,NA,NA,NA,NA,NA,NA,NA,NA,NA,NA,NA
284,DL,Jun-13,21,7,2013,NA,NA,NA,NA,NA,NA,NA,NA,NA,NA,NA,NA,NA,NA,NA,NA
285,DL,Jun-13,22,7,2013,NA,NA,NA,NA,NA,NA,NA,NA,NA,NA,NA,NA,NA,NA,NA,NA
286,DL,Jun-13,22,7,2013,NA,NA,NA,NA,NA,NA,NA,NA,NA,NA,NA,NA,NA,NA,NA,NA
287,DL,Jun-13,23,7,2013,NA,NA,NA,NA,NA,NA,NA,NA,NA,NA,NA,NA,NA,NA,NA,NA
288,DL,Jun-13,23,7,2013,NA,NA,NA,NA,NA,NA,NA,NA,NA,NA,NA,NA,NA,NA,NA,NA
289,DL,Jun-13,24,7,2013,NA,NA,NA,NA,NA,NA,NA,NA,NA,NA,NA,NA,NA,NA,NA,NA
290,DL,Jun-13,24,7,2013,NA,NA,NA,NA,NA,NA,NA,NA,NA,NA,NA,NA,NA,NA,NA,NA
291,DL,Jun-13,25,7,2013,NA,NA,NA,NA,NA,NA,NA,NA,NA,NA,NA,NA,NA,NA,NA,NA
292,DL,Jun-13,25,7,2013,NA,NA,NA,NA,NA,NA,NA,NA,NA,NA,NA,NA,NA,NA,NA,NA
293,DL,Jun-13,26,7,2013,NA,NA,NA,NA,NA,NA,NA,NA,NA,NA,NA,NA,NA,NA,NA,NA
294,DL,Jun-13,26,7,2013,NA,NA,NA,NA,NA,NA,NA,NA,NA,NA,NA,NA,NA,NA,NA,NA
295,DL,Jun-13,27,7,2013,NA,NA,NA,NA,NA,NA,NA,NA,NA,NA,NA,NA,NA,NA,NA,NA
296,DL,Jun-13,27,7,2013,NA,NA,NA,NA,NA,NA,NA,NA,NA,NA,NA,NA,NA,NA,NA,NA
297,DL,Jun-13,28,7,2013,NA,NA,NA,NA,NA,NA,NA,NA,NA,NA,NA,NA,NA,NA,NA,NA
298,DL,Jun-13,28,7,2013,NA,NA,NA,NA,NA,NA,NA,NA,NA,NA,NA,NA,NA,NA,NA,NA
299,DL,Jun-13,29,7,2013,NA,NA,NA,NA,NA,NA,NA,NA,NA,NA,NA,NA,NA,NA,NA,NA
300,DL,Jun-13,29,7,2013,NA,NA,NA,NA,NA,NA,NA,NA,NA,NA,NA,NA,NA,NA,NA,NA
301,DL,Jun-13,30,7,2013,NA,NA,NA,NA,NA,NA,NA,NA,NA,NA,NA,NA,NA,NA,NA,NA
302,DL,Jun-13,30,7,2013,NA,NA,NA,NA,NA,NA,NA,NA,NA,NA,NA,NA,NA,NA,NA,NA
303,DL,Jul-13,1,8,2013,NA,NA,NA,NA,NA,NA,NA,NA,NA,NA,NA,NA,NA,NA,NA,NA
304,DL,Jul-13,1,8,2013,NA,NA,NA,NA,NA,NA,NA,NA,NA,NA,NA,NA,NA,NA,NA,NA
305,DL,Jul-13,5,8,2013,NA,NA,NA,NA,NA,NA,NA,NA,NA,NA,NA,NA,NA,NA,NA,NA
306,DL,Jul-13,5,8,2013,NA,NA,NA,NA,NA,NA,NA,NA,NA,NA,NA,NA,NA,NA,NA,NA
307,DL,Jul-13,9,8,2013,NA,NA,NA,NA,NA,NA,NA,NA,NA,NA,NA,NA,NA,NA,NA,NA
308,DL,Jul-13,9,8,2013,NA,NA,NA,NA,NA,NA,NA,NA,NA,NA,NA,NA,NA,NA,NA,NA
309,DL,Jul-13,12,8,2013,NA,NA,NA,NA,NA,NA,NA,NA,NA,NA,NA,NA,NA,NA,NA,NA
310,DL,Jul-13,13,8,2013,NA,NA,NA,NA,NA,NA,NA,NA,NA,NA,NA,NA,NA,NA,NA,NA
311,DL,Jul-13,13,8,2013,NA,NA,NA,NA,NA,NA,NA,NA,NA,NA,NA,NA,NA,NA,NA,NA
312,DL,Jul-13,16,8,2013,14.7,17.4,0.049,0.077,3.4,12.5,116,14.5,0.083,0.96,59.2,50.2,2.5,8.8,NA,NA
313,DL,Jul-13,16,8,2013,NA,NA,NA,NA,NA,NA,NA,NA,NA,NA,NA,NA,NA,NA,NA,NA
314,DL,Jul-13,16,8,2013,NA,NA,NA,NA,NA,NA,NA,NA,NA,NA,NA,NA,NA,NA,NA,NA
315,DL,Jul-13,17,8,2013,NA,NA,NA,NA,NA,NA,NA,NA,NA,NA,NA,NA,NA,NA,NA,NA
316,DL,Jul-13,17,8,2013,NA,NA,NA,NA,NA,NA,NA,NA,NA,NA,NA,NA,NA,NA,NA,NA
317,DL,Jul-13,21,8,2013,NA,NA,NA,NA,NA,NA,NA,NA,NA,NA,NA,NA,NA,NA,NA,NA
318,DL,Jul-13,21,8,2013,NA,NA,NA,NA,NA,NA,NA,NA,NA,NA,NA,NA,NA,NA,NA,NA
319,DL,Jul-13,25,8,2013,NA,NA,NA,NA,NA,NA,NA,NA,NA,NA,NA,NA,NA,NA,NA,NA
320,DL,Jul-13,25,8,2013,NA,NA,NA,NA,NA,NA,NA,NA,NA,NA,NA,NA,NA,NA,NA,NA
321,DL,Jul-13,29,8,2013,NA,NA,NA,NA,NA,NA,NA,NA,NA,NA,NA,NA,NA,NA,NA,NA
322,DL,Jul-13,29,8,2013,NA,NA,NA,NA,NA,NA,NA,NA,NA,NA,NA,NA,NA,NA,NA,NA
323,DL,Aug-13,2,9,2013,NA,NA,NA,NA,NA,NA,NA,NA,NA,NA,NA,NA,NA,NA,NA,NA
324,DL,Aug-13,2,9,2013,NA,NA,NA,NA,NA,NA,NA,NA,NA,NA,NA,NA,NA,NA,NA,NA
325,DL,Aug-13,6,9,2013,NA,NA,NA,NA,NA,NA,NA,NA,NA,NA,NA,NA,NA,NA,NA,NA
326,DL,Aug-13,6,9,2013,NA,NA,NA,NA,NA,NA,NA,NA,NA,NA,NA,NA,NA,NA,NA,NA
327,DL,Aug-13,10,9,2013,NA,NA,NA,NA,NA,NA,NA,NA,NA,NA,NA,NA,NA,NA,NA,NA
328,DL,Aug-13,10,9,2013,NA,NA,NA,NA,NA,NA,NA,NA,NA,NA,NA,NA,NA,NA,NA,NA
329,DL,Aug-13,13,9,2013,13.2,13.3,0.035,0.046,5.5,9.4,76.3,8.3,0.06,0.6,29.3,17,3,5.6,NA,NA
330,DL,Aug-13,13,9,2013,NA,NA,NA,NA,NA,NA,NA,NA,NA,NA,NA,NA,NA,NA,NA,NA
331,DL,Aug-13,13,9,2013,NA,NA,NA,NA,NA,NA,NA,NA,NA,NA,NA,NA,NA,NA,NA,NA
332,DL,Aug-13,14,9,2013,NA,NA,NA,NA,NA,NA,NA,NA,NA,NA,NA,NA,NA,NA,NA,NA
333,DL,Aug-13,14,9,2013,NA,NA,NA,NA,NA,NA,NA,NA,NA,NA,NA,NA,NA,NA,NA,NA
334,DL,Aug-13,18,9,2013,NA,NA,NA,NA,NA,NA,NA,NA,NA,NA,NA,NA,NA,NA,NA,NA
335,DL,Aug-13,18,9,2013,NA,NA,NA,NA,NA,NA,NA,NA,NA,NA,NA,NA,NA,NA,NA,NA
336,DL,Aug-13,20,9,2013,NA,NA,NA,NA,NA,NA,NA,NA,NA,NA,NA,NA,NA,NA,NA,NA
337,DL,Aug-13,22,9,2013,NA,NA,NA,NA,NA,NA,NA,NA,NA,NA,NA,NA,NA,NA,NA,NA
338,DL,Aug-13,22,9,2013,NA,NA,NA,NA,NA,NA,NA,NA,NA,NA,NA,NA,NA,NA,NA,NA
339,DL,Aug-13,26,9,2013,NA,NA,NA,NA,NA,NA,NA,NA,NA,NA,NA,NA,NA,NA,NA,NA
340,DL,Aug-13,26,9,2013,NA,NA,NA,NA,NA,NA,NA,NA,NA,NA,NA,NA,NA,NA,NA,NA
341,DL,Aug-13,30,9,2013,NA,NA,NA,NA,NA,NA,NA,NA,NA,NA,NA,NA,NA,NA,NA,NA
342,DL,Aug-13,30,9,2013,NA,NA,NA,NA,NA,NA,NA,NA,NA,NA,NA,NA,NA,NA,NA,NA
343,DL,Sep-13,3,10,2013,NA,NA,NA,NA,NA,NA,NA,NA,NA,NA,NA,NA,NA,NA,NA,NA
344,DL,Sep-13,3,10,2013,NA,NA,NA,NA,NA,NA,NA,NA,NA,NA,NA,NA,NA,NA,NA,NA
345,DL,Sep-13,7,10,2013,NA,NA,NA,NA,NA,NA,NA,NA,NA,NA,NA,NA,NA,NA,NA,NA
346,DL,Sep-13,7,10,2013,NA,NA,NA,NA,NA,NA,NA,NA,NA,NA,NA,NA,NA,NA,NA,NA
347,DL,Sep-13,11,10,2013,NA,NA,NA,NA,NA,NA,NA,NA,NA,NA,NA,NA,NA,NA,NA,NA
348,DL,Sep-13,11,10,2013,NA,NA,NA,NA,NA,NA,NA,NA,NA,NA,NA,NA,NA,NA,NA,NA
349,DL,Sep-13,15,10,2013,NA,NA,NA,NA,NA,NA,NA,NA,NA,NA,NA,NA,NA,NA,NA,NA
350,DL,Sep-13,15,10,2013,NA,NA,NA,NA,NA,NA,NA,NA,NA,NA,NA,NA,NA,NA,NA,NA
351,DL,Sep-13,17,10,2013,NA,NA,NA,NA,NA,NA,NA,NA,NA,NA,NA,NA,NA,NA,NA,NA
352,DL,Sep-13,19,10,2013,NA,NA,NA,NA,NA,NA,NA,NA,NA,NA,NA,NA,NA,NA,NA,NA
353,DL,Sep-13,19,10,2013,NA,NA,NA,NA,NA,NA,NA,NA,NA,NA,NA,NA,NA,NA,NA,NA
354,DL,Sep-13,23,10,2013,NA,NA,NA,NA,NA,NA,NA,NA,NA,NA,NA,NA,NA,NA,NA,NA
355,DL,Sep-13,23,10,2013,NA,NA,NA,NA,NA,NA,NA,NA,NA,NA,NA,NA,NA,NA,NA,NA
356,DL,Sep-13,27,10,2013,NA,NA,NA,NA,NA,NA,NA,NA,NA,NA,NA,NA,NA,NA,NA,NA
357,DL,Sep-13,27,10,2013,NA,NA,NA,NA,NA,NA,NA,NA,NA,NA,NA,NA,NA,NA,NA,NA
358,DL,Jun-14,1,7,2014,NA,NA,NA,NA,NA,NA,NA,NA,NA,NA,NA,NA,NA,NA,NA,NA
359,DL,Jun-14,1,7,2014,NA,NA,NA,NA,NA,NA,NA,NA,NA,NA,NA,NA,NA,NA,NA,NA
360,DL,Jun-14,2,7,2014,NA,NA,NA,NA,NA,NA,NA,NA,NA,NA,NA,NA,NA,NA,NA,NA
361,DL,Jun-14,2,7,2014,NA,NA,NA,NA,NA,NA,NA,NA,NA,NA,NA,NA,NA,NA,NA,NA
362,DL,Jun-14,3,7,2014,NA,NA,NA,NA,NA,NA,NA,NA,NA,NA,NA,NA,NA,NA,NA,NA
363,DL,Jun-14,3,7,2014,NA,NA,NA,NA,NA,NA,NA,NA,NA,NA,NA,NA,NA,NA,NA,NA
364,DL,Jun-14,4,7,2014,NA,NA,NA,NA,NA,NA,NA,NA,NA,NA,NA,NA,NA,NA,NA,NA
365,DL,Jun-14,4,7,2014,NA,NA,NA,NA,NA,NA,NA,NA,NA,NA,NA,NA,NA,NA,NA,NA
366,DL,Jun-14,5,7,2014,NA,NA,NA,NA,NA,NA,NA,NA,NA,NA,NA,NA,NA,NA,NA,NA
367,DL,Jun-14,5,7,2014,NA,NA,NA,NA,NA,NA,NA,NA,NA,NA,NA,NA,NA,NA,NA,NA
368,DL,Jun-14,6,7,2014,NA,NA,NA,NA,NA,NA,NA,NA,NA,NA,NA,NA,NA,NA,NA,NA
369,DL,Jun-14,6,7,2014,NA,NA,NA,NA,NA,NA,NA,NA,NA,NA,NA,NA,NA,NA,NA,NA
370,DL,Jun-14,7,7,2014,NA,NA,NA,NA,NA,NA,NA,NA,NA,NA,NA,NA,NA,NA,NA,NA
371,DL,Jun-14,7,7,2014,NA,NA,NA,NA,NA,NA,NA,NA,NA,NA,NA,NA,NA,NA,NA,NA
372,DL,Jun-14,8,7,2014,NA,NA,NA,NA,NA,NA,NA,NA,NA,NA,NA,NA,NA,NA,NA,NA
373,DL,Jun-14,8,7,2014,NA,NA,NA,NA,NA,NA,NA,NA,NA,NA,NA,NA,NA,NA,NA,NA
374,DL,Jun-14,9,7,2014,NA,NA,NA,NA,NA,NA,NA,NA,NA,NA,NA,NA,NA,NA,NA,NA
375,DL,Jun-14,9,7,2014,NA,NA,NA,NA,NA,NA,NA,NA,NA,NA,NA,NA,NA,NA,NA,NA
376,DL,Jun-14,10,7,2014,NA,NA,NA,NA,NA,NA,NA,NA,NA,NA,NA,NA,NA,NA,NA,NA
377,DL,Jun-14,10,7,2014,NA,NA,NA,NA,NA,NA,NA,NA,NA,NA,NA,NA,NA,NA,NA,NA
378,DL,Jun-14,10,7,2014,14.4,22.5,0.065,0.215,8.9,62.6,787,20.2,0.195,6.58,101,19.7,4.4,37.1,NA,NA
379,DL,Jun-14,10,7,2014,NA,NA,NA,NA,NA,NA,NA,NA,NA,NA,NA,NA,NA,NA,NA,NA
380,DL,Jun-14,10,7,2014,NA,NA,NA,NA,NA,NA,NA,NA,NA,NA,NA,NA,NA,NA,NA,NA
381,DL,Jun-14,11,7,2014,NA,NA,NA,NA,NA,NA,NA,NA,NA,NA,NA,NA,NA,NA,NA,NA
382,DL,Jun-14,11,7,2014,NA,NA,NA,NA,NA,NA,NA,NA,NA,NA,NA,NA,NA,NA,NA,NA
383,DL,Jun-14,12,7,2014,NA,NA,NA,NA,NA,NA,NA,NA,NA,NA,NA,NA,NA,NA,NA,NA
384,DL,Jun-14,12,7,2014,NA,NA,NA,NA,NA,NA,NA,NA,NA,NA,NA,NA,NA,NA,NA,NA
385,DL,Jun-14,13,7,2014,NA,NA,NA,NA,NA,NA,NA,NA,NA,NA,NA,NA,NA,NA,NA,NA
386,DL,Jun-14,13,7,2014,NA,NA,NA,NA,NA,NA,NA,NA,NA,NA,NA,NA,NA,NA,NA,NA
387,DL,Jun-14,14,7,2014,NA,NA,NA,NA,NA,NA,NA,NA,NA,NA,NA,NA,NA,NA,NA,NA
388,DL,Jun-14,14,7,2014,NA,NA,NA,NA,NA,NA,NA,NA,NA,NA,NA,NA,NA,NA,NA,NA
389,DL,Jun-14,15,7,2014,NA,NA,NA,NA,NA,NA,NA,NA,NA,NA,NA,NA,NA,NA,NA,NA
390,DL,Jun-14,15,7,2014,NA,NA,NA,NA,NA,NA,NA,NA,NA,NA,NA,NA,NA,NA,NA,NA
391,DL,Jun-14,16,7,2014,NA,NA,NA,NA,NA,NA,NA,NA,NA,NA,NA,NA,NA,NA,NA,NA
392,DL,Jun-14,16,7,2014,NA,NA,NA,NA,NA,NA,NA,NA,NA,NA,NA,NA,NA,NA,NA,NA
393,DL,Jun-14,17,7,2014,NA,NA,NA,NA,NA,NA,NA,NA,NA,NA,NA,NA,NA,NA,NA,NA
394,DL,Jun-14,17,7,2014,NA,NA,NA,NA,NA,NA,NA,NA,NA,NA,NA,NA,NA,NA,NA,NA
395,DL,Jun-14,18,7,2014,NA,NA,NA,NA,NA,NA,NA,NA,NA,NA,NA,NA,NA,NA,NA,NA
396,DL,Jun-14,18,7,2014,NA,NA,NA,NA,NA,NA,NA,NA,NA,NA,NA,NA,NA,NA,NA,NA
397,DL,Jun-14,19,7,2014,NA,NA,NA,NA,NA,NA,NA,NA,NA,NA,NA,NA,NA,NA,NA,NA
398,DL,Jun-14,19,7,2014,NA,NA,NA,NA,NA,NA,NA,NA,NA,NA,NA,NA,NA,NA,NA,NA
399,DL,Jun-14,20,7,2014,NA,NA,NA,NA,NA,NA,NA,NA,NA,NA,NA,NA,NA,NA,NA,NA
400,DL,Jun-14,20,7,2014,NA,NA,NA,NA,NA,NA,NA,NA,NA,NA,NA,NA,NA,NA,NA,NA
401,DL,Jun-14,21,7,2014,NA,NA,NA,NA,NA,NA,NA,NA,NA,NA,NA,NA,NA,NA,NA,NA
402,DL,Jun-14,21,7,2014,NA,NA,NA,NA,NA,NA,NA,NA,NA,NA,NA,NA,NA,NA,NA,NA
403,DL,Jun-14,22,7,2014,NA,NA,NA,NA,NA,NA,NA,NA,NA,NA,NA,NA,NA,NA,NA,NA
404,DL,Jun-14,22,7,2014,NA,NA,NA,NA,NA,NA,NA,NA,NA,NA,NA,NA,NA,NA,NA,NA
405,DL,Jun-14,23,7,2014,NA,NA,NA,NA,NA,NA,NA,NA,NA,NA,NA,NA,NA,NA,NA,NA
406,DL,Jun-14,23,7,2014,NA,NA,NA,NA,NA,NA,NA,NA,NA,NA,NA,NA,NA,NA,NA,NA
407,DL,Jun-14,24,7,2014,NA,NA,NA,NA,NA,NA,NA,NA,NA,NA,NA,NA,NA,NA,NA,NA
408,DL,Jun-14,24,7,2014,NA,NA,NA,NA,NA,NA,NA,NA,NA,NA,NA,NA,NA,NA,NA,NA
409,DL,Jun-14,25,7,2014,NA,NA,NA,NA,NA,NA,NA,NA,NA,NA,NA,NA,NA,NA,NA,NA
410,DL,Jun-14,25,7,2014,NA,NA,NA,NA,NA,NA,NA,NA,NA,NA,NA,NA,NA,NA,NA,NA
411,DL,Jun-14,26,7,2014,NA,NA,NA,NA,NA,NA,NA,NA,NA,NA,NA,NA,NA,NA,NA,NA
412,DL,Jun-14,26,7,2014,NA,NA,NA,NA,NA,NA,NA,NA,NA,NA,NA,NA,NA,NA,NA,NA
413,DL,Jun-14,27,7,2014,NA,NA,NA,NA,NA,NA,NA,NA,NA,NA,NA,NA,NA,NA,NA,NA
414,DL,Jun-14,27,7,2014,NA,NA,NA,NA,NA,NA,NA,NA,NA,NA,NA,NA,NA,NA,NA,NA
415,DL,Jun-14,28,7,2014,NA,NA,NA,NA,NA,NA,NA,NA,NA,NA,NA,NA,NA,NA,NA,NA
416,DL,Jun-14,28,7,2014,NA,NA,NA,NA,NA,NA,NA,NA,NA,NA,NA,NA,NA,NA,NA,NA
417,DL,Jun-14,29,7,2014,NA,NA,NA,NA,NA,NA,NA,NA,NA,NA,NA,NA,NA,NA,NA,NA
418,DL,Jun-14,29,7,2014,NA,NA,NA,NA,NA,NA,NA,NA,NA,NA,NA,NA,NA,NA,NA,NA
419,DL,Jun-14,30,7,2014,NA,NA,NA,NA,NA,NA,NA,NA,NA,NA,NA,NA,NA,NA,NA,NA
420,DL,Jun-14,30,7,2014,NA,NA,NA,NA,NA,NA,NA,NA,NA,NA,NA,NA,NA,NA,NA,NA
421,DL,Jul-14,1,8,2014,NA,NA,NA,NA,NA,NA,NA,NA,NA,NA,NA,NA,NA,NA,NA,NA
422,DL,Jul-14,1,8,2014,NA,NA,NA,NA,NA,NA,NA,NA,NA,NA,NA,NA,NA,NA,NA,NA
423,DL,Jul-14,2,8,2014,NA,NA,NA,NA,NA,NA,NA,NA,NA,NA,NA,NA,NA,NA,NA,NA
424,DL,Jul-14,2,8,2014,NA,NA,NA,NA,NA,NA,NA,NA,NA,NA,NA,NA,NA,NA,NA,NA
425,DL,Jul-14,3,8,2014,NA,NA,NA,NA,NA,NA,NA,NA,NA,NA,NA,NA,NA,NA,NA,NA
426,DL,Jul-14,3,8,2014,NA,NA,NA,NA,NA,NA,NA,NA,NA,NA,NA,NA,NA,NA,NA,NA
427,DL,Jul-14,5,8,2014,NA,NA,NA,NA,NA,NA,NA,NA,NA,NA,NA,NA,NA,NA,NA,NA
428,DL,Jul-14,5,8,2014,NA,NA,NA,NA,NA,NA,NA,NA,NA,NA,NA,NA,NA,NA,NA,NA
429,DL,Jul-14,6,8,2014,NA,NA,NA,NA,NA,NA,NA,NA,NA,NA,NA,NA,NA,NA,NA,NA
430,DL,Jul-14,6,8,2014,NA,NA,NA,NA,NA,NA,NA,NA,NA,NA,NA,NA,NA,NA,NA,NA
431,DL,Jul-14,7,8,2014,NA,NA,NA,NA,NA,NA,NA,NA,NA,NA,NA,NA,NA,NA,NA,NA
432,DL,Jul-14,7,8,2014,NA,NA,NA,NA,NA,NA,NA,NA,NA,NA,NA,NA,NA,NA,NA,NA
433,DL,Jul-14,8,8,2014,NA,NA,NA,NA,NA,NA,NA,NA,NA,NA,NA,NA,NA,NA,NA,NA
434,DL,Jul-14,8,8,2014,NA,NA,NA,NA,NA,NA,NA,NA,NA,NA,NA,NA,NA,NA,NA,NA
435,DL,Jul-14,9,8,2014,NA,NA,NA,NA,NA,NA,NA,NA,NA,NA,NA,NA,NA,NA,NA,NA
436,DL,Jul-14,9,8,2014,NA,NA,NA,NA,NA,NA,NA,NA,NA,NA,NA,NA,NA,NA,NA,NA
437,DL,Jul-14,10,8,2014,NA,NA,NA,NA,NA,NA,NA,NA,NA,NA,NA,NA,NA,NA,NA,NA
438,DL,Jul-14,10,8,2014,NA,NA,NA,NA,NA,NA,NA,NA,NA,NA,NA,NA,NA,NA,NA,NA
439,DL,Jul-14,11,8,2014,NA,NA,NA,NA,NA,NA,NA,NA,NA,NA,NA,NA,NA,NA,NA,NA
440,DL,Jul-14,11,8,2014,NA,NA,NA,NA,NA,NA,NA,NA,NA,NA,NA,NA,NA,NA,NA,NA
441,DL,Jul-14,12,8,2014,NA,NA,NA,NA,NA,NA,NA,NA,NA,NA,NA,NA,NA,NA,NA,NA
442,DL,Jul-14,12,8,2014,NA,NA,NA,NA,NA,NA,NA,NA,NA,NA,NA,NA,NA,NA,NA,NA
443,DL,Jul-14,13,8,2014,NA,NA,NA,NA,NA,NA,NA,NA,NA,NA,NA,NA,NA,NA,NA,NA
444,DL,Jul-14,13,8,2014,NA,NA,NA,NA,NA,NA,NA,NA,NA,NA,NA,NA,NA,NA,NA,NA
445,DL,Jul-14,14,8,2014,NA,NA,NA,NA,NA,NA,NA,NA,NA,NA,NA,NA,NA,NA,NA,NA
446,DL,Jul-14,14,8,2014,NA,NA,NA,NA,NA,NA,NA,NA,NA,NA,NA,NA,NA,NA,NA,NA
447,DL,Jul-14,15,8,2014,17.7,19.8,0.059,0.074,7.4,15.1,140,22.2,0.199,1.24,47.1,33.4,3.5,8.6,NA,NA
448,DL,Jul-14,15,8,2014,NA,NA,NA,NA,NA,NA,NA,NA,NA,NA,NA,NA,NA,NA,NA,NA
449,DL,Jul-14,15,8,2014,NA,NA,NA,NA,NA,NA,NA,NA,NA,NA,NA,NA,NA,NA,NA,NA
450,DL,Jul-14,15,8,2014,NA,NA,NA,NA,NA,NA,NA,NA,NA,NA,NA,NA,NA,NA,NA,NA
451,DL,Jul-14,15,8,2014,NA,NA,NA,NA,NA,NA,NA,NA,NA,NA,NA,NA,NA,NA,NA,NA
452,DL,Jul-14,16,8,2014,NA,NA,NA,NA,NA,NA,NA,NA,NA,NA,NA,NA,NA,NA,NA,NA
453,DL,Jul-14,16,8,2014,NA,NA,NA,NA,NA,NA,NA,NA,NA,NA,NA,NA,NA,NA,NA,NA
454,DL,Jul-14,17,8,2014,NA,NA,NA,NA,NA,NA,NA,NA,NA,NA,NA,NA,NA,NA,NA,NA
455,DL,Jul-14,17,8,2014,NA,NA,NA,NA,NA,NA,NA,NA,NA,NA,NA,NA,NA,NA,NA,NA
456,DL,Jul-14,18,8,2014,NA,NA,NA,NA,NA,NA,NA,NA,NA,NA,NA,NA,NA,NA,NA,NA
457,DL,Jul-14,18,8,2014,NA,NA,NA,NA,NA,NA,NA,NA,NA,NA,NA,NA,NA,NA,NA,NA
458,DL,Jul-14,19,8,2014,NA,NA,NA,NA,NA,NA,NA,NA,NA,NA,NA,NA,NA,NA,NA,NA
459,DL,Jul-14,19,8,2014,NA,NA,NA,NA,NA,NA,NA,NA,NA,NA,NA,NA,NA,NA,NA,NA
460,DL,Jul-14,20,8,2014,NA,NA,NA,NA,NA,NA,NA,NA,NA,NA,NA,NA,NA,NA,NA,NA
461,DL,Jul-14,20,8,2014,NA,NA,NA,NA,NA,NA,NA,NA,NA,NA,NA,NA,NA,NA,NA,NA
462,DL,Jul-14,21,8,2014,NA,NA,NA,NA,NA,NA,NA,NA,NA,NA,NA,NA,NA,NA,NA,NA
463,DL,Jul-14,21,8,2014,NA,NA,NA,NA,NA,NA,NA,NA,NA,NA,NA,NA,NA,NA,NA,NA
464,DL,Jul-14,22,8,2014,NA,NA,NA,NA,NA,NA,NA,NA,NA,NA,NA,NA,NA,NA,NA,NA
465,DL,Jul-14,22,8,2014,NA,NA,NA,NA,NA,NA,NA,NA,NA,NA,NA,NA,NA,NA,NA,NA
466,DL,Jul-14,23,8,2014,NA,NA,NA,NA,NA,NA,NA,NA,NA,NA,NA,NA,NA,NA,NA,NA
467,DL,Jul-14,23,8,2014,NA,NA,NA,NA,NA,NA,NA,NA,NA,NA,NA,NA,NA,NA,NA,NA
468,DL,Jul-14,24,8,2014,NA,NA,NA,NA,NA,NA,NA,NA,NA,NA,NA,NA,NA,NA,NA,NA
469,DL,Jul-14,24,8,2014,NA,NA,NA,NA,NA,NA,NA,NA,NA,NA,NA,NA,NA,NA,NA,NA
470,DL,Jul-14,25,8,2014,NA,NA,NA,NA,NA,NA,NA,NA,NA,NA,NA,NA,NA,NA,NA,NA
471,DL,Jul-14,25,8,2014,NA,NA,NA,NA,NA,NA,NA,NA,NA,NA,NA,NA,NA,NA,NA,NA
472,DL,Jul-14,26,8,2014,NA,NA,NA,NA,NA,NA,NA,NA,NA,NA,NA,NA,NA,NA,NA,NA
473,DL,Jul-14,26,8,2014,NA,NA,NA,NA,NA,NA,NA,NA,NA,NA,NA,NA,NA,NA,NA,NA
474,DL,Jul-14,27,8,2014,NA,NA,NA,NA,NA,NA,NA,NA,NA,NA,NA,NA,NA,NA,NA,NA
475,DL,Jul-14,27,8,2014,NA,NA,NA,NA,NA,NA,NA,NA,NA,NA,NA,NA,NA,NA,NA,NA
476,DL,Jul-14,28,8,2014,NA,NA,NA,NA,NA,NA,NA,NA,NA,NA,NA,NA,NA,NA,NA,NA
477,DL,Jul-14,28,8,2014,NA,NA,NA,NA,NA,NA,NA,NA,NA,NA,NA,NA,NA,NA,NA,NA
478,DL,Jul-14,29,8,2014,NA,NA,NA,NA,NA,NA,NA,NA,NA,NA,NA,NA,NA,NA,NA,NA
479,DL,Jul-14,29,8,2014,NA,NA,NA,NA,NA,NA,NA,NA,NA,NA,NA,NA,NA,NA,NA,NA
480,DL,Jul-14,30,8,2014,NA,NA,NA,NA,NA,NA,NA,NA,NA,NA,NA,NA,NA,NA,NA,NA
481,DL,Jul-14,30,8,2014,NA,NA,NA,NA,NA,NA,NA,NA,NA,NA,NA,NA,NA,NA,NA,NA
482,DL,Jul-14,31,8,2014,NA,NA,NA,NA,NA,NA,NA,NA,NA,NA,NA,NA,NA,NA,NA,NA
483,DL,Jul-14,31,8,2014,NA,NA,NA,NA,NA,NA,NA,NA,NA,NA,NA,NA,NA,NA,NA,NA
484,DL,Aug-14,1,9,2014,NA,NA,NA,NA,NA,NA,NA,NA,NA,NA,NA,NA,NA,NA,NA,NA
485,DL,Aug-14,1,9,2014,NA,NA,NA,NA,NA,NA,NA,NA,NA,NA,NA,NA,NA,NA,NA,NA
486,DL,Aug-14,5,9,2014,NA,NA,NA,NA,NA,NA,NA,NA,NA,NA,NA,NA,NA,NA,NA,NA
487,DL,Aug-14,5,9,2014,NA,NA,NA,NA,NA,NA,NA,NA,NA,NA,NA,NA,NA,NA,NA,NA
488,DL,Aug-14,9,9,2014,NA,NA,NA,NA,NA,NA,NA,NA,NA,NA,NA,NA,NA,NA,NA,NA
489,DL,Aug-14,9,9,2014,NA,NA,NA,NA,NA,NA,NA,NA,NA,NA,NA,NA,NA,NA,NA,NA
490,DL,Aug-14,12,9,2014,16.8,17.7,0.048,0.06,7,11.8,82.6,13.6,0.121,0.78,34.8,14.6,2.7,6.5,NA,NA
491,DL,Aug-14,12,9,2014,NA,NA,NA,NA,NA,NA,NA,NA,NA,NA,NA,NA,NA,NA,NA,NA
492,DL,Aug-14,12,9,2014,NA,NA,NA,NA,NA,NA,NA,NA,NA,NA,NA,NA,NA,NA,NA,NA
493,DL,Aug-14,13,9,2014,NA,NA,NA,NA,NA,NA,NA,NA,NA,NA,NA,NA,NA,NA,NA,NA
494,DL,Aug-14,13,9,2014,NA,NA,NA,NA,NA,NA,NA,NA,NA,NA,NA,NA,NA,NA,NA,NA
495,DL,Aug-14,17,9,2014,NA,NA,NA,NA,NA,NA,NA,NA,NA,NA,NA,NA,NA,NA,NA,NA
496,DL,Aug-14,17,9,2014,NA,NA,NA,NA,NA,NA,NA,NA,NA,NA,NA,NA,NA,NA,NA,NA
497,DL,Aug-14,21,9,2014,NA,NA,NA,NA,NA,NA,NA,NA,NA,NA,NA,NA,NA,NA,NA,NA
498,DL,Aug-14,21,9,2014,NA,NA,NA,NA,NA,NA,NA,NA,NA,NA,NA,NA,NA,NA,NA,NA
499,DL,Aug-14,25,9,2014,NA,NA,NA,NA,NA,NA,NA,NA,NA,NA,NA,NA,NA,NA,NA,NA
500,DL,Aug-14,25,9,2014,NA,NA,NA,NA,NA,NA,NA,NA,NA,NA,NA,NA,NA,NA,NA,NA
501,DL,Aug-14,29,9,2014,NA,NA,NA,NA,NA,NA,NA,NA,NA,NA,NA,NA,NA,NA,NA,NA
502,DL,Aug-14,29,9,2014,NA,NA,NA,NA,NA,NA,NA,NA,NA,NA,NA,NA,NA,NA,NA,NA
503,DL,Sep-14,1,10,2014,NA,NA,NA,NA,NA,NA,NA,NA,NA,NA,NA,NA,NA,NA,NA,NA
504,DL,Sep-14,1,10,2014,NA,NA,NA,NA,NA,NA,NA,NA,NA,NA,NA,NA,NA,NA,NA,NA
505,DL,Sep-14,5,10,2014,NA,NA,NA,NA,NA,NA,NA,NA,NA,NA,NA,NA,NA,NA,NA,NA
506,DL,Sep-14,5,10,2014,NA,NA,NA,NA,NA,NA,NA,NA,NA,NA,NA,NA,NA,NA,NA,NA
507,DL,Sep-14,9,10,2014,NA,NA,NA,NA,NA,NA,NA,NA,NA,NA,NA,NA,NA,NA,NA,NA
508,DL,Sep-14,9,10,2014,NA,NA,NA,NA,NA,NA,NA,NA,NA,NA,NA,NA,NA,NA,NA,NA
509,DL,Sep-14,13,10,2014,NA,NA,NA,NA,NA,NA,NA,NA,NA,NA,NA,NA,NA,NA,NA,NA
510,DL,Sep-14,13,10,2014,NA,NA,NA,NA,NA,NA,NA,NA,NA,NA,NA,NA,NA,NA,NA,NA
511,DL,Sep-14,17,10,2014,NA,NA,NA,NA,NA,NA,NA,NA,NA,NA,NA,NA,NA,NA,NA,NA
512,DL,Sep-14,17,10,2014,NA,NA,NA,NA,NA,NA,NA,NA,NA,NA,NA,NA,NA,NA,NA,NA
513,DL,Sep-14,21,10,2014,NA,NA,NA,NA,NA,NA,NA,NA,NA,NA,NA,NA,NA,NA,NA,NA
514,DL,Sep-14,21,10,2014,NA,NA,NA,NA,NA,NA,NA,NA,NA,NA,NA,NA,NA,NA,NA,NA
515,DL,Sep-14,25,10,2014,NA,NA,NA,NA,NA,NA,NA,NA,NA,NA,NA,NA,NA,NA,NA,NA
516,DL,Sep-14,25,10,2014,NA,NA,NA,NA,NA,NA,NA,NA,NA,NA,NA,NA,NA,NA,NA,NA
517,DL,Sep-14,30,10,2014,NA,NA,NA,NA,NA,NA,NA,NA,NA,NA,NA,NA,NA,NA,NA,NA
518,DL,Sep-14,30,10,2014,NA,NA,NA,NA,NA,NA,NA,NA,NA,NA,NA,NA,NA,NA,NA,NA
519,DL,Jun-15,2,7,2015,NA,NA,NA,NA,NA,NA,NA,NA,NA,NA,NA,NA,NA,NA,NA,NA
520,DL,Jun-15,2,7,2015,NA,NA,NA,NA,NA,NA,NA,NA,NA,NA,NA,NA,NA,NA,NA,NA
521,DL,Jun-15,3,7,2015,NA,NA,NA,NA,NA,NA,NA,NA,NA,NA,NA,NA,NA,NA,NA,NA
522,DL,Jun-15,3,7,2015,NA,NA,NA,NA,NA,NA,NA,NA,NA,NA,NA,NA,NA,NA,NA,NA
523,DL,Jun-15,4,7,2015,NA,NA,NA,NA,NA,NA,NA,NA,NA,NA,NA,NA,NA,NA,NA,NA
524,DL,Jun-15,4,7,2015,NA,NA,NA,NA,NA,NA,NA,NA,NA,NA,NA,NA,NA,NA,NA,NA
525,DL,Jun-15,5,7,2015,NA,NA,NA,NA,NA,NA,NA,NA,NA,NA,NA,NA,NA,NA,NA,NA
526,DL,Jun-15,5,7,2015,NA,NA,NA,NA,NA,NA,NA,NA,NA,NA,NA,NA,NA,NA,NA,NA
527,DL,Jun-15,6,7,2015,NA,NA,NA,NA,NA,NA,NA,NA,NA,NA,NA,NA,NA,NA,NA,NA
528,DL,Jun-15,6,7,2015,NA,NA,NA,NA,NA,NA,NA,NA,NA,NA,NA,NA,NA,NA,NA,NA
529,DL,Jun-15,7,7,2015,NA,NA,NA,NA,NA,NA,NA,NA,NA,NA,NA,NA,NA,NA,NA,NA
530,DL,Jun-15,7,7,2015,NA,NA,NA,NA,NA,NA,NA,NA,NA,NA,NA,NA,NA,NA,NA,NA
531,DL,Jun-15,8,7,2015,NA,NA,NA,NA,NA,NA,NA,NA,NA,NA,NA,NA,NA,NA,NA,NA
532,DL,Jun-15,8,7,2015,NA,NA,NA,NA,NA,NA,NA,NA,NA,NA,NA,NA,NA,NA,NA,NA
533,DL,Jun-15,9,7,2015,17.3,24.1,0.069,0.24,10.9,57.9,824,25.1,0.243,7.08,83.1,18.6,5.1,42,NA,NA
534,DL,Jun-15,9,7,2015,NA,NA,NA,NA,NA,NA,NA,NA,NA,NA,NA,NA,NA,NA,NA,NA
535,DL,Jun-15,9,7,2015,NA,NA,NA,NA,NA,NA,NA,NA,NA,NA,NA,NA,NA,NA,NA,NA
536,DL,Jun-15,9,7,2015,NA,NA,NA,NA,NA,NA,NA,NA,NA,NA,NA,NA,NA,NA,NA,NA
537,DL,Jun-15,9,7,2015,NA,NA,NA,NA,NA,NA,NA,NA,NA,NA,NA,NA,NA,NA,NA,NA
538,DL,Jun-15,10,7,2015,NA,NA,NA,NA,NA,NA,NA,NA,NA,NA,NA,NA,NA,NA,NA,NA
539,DL,Jun-15,10,7,2015,NA,NA,NA,NA,NA,NA,NA,NA,NA,NA,NA,NA,NA,NA,NA,NA
540,DL,Jun-15,11,7,2015,NA,NA,NA,NA,NA,NA,NA,NA,NA,NA,NA,NA,NA,NA,NA,NA
541,DL,Jun-15,11,7,2015,NA,NA,NA,NA,NA,NA,NA,NA,NA,NA,NA,NA,NA,NA,NA,NA
542,DL,Jun-15,12,7,2015,NA,NA,NA,NA,NA,NA,NA,NA,NA,NA,NA,NA,NA,NA,NA,NA
543,DL,Jun-15,12,7,2015,NA,NA,NA,NA,NA,NA,NA,NA,NA,NA,NA,NA,NA,NA,NA,NA
544,DL,Jun-15,17,7,2015,NA,NA,NA,NA,NA,NA,NA,NA,NA,NA,NA,NA,NA,NA,NA,NA
545,DL,Jun-15,17,7,2015,NA,NA,NA,NA,NA,NA,NA,NA,NA,NA,NA,NA,NA,NA,NA,NA
546,DL,Jun-15,18,7,2015,NA,NA,NA,NA,NA,NA,NA,NA,NA,NA,NA,NA,NA,NA,NA,NA
547,DL,Jun-15,18,7,2015,NA,NA,NA,NA,NA,NA,NA,NA,NA,NA,NA,NA,NA,NA,NA,NA
548,DL,Jun-15,19,7,2015,NA,NA,NA,NA,NA,NA,NA,NA,NA,NA,NA,NA,NA,NA,NA,NA
549,DL,Jun-15,19,7,2015,NA,NA,NA,NA,NA,NA,NA,NA,NA,NA,NA,NA,NA,NA,NA,NA
550,DL,Jun-15,20,7,2015,NA,NA,NA,NA,NA,NA,NA,NA,NA,NA,NA,NA,NA,NA,NA,NA
551,DL,Jun-15,20,7,2015,NA,NA,NA,NA,NA,NA,NA,NA,NA,NA,NA,NA,NA,NA,NA,NA
552,DL,Jun-15,22,7,2015,NA,NA,NA,NA,NA,NA,NA,NA,NA,NA,NA,NA,NA,NA,NA,NA
553,DL,Jun-15,22,7,2015,NA,NA,NA,NA,NA,NA,NA,NA,NA,NA,NA,NA,NA,NA,NA,NA
554,DL,Jun-15,23,7,2015,NA,NA,NA,NA,NA,NA,NA,NA,NA,NA,NA,NA,NA,NA,NA,NA
555,DL,Jun-15,23,7,2015,NA,NA,NA,NA,NA,NA,NA,NA,NA,NA,NA,NA,NA,NA,NA,NA
556,DL,Jun-15,25,7,2015,NA,NA,NA,NA,NA,NA,NA,NA,NA,NA,NA,NA,NA,NA,NA,NA
557,DL,Jun-15,25,7,2015,NA,NA,NA,NA,NA,NA,NA,NA,NA,NA,NA,NA,NA,NA,NA,NA
558,DL,Jun-15,28,7,2015,NA,NA,NA,NA,NA,NA,NA,NA,NA,NA,NA,NA,NA,NA,NA,NA
559,DL,Jun-15,28,7,2015,NA,NA,NA,NA,NA,NA,NA,NA,NA,NA,NA,NA,NA,NA,NA,NA
560,DL,Jun-15,30,7,2015,NA,NA,NA,NA,NA,NA,NA,NA,NA,NA,NA,NA,NA,NA,NA,NA
561,DL,Jun-15,30,7,2015,NA,NA,NA,NA,NA,NA,NA,NA,NA,NA,NA,NA,NA,NA,NA,NA
562,DL,Jul-15,2,8,2015,NA,NA,NA,NA,NA,NA,NA,NA,NA,NA,NA,NA,NA,NA,NA,NA
563,DL,Jul-15,2,8,2015,NA,NA,NA,NA,NA,NA,NA,NA,NA,NA,NA,NA,NA,NA,NA,NA
564,DL,Jul-15,4,8,2015,NA,NA,NA,NA,NA,NA,NA,NA,NA,NA,NA,NA,NA,NA,NA,NA
565,DL,Jul-15,4,8,2015,NA,NA,NA,NA,NA,NA,NA,NA,NA,NA,NA,NA,NA,NA,NA,NA
566,DL,Jul-15,6,8,2015,NA,NA,NA,NA,NA,NA,NA,NA,NA,NA,NA,NA,NA,NA,NA,NA
567,DL,Jul-15,6,8,2015,NA,NA,NA,NA,NA,NA,NA,NA,NA,NA,NA,NA,NA,NA,NA,NA
568,DL,Jul-15,8,8,2015,NA,NA,NA,NA,NA,NA,NA,NA,NA,NA,NA,NA,NA,NA,NA,NA
569,DL,Jul-15,8,8,2015,NA,NA,NA,NA,NA,NA,NA,NA,NA,NA,NA,NA,NA,NA,NA,NA
570,DL,Jul-15,9,8,2015,NA,NA,NA,NA,NA,NA,NA,NA,NA,NA,NA,NA,NA,NA,NA,NA
571,DL,Jul-15,9,8,2015,NA,NA,NA,NA,NA,NA,NA,NA,NA,NA,NA,NA,NA,NA,NA,NA
572,DL,Jul-15,10,8,2015,NA,NA,NA,NA,NA,NA,NA,NA,NA,NA,NA,NA,NA,NA,NA,NA
573,DL,Jul-15,10,8,2015,NA,NA,NA,NA,NA,NA,NA,NA,NA,NA,NA,NA,NA,NA,NA,NA
574,DL,Jul-15,11,8,2015,NA,NA,NA,NA,NA,NA,NA,NA,NA,NA,NA,NA,NA,NA,NA,NA
575,DL,Jul-15,11,8,2015,NA,NA,NA,NA,NA,NA,NA,NA,NA,NA,NA,NA,NA,NA,NA,NA
576,DL,Jul-15,12,8,2015,NA,NA,NA,NA,NA,NA,NA,NA,NA,NA,NA,NA,NA,NA,NA,NA
577,DL,Jul-15,12,8,2015,NA,NA,NA,NA,NA,NA,NA,NA,NA,NA,NA,NA,NA,NA,NA,NA
578,DL,Jul-15,13,8,2015,NA,NA,NA,NA,NA,NA,NA,NA,NA,NA,NA,NA,NA,NA,NA,NA
579,DL,Jul-15,13,8,2015,NA,NA,NA,NA,NA,NA,NA,NA,NA,NA,NA,NA,NA,NA,NA,NA
580,DL,Jul-15,14,8,2015,15.7,16.8,0.046,0.05,6.9,12.4,96.6,8.1,0.103,0.88,28.1,17.4,2.7,7,NA,NA
581,DL,Jul-15,14,8,2015,NA,NA,NA,NA,NA,NA,NA,NA,NA,NA,NA,NA,NA,NA,NA,NA
582,DL,Jul-15,14,8,2015,NA,NA,NA,NA,NA,NA,NA,NA,NA,NA,NA,NA,NA,NA,NA,NA
583,DL,Jul-15,14,8,2015,NA,NA,NA,NA,NA,NA,NA,NA,NA,NA,NA,NA,NA,NA,NA,NA
584,DL,Jul-15,14,8,2015,NA,NA,NA,NA,NA,NA,NA,NA,NA,NA,NA,NA,NA,NA,NA,NA
585,DL,Jul-15,15,8,2015,NA,NA,NA,NA,NA,NA,NA,NA,NA,NA,NA,NA,NA,NA,NA,NA
586,DL,Jul-15,15,8,2015,NA,NA,NA,NA,NA,NA,NA,NA,NA,NA,NA,NA,NA,NA,NA,NA
587,DL,Jul-15,17,8,2015,NA,NA,NA,NA,NA,NA,NA,NA,NA,NA,NA,NA,NA,NA,NA,NA
588,DL,Jul-15,17,8,2015,NA,NA,NA,NA,NA,NA,NA,NA,NA,NA,NA,NA,NA,NA,NA,NA
589,DL,Jul-15,18,8,2015,NA,NA,NA,NA,NA,NA,NA,NA,NA,NA,NA,NA,NA,NA,NA,NA
590,DL,Jul-15,18,8,2015,NA,NA,NA,NA,NA,NA,NA,NA,NA,NA,NA,NA,NA,NA,NA,NA
591,DL,Jul-15,19,8,2015,NA,NA,NA,NA,NA,NA,NA,NA,NA,NA,NA,NA,NA,NA,NA,NA
592,DL,Jul-15,19,8,2015,NA,NA,NA,NA,NA,NA,NA,NA,NA,NA,NA,NA,NA,NA,NA,NA
593,DL,Jul-15,28,8,2015,NA,NA,NA,NA,NA,NA,NA,NA,NA,NA,NA,NA,NA,NA,NA,NA
594,DL,Jul-15,28,8,2015,NA,NA,NA,NA,NA,NA,NA,NA,NA,NA,NA,NA,NA,NA,NA,NA
595,DL,Aug-15,4,9,2015,NA,NA,NA,NA,NA,NA,NA,NA,NA,NA,NA,NA,NA,NA,NA,NA
596,DL,Aug-15,4,9,2015,NA,NA,NA,NA,NA,NA,NA,NA,NA,NA,NA,NA,NA,NA,NA,NA
597,DL,Aug-15,5,9,2015,NA,NA,NA,NA,NA,NA,NA,NA,NA,NA,NA,NA,NA,NA,NA,NA
598,DL,Aug-15,5,9,2015,NA,NA,NA,NA,NA,NA,NA,NA,NA,NA,NA,NA,NA,NA,NA,NA
599,DL,Aug-15,8,9,2015,NA,NA,NA,NA,NA,NA,NA,NA,NA,NA,NA,NA,NA,NA,NA,NA
600,DL,Aug-15,8,9,2015,NA,NA,NA,NA,NA,NA,NA,NA,NA,NA,NA,NA,NA,NA,NA,NA
601,DL,Aug-15,11,9,2015,14.1,14.6,0.047,0.05,7.3,10.2,63,13.7,0.114,0.55,22.9,11.7,3.1,5,NA,NA
602,DL,Aug-15,11,9,2015,NA,NA,NA,NA,NA,NA,NA,NA,NA,NA,NA,NA,NA,NA,NA,NA
603,DL,Aug-15,11,9,2015,NA,NA,NA,NA,NA,NA,NA,NA,NA,NA,NA,NA,NA,NA,NA,NA
604,DL,Aug-15,12,9,2015,NA,NA,NA,NA,NA,NA,NA,NA,NA,NA,NA,NA,NA,NA,NA,NA
605,DL,Aug-15,12,9,2015,NA,NA,NA,NA,NA,NA,NA,NA,NA,NA,NA,NA,NA,NA,NA,NA
606,DL,Aug-15,16,9,2015,NA,NA,NA,NA,NA,NA,NA,NA,NA,NA,NA,NA,NA,NA,NA,NA
607,DL,Aug-15,16,9,2015,NA,NA,NA,NA,NA,NA,NA,NA,NA,NA,NA,NA,NA,NA,NA,NA
608,DL,Aug-15,21,9,2015,NA,NA,NA,NA,NA,NA,NA,NA,NA,NA,NA,NA,NA,NA,NA,NA
609,DL,Aug-15,21,9,2015,NA,NA,NA,NA,NA,NA,NA,NA,NA,NA,NA,NA,NA,NA,NA,NA
610,DL,Aug-15,25,9,2015,NA,NA,NA,NA,NA,NA,NA,NA,NA,NA,NA,NA,NA,NA,NA,NA
611,DL,Aug-15,25,9,2015,NA,NA,NA,NA,NA,NA,NA,NA,NA,NA,NA,NA,NA,NA,NA,NA
612,DL,Aug-15,29,9,2015,NA,NA,NA,NA,NA,NA,NA,NA,NA,NA,NA,NA,NA,NA,NA,NA
613,DL,Aug-15,29,9,2015,NA,NA,NA,NA,NA,NA,NA,NA,NA,NA,NA,NA,NA,NA,NA,NA
614,DL,Sep-15,1,10,2015,NA,NA,NA,NA,NA,NA,NA,NA,NA,NA,NA,NA,NA,NA,NA,NA
615,DL,Sep-15,1,10,2015,NA,NA,NA,NA,NA,NA,NA,NA,NA,NA,NA,NA,NA,NA,NA,NA
616,DL,Sep-15,4,10,2015,NA,NA,NA,NA,NA,NA,NA,NA,NA,NA,NA,NA,NA,NA,NA,NA
617,DL,Sep-15,4,10,2015,NA,NA,NA,NA,NA,NA,NA,NA,NA,NA,NA,NA,NA,NA,NA,NA
618,DL,Sep-15,8,10,2015,NA,NA,NA,NA,NA,NA,NA,NA,NA,NA,NA,NA,NA,NA,NA,NA
619,DL,Sep-15,8,10,2015,NA,NA,NA,NA,NA,NA,NA,NA,NA,NA,NA,NA,NA,NA,NA,NA
620,DL,Sep-15,13,10,2015,NA,NA,NA,NA,NA,NA,NA,NA,NA,NA,NA,NA,NA,NA,NA,NA
621,DL,Sep-15,13,10,2015,NA,NA,NA,NA,NA,NA,NA,NA,NA,NA,NA,NA,NA,NA,NA,NA
622,DL,Sep-15,17,10,2015,NA,NA,NA,NA,NA,NA,NA,NA,NA,NA,NA,NA,NA,NA,NA,NA
623,DL,Sep-15,17,10,2015,NA,NA,NA,NA,NA,NA,NA,NA,NA,NA,NA,NA,NA,NA,NA,NA
624,DL,Sep-15,21,10,2015,NA,NA,NA,NA,NA,NA,NA,NA,NA,NA,NA,NA,NA,NA,NA,NA
625,DL,Sep-15,21,10,2015,NA,NA,NA,NA,NA,NA,NA,NA,NA,NA,NA,NA,NA,NA,NA,NA
626,DL,Sep-15,25,10,2015,NA,NA,NA,NA,NA,NA,NA,NA,NA,NA,NA,NA,NA,NA,NA,NA
627,DL,Sep-15,25,10,2015,NA,NA,NA,NA,NA,NA,NA,NA,NA,NA,NA,NA,NA,NA,NA,NA
628,DL,Sep-15,29,10,2015,NA,NA,NA,NA,NA,NA,NA,NA,NA,NA,NA,NA,NA,NA,NA,NA
629,DL,Sep-15,29,10,2015,NA,NA,NA,NA,NA,NA,NA,NA,NA,NA,NA,NA,NA,NA,NA,NA
630,DL,Jun-16,7,7,2016,19.6,26.6,0.049,0.23,9.5,57.3,862,19.9,0.188,7.21,110,17.4,3.4,41,NA,NA
631,DL,Jul-16,12,8,2016,16,16.7,0.053,0.06,7.6,15.5,160,20.1,0.117,1.34,42.5,18.9,2.2,11,NA,NA
632,DL,Aug-16,9,9,2016,13,15,0.031,0.03,6,8.4,36.3,9.6,0.05,0.23,6.8,2.54,2,3,NA,NA
633,DL,Jun-17,13,7,2017,22.8,91.5,0.145,1.86,41.2,538,9990,91.4,0.753,85.1,714,91.4,21.8,434,NA,NA
634,DL,Jul-17,11,8,2017,17.9,18.7,0.061,0.1,10.1,19,158,11.7,0.162,1.34,39.7,23.9,3.5,12,NA,NA
635,DL,Aug-17,15,9,2017,14.8,15,0.051,0.09,8.4,15,122,16.3,0.154,0.97,44,19.5,4.9,11,NA,NA
636,DL,Jun-18,6,7,2018,30.9,31.5,0.329,0.36,86.4,87.1,1310,49.5,10.4,10.8,103,106,64,68,NA,NA
637,DL,Jul-18,17,8,2018,17.8,23.2,0.069,0.14,9.8,26.5,310,15.1,0.109,2.26,48,20.3,5.3,19,NA,NA
638,DL,Aug-18,14,9,2018,18,18.8,0.077,0.09,9.6,14.4,78.2,17.4,0.113,0.66,26.1,17.7,4.3,7,NA,NA
639,DL,Jun-19,4,7,2019,16.1,30,0.078,0.32,12.8,90.3,1650,28.6,0.213,11.9,148,14.4,5.6,68,NA,NA
640,DL,Jul-19,16,8,2019,17.6,19.5,0.053,0.1,7.7,17.3,217,14.2,0.097,1.34,44.8,18,2.2,12,NA,NA
641,DL,Aug-19,20,9,2019,14.9,17.5,0.05,0.08,NA,16.2,137,14.4,0.126,1.05,44.8,22.2,4.2,10,NA,NA
642,DL,Sep-19,9,10,2019,16.8,26.8,0.051,0.48,8.5,97.5,1990,18.6,0.14,12.4,359,24.1,4.5,85,NA,NA
643,DL,Sep-19,9,10,2019,NA,NA,NA,NA,NA,NA,NA,NA,NA,NA,NA,NA,NA,NA,NA,NA
644,DL,Sep-19,10,10,2019,23.9,26.1,0.059,0.21,10.2,37.7,545,21.5,0.119,3.82,123,15.9,5.6,30,NA,NA
645,DL,Sep-19,10,10,2019,NA,NA,NA,NA,NA,NA,NA,NA,NA,NA,NA,NA,NA,NA,NA,NA
646,DL,Jun-20,2,7,2020,10.3,23.3,0.102,0.45,10.8,108,1590,33.1,0.275,13,170,16.2,7,82,NA,NA
647,DL,Jul-20,14,8,2020,12.1,15.8,0.091,0.14,7.3,24.2,312,16,0.095,2.06,46.9,17.2,3.6,48,NA,NA
648,DL,Aug-20,18,9,2020,13.2,13.9,0.074,0.11,6.2,12.2,90,10.3,0.076,0.7,37.2,23.4,3.9,8,NA,NA
649,DL,Jun-21,8,7,2021,9.3,15,0.086,0.23,6.1,54,863,18.2,0.151,6.24,107,17.2,4.6,39,NA,NA
650,DL,Jul-21,13,8,2021,13.2,13.6,0.053,0.07,6.6,10.9,83.5,21.2,0.427,0.78,56.7,46.8,3.7,6,NA,NA
651,DL,Aug-21,17,9,2021,13.2,13.3,0.113,0.09,6.7,11.1,84.4,17,0.131,0.75,44.3,24.5,2.4,8,NA,NA
652,DL,Jun-22,8,7,2022,12,24.4,0.196,0.5,6.6,92.4,1690,20.7,0.176,11.5,207,20.8,6.5,78,NA,NA
653,DL,Jul-22,13,8,2022,14.3,14.6,0.085,0.1,6.9,12.4,118,23.8,0.194,0.98,34.6,26.6,2.5,9,NA,NA
654,DL,Aug-22,17,9,2022,12.8,13.6,0.075,0.05,7.2,8.3,39.1,9.3,0.053,0.25,13.8,8.93,2,3,NA,NA
